timestamp_utc,temperature_c,pressure_hpa,humidity_percent
2025-12-21T10:25:12+00:00,17.88,1006.50,53.68
2025-12-21T10:25:27+00:00,17.73,1006.51,53.50
2025-12-21T10:25:42+00:00,17.58,1006.51,53.64
2025-12-21T10:25:57+00:00,17.44,1006.49,53.86
2025-12-21T10:26:12+00:00,17.30,1006.54,54.24
2025-12-21T10:26:27+00:00,17.19,1006.51,54.55
2025-12-21T10:26:42+00:00,17.12,1006.53,55.56
2025-12-21T10:26:57+00:00,17.25,1006.53,56.16
2025-12-21T10:27:12+00:00,17.44,1006.49,56.27
2025-12-21T10:27:27+00:00,17.67,1006.49,57.28
2025-12-21T10:27:42+00:00,17.85,1006.51,56.72
2025-12-21T10:27:57+00:00,18.04,1006.43,55.91
2025-12-21T10:28:12+00:00,18.24,1006.52,55.72
2025-12-21T10:28:27+00:00,18.42,1006.46,55.28
2025-12-21T10:28:42+00:00,18.58,1006.55,55.62
2025-12-21T10:28:57+00:00,18.76,1006.57,56.30
2025-12-21T10:29:12+00:00,18.98,1006.54,56.04
2025-12-21T10:29:27+00:00,19.22,1006.50,56.39
2025-12-21T10:29:42+00:00,19.45,1006.52,56.79
2025-12-21T10:29:57+00:00,19.59,1006.56,56.61
2025-12-21T10:30:12+00:00,19.71,1006.58,55.98
2025-12-21T10:30:27+00:00,19.79,1006.56,55.06
2025-12-21T10:30:42+00:00,19.91,1006.39,53.41
2025-12-21T10:30:57+00:00,19.93,1006.48,52.50
2025-12-21T10:31:12+00:00,19.89,1006.47,51.27
2025-12-21T10:31:27+00:00,19.90,1006.48,50.92
2025-12-21T10:31:42+00:00,19.87,1006.46,51.24
2025-12-21T10:31:57+00:00,19.78,1006.54,51.13
2025-12-21T10:32:12+00:00,19.70,1006.55,51.00
2025-12-21T10:32:27+00:00,19.70,1006.52,50.94
2025-12-21T10:32:42+00:00,19.67,1006.57,50.85
2025-12-21T10:32:57+00:00,19.61,1006.59,50.73
2025-12-21T10:33:12+00:00,19.59,1006.55,50.75
2025-12-21T10:33:27+00:00,19.67,1006.57,50.42
2025-12-21T10:33:42+00:00,19.77,1006.54,50.15
2025-12-21T10:33:57+00:00,19.85,1006.60,49.94
2025-12-21T10:34:12+00:00,19.93,1006.50,49.73
2025-12-21T10:34:27+00:00,19.99,1006.49,49.55
2025-12-21T10:34:42+00:00,20.02,1006.51,49.38
2025-12-21T10:34:57+00:00,19.96,1006.51,49.39
2025-12-21T10:35:12+00:00,19.85,1006.59,49.34
2025-12-21T10:35:27+00:00,19.77,1006.47,49.34
2025-12-21T10:35:42+00:00,19.72,1006.55,49.34
2025-12-21T10:35:57+00:00,19.74,1006.53,49.36
2025-12-21T10:36:12+00:00,19.76,1006.53,49.42
2025-12-21T10:36:27+00:00,19.75,1006.57,49.39
2025-12-21T10:36:42+00:00,19.70,1006.55,49.29
2025-12-21T10:36:57+00:00,19.69,1006.49,49.27
2025-12-21T10:37:12+00:00,19.71,1006.53,49.25
2025-12-21T10:37:27+00:00,19.75,1006.49,49.18
2025-12-21T10:37:42+00:00,19.85,1006.48,48.96
2025-12-21T10:37:57+00:00,19.94,1006.49,48.80
2025-12-21T10:38:12+00:00,20.03,1006.46,48.64
2025-12-21T10:38:27+00:00,20.10,1006.46,48.53
2025-12-21T10:38:42+00:00,20.18,1006.47,48.45
2025-12-21T10:38:57+00:00,20.23,1006.49,48.31
2025-12-21T10:39:12+00:00,20.29,1006.54,48.35
2025-12-21T10:39:27+00:00,20.34,1006.49,48.22
2025-12-21T10:39:42+00:00,20.38,1006.47,47.80
2025-12-21T10:39:57+00:00,20.42,1006.45,47.58
2025-12-21T10:40:12+00:00,20.46,1006.47,47.35
2025-12-21T10:40:27+00:00,20.51,1006.46,47.19
2025-12-21T10:40:42+00:00,20.55,1006.45,47.18
2025-12-21T10:40:57+00:00,20.58,1006.44,47.28
2025-12-21T10:41:12+00:00,20.62,1006.45,47.26
2025-12-21T10:41:27+00:00,20.67,1006.45,47.20
2025-12-21T10:41:42+00:00,20.72,1006.48,47.12
2025-12-21T10:41:57+00:00,20.78,1006.41,47.03
2025-12-21T10:42:12+00:00,20.83,1006.41,47.05
2025-12-21T10:42:27+00:00,20.88,1006.41,47.15
2025-12-21T10:42:42+00:00,20.95,1006.43,47.20
2025-12-21T10:42:57+00:00,21.01,1006.40,47.27
2025-12-21T10:43:12+00:00,21.07,1006.43,47.27
2025-12-21T10:43:27+00:00,21.11,1006.39,47.14
2025-12-21T10:43:42+00:00,21.16,1006.40,46.99
2025-12-21T10:43:57+00:00,21.23,1006.37,46.98
2025-12-21T10:44:12+00:00,21.32,1006.43,46.93
2025-12-21T10:44:27+00:00,21.39,1006.39,46.74
2025-12-21T10:44:42+00:00,21.46,1006.36,46.60
2025-12-21T10:44:57+00:00,21.51,1006.39,46.48
2025-12-21T10:45:12+00:00,21.55,1006.45,46.54
2025-12-21T10:45:27+00:00,21.57,1006.38,46.79
2025-12-21T10:45:42+00:00,21.59,1006.38,46.94
2025-12-21T10:45:57+00:00,21.60,1006.37,46.42
2025-12-21T10:46:12+00:00,21.62,1006.30,46.32
2025-12-21T10:46:27+00:00,21.66,1006.35,46.41
2025-12-21T10:46:42+00:00,21.70,1006.36,46.49
2025-12-21T10:46:57+00:00,21.74,1006.31,46.38
2025-12-21T10:47:12+00:00,21.78,1006.27,46.33
2025-12-21T10:47:27+00:00,21.83,1006.32,46.63
2025-12-21T10:47:42+00:00,21.87,1006.28,46.96
2025-12-21T10:47:57+00:00,21.92,1006.36,46.77
2025-12-21T10:48:12+00:00,21.98,1006.32,46.56
2025-12-21T10:48:27+00:00,21.98,1006.33,46.65
2025-12-21T10:48:42+00:00,22.02,1006.31,46.70
2025-12-21T10:48:57+00:00,22.03,1006.33,46.52
2025-12-21T10:49:12+00:00,22.03,1006.33,45.98
2025-12-21T10:49:27+00:00,22.04,1006.32,45.90
2025-12-21T10:49:42+00:00,22.03,1006.29,45.62
2025-12-21T10:49:57+00:00,22.02,1006.34,45.47
2025-12-21T10:50:12+00:00,22.02,1006.28,45.42
2025-12-21T10:50:27+00:00,22.02,1006.33,45.52
2025-12-21T10:50:42+00:00,22.02,1006.39,45.80
2025-12-21T10:50:57+00:00,22.02,1006.34,45.91
2025-12-21T10:51:12+00:00,22.03,1006.29,45.70
2025-12-21T10:51:27+00:00,22.03,1006.30,45.62
2025-12-21T10:51:42+00:00,22.05,1006.36,45.49
2025-12-21T10:51:57+00:00,22.06,1006.29,45.20
2025-12-21T10:52:12+00:00,22.07,1006.33,45.10
2025-12-21T10:52:27+00:00,22.06,1006.29,45.05
2025-12-21T10:52:42+00:00,22.06,1006.26,45.07
2025-12-21T10:52:57+00:00,22.05,1006.31,44.96
2025-12-21T10:53:12+00:00,22.04,1006.28,44.67
2025-12-21T10:53:27+00:00,22.04,1006.28,44.63
2025-12-21T10:53:42+00:00,22.04,1006.34,44.70
2025-12-21T10:53:57+00:00,22.05,1006.30,44.72
2025-12-21T10:54:12+00:00,22.05,1006.24,44.77
2025-12-21T10:54:27+00:00,22.05,1006.30,44.99
2025-12-21T10:54:42+00:00,22.03,1006.27,45.35
2025-12-21T10:54:57+00:00,22.03,1006.29,45.53
2025-12-21T10:55:12+00:00,22.01,1006.27,45.59
2025-12-21T10:55:27+00:00,21.98,1006.27,45.64
2025-12-21T10:55:42+00:00,21.98,1006.32,45.72
2025-12-21T10:55:57+00:00,21.96,1006.24,45.72
2025-12-21T10:56:12+00:00,21.95,1006.22,45.90
2025-12-21T10:56:27+00:00,21.95,1006.28,46.17
2025-12-21T10:56:42+00:00,21.95,1006.28,46.54
2025-12-21T10:56:57+00:00,21.96,1006.32,46.94
2025-12-21T10:57:12+00:00,21.97,1006.31,47.15
2025-12-21T10:57:27+00:00,21.97,1006.30,47.13
2025-12-21T10:57:42+00:00,21.98,1006.24,47.24
2025-12-21T10:57:57+00:00,21.99,1006.25,47.49
2025-12-21T10:58:12+00:00,22.01,1006.31,47.35
2025-12-21T10:58:27+00:00,22.04,1006.31,47.09
2025-12-21T10:58:42+00:00,22.08,1006.26,46.83
2025-12-21T10:58:57+00:00,22.13,1006.23,46.49
2025-12-21T10:59:12+00:00,22.18,1006.32,46.12
2025-12-21T10:59:27+00:00,22.21,1006.24,46.12
2025-12-21T10:59:42+00:00,22.24,1006.26,46.75
2025-12-21T10:59:57+00:00,22.25,1006.27,45.81
2025-12-21T11:00:12+00:00,22.26,1006.29,45.32
2025-12-21T11:00:27+00:00,22.26,1006.23,44.45
2025-12-21T11:00:42+00:00,22.24,1006.15,43.91
2025-12-21T11:00:57+00:00,22.24,1006.19,43.73
2025-12-21T11:01:12+00:00,22.22,1006.16,43.91
2025-12-21T11:01:27+00:00,22.19,1006.18,44.44
2025-12-21T11:01:42+00:00,22.19,1006.17,44.87
2025-12-21T11:01:57+00:00,22.16,1006.23,44.98
2025-12-21T11:02:12+00:00,22.15,1006.24,44.84
2025-12-21T11:02:27+00:00,22.13,1006.23,45.18
2025-12-21T11:02:42+00:00,22.11,1006.23,45.25
2025-12-21T11:02:57+00:00,22.10,1006.30,45.42
2025-12-21T11:03:12+00:00,22.10,1006.30,45.68
2025-12-21T11:03:27+00:00,22.11,1006.28,46.09
2025-12-21T11:03:42+00:00,22.12,1006.22,45.92
2025-12-21T11:03:57+00:00,22.13,1006.23,45.91
2025-12-21T11:04:12+00:00,22.12,1006.17,45.97
2025-12-21T11:04:27+00:00,22.11,1006.21,45.79
2025-12-21T11:04:42+00:00,22.10,1006.24,45.86
2025-12-21T11:04:57+00:00,22.08,1006.26,45.75
2025-12-21T11:05:12+00:00,22.03,1006.18,45.35
2025-12-21T11:05:27+00:00,21.98,1006.22,45.12
2025-12-21T11:05:42+00:00,21.95,1006.22,45.06
2025-12-21T11:05:57+00:00,21.92,1006.14,45.29
2025-12-21T11:06:12+00:00,21.88,1006.16,45.00
2025-12-21T11:06:27+00:00,21.86,1006.18,45.03
2025-12-21T11:06:42+00:00,21.84,1006.15,45.05
2025-12-21T11:06:57+00:00,21.82,1006.18,44.89
2025-12-21T11:07:12+00:00,21.77,1006.17,44.94
2025-12-21T11:07:27+00:00,21.76,1006.12,44.69
2025-12-21T11:07:42+00:00,21.73,1006.11,44.74
2025-12-21T11:07:57+00:00,21.72,1006.15,44.81
2025-12-21T11:08:12+00:00,21.71,1006.16,44.91
2025-12-21T11:08:27+00:00,21.70,1006.16,44.96
2025-12-21T11:08:42+00:00,21.69,1006.06,44.94
2025-12-21T11:08:57+00:00,21.69,1006.06,44.97
2025-12-21T11:09:12+00:00,21.70,1006.11,45.11
2025-12-21T11:09:27+00:00,21.71,1006.13,45.16
2025-12-21T11:09:42+00:00,21.74,1006.06,45.27
2025-12-21T11:09:57+00:00,21.76,1006.07,45.42
2025-12-21T11:10:12+00:00,21.80,1006.13,45.79
2025-12-21T11:10:27+00:00,21.83,1006.11,46.01
2025-12-21T11:10:42+00:00,21.87,1006.11,46.04
2025-12-21T11:10:57+00:00,21.87,1006.09,45.52
2025-12-21T11:11:12+00:00,21.88,1006.11,45.05
2025-12-21T11:11:27+00:00,21.91,1006.07,45.25
2025-12-21T11:11:42+00:00,21.93,1006.14,45.26
2025-12-21T11:11:57+00:00,21.96,1006.12,45.32
2025-12-21T11:12:12+00:00,22.01,1006.15,45.44
2025-12-21T11:12:27+00:00,22.03,1006.11,45.63
2025-12-21T11:12:42+00:00,22.06,1006.02,45.37
2025-12-21T11:12:57+00:00,22.09,1006.03,45.44
2025-12-21T11:13:12+00:00,22.11,1006.04,45.58
2025-12-21T11:13:27+00:00,22.16,1006.03,45.55
2025-12-21T11:13:42+00:00,22.20,1006.08,45.56
2025-12-21T11:13:57+00:00,22.23,1006.04,45.45
2025-12-21T11:14:12+00:00,22.24,1006.06,44.73
2025-12-21T11:14:27+00:00,22.25,1006.11,44.84
2025-12-21T11:14:42+00:00,22.29,1006.06,44.93
2025-12-21T11:14:57+00:00,22.32,1005.99,44.96
2025-12-21T11:15:12+00:00,22.33,1006.07,44.84
2025-12-21T11:15:27+00:00,22.35,1006.02,44.92
2025-12-21T11:15:42+00:00,22.37,1006.02,44.72
2025-12-21T11:15:57+00:00,22.37,1006.02,44.77
2025-12-21T11:16:12+00:00,22.38,1006.04,44.78
2025-12-21T11:16:27+00:00,22.40,1006.06,44.63
2025-12-21T11:16:42+00:00,22.42,1006.05,44.51
2025-12-21T11:16:57+00:00,22.51,1005.99,44.22
2025-12-21T11:17:12+00:00,22.63,1005.97,44.22
2025-12-21T11:17:27+00:00,22.74,1006.02,43.84
2025-12-21T11:17:42+00:00,22.85,1005.97,43.38
2025-12-21T11:17:57+00:00,22.94,1006.01,42.90
2025-12-21T11:18:12+00:00,22.98,1006.05,42.72
2025-12-21T11:18:27+00:00,23.00,1006.03,42.65
2025-12-21T11:18:42+00:00,23.01,1005.96,42.58
2025-12-21T11:18:57+00:00,23.04,1006.01,42.37
2025-12-21T11:19:12+00:00,23.08,1005.96,42.29
2025-12-21T11:19:27+00:00,23.13,1005.92,42.40
2025-12-21T11:19:42+00:00,23.21,1005.94,42.56
2025-12-21T11:19:57+00:00,23.29,1005.99,42.51
2025-12-21T11:20:12+00:00,23.33,1006.01,42.56
2025-12-21T11:20:27+00:00,23.34,1006.00,42.62
2025-12-21T11:20:42+00:00,23.30,1005.98,42.80
2025-12-21T11:20:57+00:00,23.24,1005.94,43.17
2025-12-21T11:21:12+00:00,23.21,1005.97,43.62
2025-12-21T11:21:27+00:00,23.16,1005.95,43.47
2025-12-21T11:21:42+00:00,23.13,1005.93,43.24
2025-12-21T11:21:57+00:00,23.11,1005.92,43.45
2025-12-21T11:22:12+00:00,23.08,1005.97,43.45
2025-12-21T11:22:27+00:00,23.08,1005.94,43.75
2025-12-21T11:22:42+00:00,23.07,1005.95,43.89
2025-12-21T11:22:57+00:00,23.08,1005.99,43.73
2025-12-21T11:23:12+00:00,23.12,1005.91,43.85
2025-12-21T11:23:27+00:00,23.16,1005.92,43.90
2025-12-21T11:23:42+00:00,23.24,1005.97,43.77
2025-12-21T11:23:57+00:00,23.35,1005.98,43.23
2025-12-21T11:24:12+00:00,23.45,1005.92,42.95
2025-12-21T11:24:27+00:00,23.58,1005.97,42.73
2025-12-21T11:24:42+00:00,23.73,1005.97,42.59
2025-12-21T11:24:57+00:00,23.93,1005.90,42.13
2025-12-21T11:25:12+00:00,24.06,1005.84,41.64
2025-12-21T11:25:27+00:00,24.15,1005.93,41.30
2025-12-21T11:25:42+00:00,24.16,1005.84,41.01
2025-12-21T11:25:57+00:00,24.17,1005.80,40.65
2025-12-21T11:26:12+00:00,24.21,1005.84,40.69
2025-12-21T11:26:27+00:00,24.30,1005.81,41.02
2025-12-21T11:26:42+00:00,24.40,1005.82,41.02
2025-12-21T11:26:57+00:00,24.50,1005.84,41.44
2025-12-21T11:27:12+00:00,24.56,1005.93,41.75
2025-12-21T11:27:27+00:00,24.59,1005.93,41.99
2025-12-21T11:27:42+00:00,24.61,1005.90,42.38
2025-12-21T11:27:57+00:00,24.63,1005.87,42.60
2025-12-21T11:28:12+00:00,24.64,1005.87,42.54
2025-12-21T11:28:27+00:00,24.64,1005.84,42.40
2025-12-21T11:28:42+00:00,24.63,1005.90,42.47
2025-12-21T11:28:57+00:00,24.61,1005.84,42.47
2025-12-21T11:29:12+00:00,24.61,1005.79,42.49
2025-12-21T11:29:27+00:00,24.68,1005.91,42.47
2025-12-21T11:29:42+00:00,24.77,1005.88,42.34
2025-12-21T11:29:57+00:00,24.87,1005.91,42.13
2025-12-21T11:30:12+00:00,24.94,1005.85,41.93
2025-12-21T11:30:27+00:00,24.94,1005.91,42.13
2025-12-21T11:30:42+00:00,24.91,1005.89,42.15
2025-12-21T11:30:57+00:00,24.87,1005.89,41.71
2025-12-21T11:31:12+00:00,24.82,1005.85,41.20
2025-12-21T11:31:27+00:00,24.77,1005.91,41.13
2025-12-21T11:31:42+00:00,24.74,1005.92,41.08
2025-12-21T11:31:57+00:00,24.73,1005.87,40.91
2025-12-21T11:32:12+00:00,24.75,1005.88,40.66
2025-12-21T11:32:27+00:00,24.83,1005.85,40.28
2025-12-21T11:32:42+00:00,24.93,1005.87,40.23
2025-12-21T11:32:57+00:00,25.02,1005.87,40.39
2025-12-21T11:33:12+00:00,25.07,1005.82,40.44
2025-12-21T11:33:27+00:00,25.13,1005.83,40.31
2025-12-21T11:33:42+00:00,25.15,1005.86,40.09
2025-12-21T11:33:57+00:00,25.15,1005.89,39.95
2025-12-21T11:34:12+00:00,25.14,1005.82,39.78
2025-12-21T11:34:27+00:00,25.11,1005.77,39.69
2025-12-21T11:34:42+00:00,25.07,1005.77,39.74
2025-12-21T11:34:57+00:00,25.05,1005.78,39.55
2025-12-21T11:35:12+00:00,25.00,1005.82,40.00
2025-12-21T11:35:27+00:00,24.97,1005.85,40.15
2025-12-21T11:35:42+00:00,24.92,1005.80,39.71
2025-12-21T11:35:57+00:00,24.90,1005.87,39.64
2025-12-21T11:36:12+00:00,24.89,1005.83,39.46
2025-12-21T11:36:27+00:00,24.90,1005.82,39.23
2025-12-21T11:36:42+00:00,24.95,1005.79,39.01
2025-12-21T11:36:57+00:00,25.05,1005.84,38.90
2025-12-21T11:37:12+00:00,25.19,1005.80,38.88
2025-12-21T11:37:27+00:00,25.35,1005.85,39.02
2025-12-21T11:37:42+00:00,25.49,1005.75,39.16
2025-12-21T11:37:57+00:00,25.61,1005.76,39.31
2025-12-21T11:38:12+00:00,25.74,1005.77,39.76
2025-12-21T11:38:27+00:00,25.89,1005.77,39.75
2025-12-21T11:38:42+00:00,26.02,1005.77,39.37
2025-12-21T11:38:57+00:00,26.13,1005.76,39.21
2025-12-21T11:39:12+00:00,26.23,1005.78,38.99
2025-12-21T11:39:27+00:00,26.33,1005.75,38.72
2025-12-21T11:39:42+00:00,26.47,1005.76,38.51
2025-12-21T11:39:57+00:00,26.61,1005.82,37.92
2025-12-21T11:40:12+00:00,26.69,1005.73,37.59
2025-12-21T11:40:27+00:00,26.75,1005.79,37.62
2025-12-21T11:40:42+00:00,26.80,1005.73,37.43
2025-12-21T11:40:57+00:00,26.87,1005.82,37.24
2025-12-21T11:41:12+00:00,26.92,1005.74,36.98
2025-12-21T11:41:27+00:00,26.96,1005.81,36.93
2025-12-21T11:41:42+00:00,26.92,1005.82,37.02
2025-12-21T11:41:57+00:00,26.83,1005.87,37.08
2025-12-21T11:42:12+00:00,26.73,1005.79,36.95
2025-12-21T11:42:27+00:00,26.69,1005.78,36.57
2025-12-21T11:42:42+00:00,26.69,1005.81,36.66
2025-12-21T11:42:57+00:00,26.69,1005.81,36.84
2025-12-21T11:43:12+00:00,26.65,1005.78,37.10
2025-12-21T11:43:27+00:00,26.58,1005.77,37.41
2025-12-21T11:43:42+00:00,26.49,1005.76,37.51
2025-12-21T11:43:57+00:00,26.42,1005.73,37.65
2025-12-21T11:44:12+00:00,26.37,1005.82,37.43
2025-12-21T11:44:27+00:00,26.36,1005.74,37.40
2025-12-21T11:44:42+00:00,26.35,1005.75,37.57
2025-12-21T11:44:57+00:00,26.33,1005.70,37.77
2025-12-21T11:45:12+00:00,26.34,1005.74,37.84
2025-12-21T11:45:27+00:00,26.38,1005.76,38.25
2025-12-21T11:45:42+00:00,26.48,1005.77,38.17
2025-12-21T11:45:57+00:00,26.61,1005.76,37.99
2025-12-21T11:46:12+00:00,26.75,1005.82,38.04
2025-12-21T11:46:27+00:00,26.87,1005.74,37.44
2025-12-21T11:46:42+00:00,26.94,1005.79,37.16
2025-12-21T11:46:57+00:00,26.94,1005.74,37.06
2025-12-21T11:47:12+00:00,26.93,1005.84,36.90
2025-12-21T11:47:27+00:00,26.97,1005.76,36.67
2025-12-21T11:47:42+00:00,27.08,1005.81,36.35
2025-12-21T11:47:57+00:00,27.20,1005.83,36.21
2025-12-21T11:48:12+00:00,27.39,1005.84,35.88
2025-12-21T11:48:27+00:00,27.51,1005.77,35.64
2025-12-21T11:48:42+00:00,27.61,1005.82,35.35
2025-12-21T11:48:57+00:00,27.66,1005.85,35.32
2025-12-21T11:49:12+00:00,27.62,1005.82,35.77
2025-12-21T11:49:27+00:00,27.57,1005.84,35.84
2025-12-21T11:49:42+00:00,27.56,1005.80,35.89
2025-12-21T11:49:57+00:00,27.56,1005.80,35.77
2025-12-21T11:50:12+00:00,27.66,1005.79,35.44
2025-12-21T11:50:27+00:00,27.80,1005.77,35.02
2025-12-21T11:50:42+00:00,27.99,1005.78,34.66
2025-12-21T11:50:57+00:00,28.17,1005.79,34.24
2025-12-21T11:51:12+00:00,28.28,1005.80,33.96
2025-12-21T11:51:27+00:00,28.32,1005.75,34.03
2025-12-21T11:51:42+00:00,28.29,1005.81,33.99
2025-12-21T11:51:57+00:00,28.21,1005.80,33.99
2025-12-21T11:52:12+00:00,28.13,1005.83,34.09
2025-12-21T11:52:27+00:00,28.09,1005.72,34.22
2025-12-21T11:52:42+00:00,28.12,1005.83,34.36
2025-12-21T11:52:57+00:00,28.20,1005.78,34.29
2025-12-21T11:53:12+00:00,28.30,1005.80,34.30
2025-12-21T11:53:27+00:00,28.47,1005.74,34.16
2025-12-21T11:53:42+00:00,28.61,1005.75,34.11
2025-12-21T11:53:57+00:00,28.75,1005.78,34.30
2025-12-21T11:54:12+00:00,28.77,1005.75,34.67
2025-12-21T11:54:27+00:00,28.71,1005.78,34.81
2025-12-21T11:54:42+00:00,28.67,1005.76,34.71
2025-12-21T11:54:57+00:00,28.70,1005.78,34.53
2025-12-21T11:55:12+00:00,28.77,1005.76,34.55
2025-12-21T11:55:27+00:00,28.94,1005.75,34.56
2025-12-21T11:55:42+00:00,29.15,1005.72,34.42
2025-12-21T11:55:57+00:00,29.38,1005.82,34.55
2025-12-21T11:56:12+00:00,29.55,1005.80,34.53
2025-12-21T11:56:27+00:00,29.72,1005.73,34.16
2025-12-21T11:56:42+00:00,29.88,1005.80,33.85
2025-12-21T11:56:57+00:00,30.04,1005.78,33.77
2025-12-21T11:57:12+00:00,30.20,1005.76,34.02
2025-12-21T11:57:27+00:00,30.34,1005.72,34.29
2025-12-21T11:57:42+00:00,30.42,1005.86,33.75
2025-12-21T11:57:57+00:00,30.43,1005.79,32.91
2025-12-21T11:58:12+00:00,30.32,1005.78,32.68
2025-12-21T11:58:27+00:00,30.29,1005.76,32.79
2025-12-21T11:58:42+00:00,30.32,1005.78,32.69
2025-12-21T11:58:57+00:00,30.38,1005.78,32.42
2025-12-21T11:59:12+00:00,30.44,1005.82,32.19
2025-12-21T11:59:27+00:00,30.51,1005.78,32.11
2025-12-21T11:59:42+00:00,30.62,1005.81,32.16
2025-12-21T11:59:57+00:00,30.73,1005.74,32.39
2025-12-21T12:00:12+00:00,30.85,1005.79,32.46
2025-12-21T12:00:27+00:00,30.97,1005.76,32.36
2025-12-21T12:00:42+00:00,31.08,1005.77,32.16
2025-12-21T12:00:57+00:00,31.19,1005.84,32.00
2025-12-21T12:01:12+00:00,31.29,1005.86,32.00
2025-12-21T12:01:27+00:00,31.43,1005.77,32.06
2025-12-21T12:01:42+00:00,31.50,1005.83,31.69
2025-12-21T12:01:57+00:00,31.61,1005.82,31.38
2025-12-21T12:02:12+00:00,31.66,1005.79,31.16
2025-12-21T12:02:27+00:00,31.74,1005.84,30.94
2025-12-21T12:02:42+00:00,31.79,1005.81,30.70
2025-12-21T12:02:57+00:00,31.84,1005.79,30.75
2025-12-21T12:03:12+00:00,31.86,1005.82,30.80
2025-12-21T12:03:27+00:00,31.83,1005.81,30.99
2025-12-21T12:03:42+00:00,31.81,1005.85,31.20
2025-12-21T12:03:57+00:00,31.81,1005.77,30.92
2025-12-21T12:04:12+00:00,31.85,1005.80,30.93
2025-12-21T12:04:27+00:00,31.92,1005.81,31.03
2025-12-21T12:04:42+00:00,32.00,1005.82,31.28
2025-12-21T12:04:57+00:00,32.11,1005.76,31.12
2025-12-21T12:05:12+00:00,32.26,1005.72,30.89
2025-12-21T12:05:27+00:00,32.43,1005.77,30.61
2025-12-21T12:05:42+00:00,32.60,1005.78,30.57
2025-12-21T12:05:57+00:00,32.77,1005.75,30.40
2025-12-21T12:06:12+00:00,32.94,1005.72,30.25
2025-12-21T12:06:27+00:00,33.08,1005.73,30.07
2025-12-21T12:06:42+00:00,33.25,1005.79,29.82
2025-12-21T12:06:57+00:00,33.38,1005.80,30.15
2025-12-21T12:07:12+00:00,33.50,1005.72,30.13
2025-12-21T12:07:27+00:00,33.63,1005.79,30.14
2025-12-21T12:07:42+00:00,33.74,1005.78,30.06
2025-12-21T12:07:57+00:00,33.88,1005.77,29.67
2025-12-21T12:08:12+00:00,33.98,1005.82,28.80
2025-12-21T12:08:27+00:00,34.04,1005.78,28.37
2025-12-21T12:08:42+00:00,34.08,1005.81,28.26
2025-12-21T12:08:57+00:00,34.12,1005.76,28.16
2025-12-21T12:09:12+00:00,34.02,1005.76,28.19
2025-12-21T12:09:27+00:00,33.98,1005.76,28.23
2025-12-21T12:09:42+00:00,33.88,1005.77,28.39
2025-12-21T12:09:57+00:00,33.74,1005.83,28.62
2025-12-21T12:10:12+00:00,33.60,1005.77,28.69
2025-12-21T12:10:27+00:00,33.46,1005.80,28.77
2025-12-21T12:10:42+00:00,33.35,1005.79,28.98
2025-12-21T12:10:57+00:00,33.08,1005.70,28.89
2025-12-21T12:11:12+00:00,32.91,1005.84,28.99
2025-12-21T12:11:27+00:00,32.63,1005.67,29.24
2025-12-21T12:11:42+00:00,32.46,1005.76,29.46
2025-12-21T12:11:57+00:00,32.28,1005.73,29.74
2025-12-21T12:12:12+00:00,32.10,1005.79,30.04
2025-12-21T12:12:27+00:00,31.93,1005.77,30.43
2025-12-21T12:12:42+00:00,31.75,1005.71,30.96
2025-12-21T12:12:57+00:00,31.62,1005.73,31.23
2025-12-21T12:13:12+00:00,31.51,1005.65,31.72
2025-12-21T12:13:27+00:00,31.48,1005.72,31.79
2025-12-21T12:13:42+00:00,31.47,1005.76,31.81
2025-12-21T12:13:57+00:00,31.54,1005.71,31.35
2025-12-21T12:14:12+00:00,31.64,1005.72,30.79
2025-12-21T12:14:27+00:00,31.73,1005.74,30.66
2025-12-21T12:14:42+00:00,31.81,1005.78,30.37
2025-12-21T12:14:57+00:00,31.84,1005.68,30.19
2025-12-21T12:15:12+00:00,31.86,1005.72,30.01
2025-12-21T12:15:27+00:00,31.87,1005.67,30.08
2025-12-21T12:15:42+00:00,31.79,1005.67,30.26
2025-12-21T12:15:57+00:00,31.60,1005.74,30.41
2025-12-21T12:16:12+00:00,31.56,1005.74,30.48
2025-12-21T12:16:27+00:00,31.49,1005.70,30.62
2025-12-21T12:16:42+00:00,31.38,1005.73,30.71
2025-12-21T12:16:57+00:00,31.36,1005.70,30.67
2025-12-21T12:17:12+00:00,31.31,1005.67,30.61
2025-12-21T12:17:27+00:00,31.16,1005.76,30.60
2025-12-21T12:17:42+00:00,31.20,1005.69,30.50
2025-12-21T12:17:57+00:00,31.17,1005.70,30.44
2025-12-21T12:18:12+00:00,31.11,1005.68,30.60
2025-12-21T12:18:27+00:00,30.97,1005.63,30.78
2025-12-21T12:18:42+00:00,30.91,1005.61,30.89
2025-12-21T12:18:57+00:00,30.87,1005.69,31.10
2025-12-21T12:19:12+00:00,30.79,1005.58,31.29
2025-12-21T12:19:27+00:00,30.71,1005.59,31.47
2025-12-21T12:19:42+00:00,30.66,1005.59,31.62
2025-12-21T12:19:57+00:00,30.64,1005.54,31.48
2025-12-21T12:20:12+00:00,30.62,1005.61,31.51
2025-12-21T12:20:27+00:00,30.55,1005.61,31.53
2025-12-21T12:20:42+00:00,30.49,1005.57,31.55
2025-12-21T12:20:57+00:00,30.41,1005.61,31.73
2025-12-21T12:21:12+00:00,30.30,1005.58,31.86
2025-12-21T12:21:27+00:00,30.18,1005.58,32.15
2025-12-21T12:21:42+00:00,30.04,1005.54,32.58
2025-12-21T12:21:57+00:00,29.86,1005.57,32.56
2025-12-21T12:22:12+00:00,29.74,1005.70,32.66
2025-12-21T12:22:27+00:00,29.57,1005.54,33.01
2025-12-21T12:22:42+00:00,29.41,1005.53,32.87
2025-12-21T12:22:57+00:00,29.19,1005.54,32.94
2025-12-21T12:23:12+00:00,29.06,1005.56,33.23
2025-12-21T12:23:27+00:00,28.90,1005.53,33.60
2025-12-21T12:23:42+00:00,28.74,1005.52,33.77
2025-12-21T12:23:57+00:00,28.57,1005.51,33.79
2025-12-21T12:24:12+00:00,28.49,1005.53,33.90
2025-12-21T12:24:27+00:00,28.30,1005.55,34.01
2025-12-21T12:24:42+00:00,28.02,1005.49,34.09
2025-12-21T12:24:57+00:00,27.88,1005.59,34.43
2025-12-21T12:25:12+00:00,27.65,1005.47,34.58
2025-12-21T12:25:27+00:00,27.43,1005.53,34.92
2025-12-21T12:25:42+00:00,27.17,1005.54,34.87
2025-12-21T12:25:57+00:00,26.94,1005.52,35.03
2025-12-21T12:26:12+00:00,26.83,1005.51,35.38
2025-12-21T12:26:27+00:00,26.69,1005.46,35.70
2025-12-21T12:26:42+00:00,26.50,1005.47,35.84
2025-12-21T12:26:57+00:00,26.27,1005.48,36.04
2025-12-21T12:27:12+00:00,26.09,1005.39,36.25
2025-12-21T12:27:27+00:00,25.93,1005.42,36.46
2025-12-21T12:27:42+00:00,25.84,1005.48,36.70
2025-12-21T12:27:57+00:00,25.78,1005.42,36.99
2025-12-21T12:28:12+00:00,25.75,1005.48,37.32
2025-12-21T12:28:27+00:00,25.77,1005.45,37.46
2025-12-21T12:28:42+00:00,25.79,1005.44,37.40
2025-12-21T12:28:57+00:00,25.81,1005.46,37.26
2025-12-21T12:29:12+00:00,25.80,1005.43,37.37
2025-12-21T12:29:27+00:00,25.73,1005.42,37.45
2025-12-21T12:29:42+00:00,25.74,1005.44,37.37
2025-12-21T12:29:57+00:00,25.73,1005.33,37.35
2025-12-21T12:30:12+00:00,25.71,1005.38,37.58
2025-12-21T12:30:27+00:00,25.57,1005.35,37.60
2025-12-21T12:30:42+00:00,25.42,1005.41,37.73
2025-12-21T12:30:57+00:00,25.29,1005.34,37.79
2025-12-21T12:31:12+00:00,25.20,1005.33,37.65
2025-12-21T12:31:27+00:00,25.11,1005.41,38.03
2025-12-21T12:31:42+00:00,25.02,1005.34,38.21
2025-12-21T12:31:57+00:00,25.00,1005.45,38.14
2025-12-21T12:32:12+00:00,24.99,1005.39,38.31
2025-12-21T12:32:27+00:00,24.91,1005.44,38.17
2025-12-21T12:32:42+00:00,24.84,1005.38,38.24
2025-12-21T12:32:57+00:00,24.74,1005.34,38.56
2025-12-21T12:33:12+00:00,24.66,1005.34,38.83
2025-12-21T12:33:27+00:00,24.52,1005.32,38.80
2025-12-21T12:33:42+00:00,24.41,1005.31,38.69
2025-12-21T12:33:57+00:00,24.34,1005.32,38.90
2025-12-21T12:34:12+00:00,24.26,1005.31,39.09
2025-12-21T12:34:27+00:00,24.21,1005.33,39.12
2025-12-21T12:34:42+00:00,24.18,1005.40,39.27
2025-12-21T12:34:57+00:00,24.18,1005.37,39.57
2025-12-21T12:35:12+00:00,24.19,1005.38,39.61
2025-12-21T12:35:27+00:00,24.18,1005.32,39.53
2025-12-21T12:35:42+00:00,24.20,1005.35,39.60
2025-12-21T12:35:57+00:00,24.21,1005.33,39.73
2025-12-21T12:36:12+00:00,24.23,1005.34,39.94
2025-12-21T12:36:27+00:00,24.25,1005.37,39.80
2025-12-21T12:36:42+00:00,24.25,1005.32,39.77
2025-12-21T12:36:57+00:00,24.27,1005.38,39.77
2025-12-21T12:37:12+00:00,24.23,1005.33,40.06
2025-12-21T12:37:27+00:00,24.25,1005.31,40.07
2025-12-21T12:37:42+00:00,24.25,1005.38,40.27
2025-12-21T12:37:57+00:00,24.16,1005.31,40.15
2025-12-21T12:38:12+00:00,24.19,1005.30,39.99
2025-12-21T12:38:27+00:00,24.20,1005.34,39.88
2025-12-21T12:38:42+00:00,24.23,1005.34,39.92
2025-12-21T12:38:57+00:00,24.26,1005.28,39.73
2025-12-21T12:39:12+00:00,24.24,1005.30,39.68
2025-12-21T12:39:27+00:00,24.26,1005.34,39.85
2025-12-21T12:39:42+00:00,24.28,1005.31,39.78
2025-12-21T12:39:57+00:00,24.31,1005.28,39.88
2025-12-21T12:40:12+00:00,24.35,1005.26,39.97
2025-12-21T12:40:27+00:00,24.41,1005.24,39.93
2025-12-21T12:40:42+00:00,24.49,1005.27,39.85
2025-12-21T12:40:57+00:00,24.60,1005.27,39.83
2025-12-21T12:41:12+00:00,24.71,1005.26,39.99
2025-12-21T12:41:27+00:00,24.84,1005.30,39.43
2025-12-21T12:41:42+00:00,24.95,1005.34,39.09
2025-12-21T12:41:57+00:00,25.06,1005.24,38.70
2025-12-21T12:42:12+00:00,25.18,1005.28,38.58
2025-12-21T12:42:27+00:00,25.29,1005.29,38.65
2025-12-21T12:42:42+00:00,25.39,1005.26,38.56
2025-12-21T12:42:57+00:00,25.49,1005.24,38.39
2025-12-21T12:43:12+00:00,25.56,1005.22,38.07
2025-12-21T12:43:27+00:00,25.65,1005.28,37.90
2025-12-21T12:43:42+00:00,25.72,1005.26,37.77
2025-12-21T12:43:57+00:00,25.78,1005.25,37.59
2025-12-21T12:44:12+00:00,25.80,1005.29,37.54
2025-12-21T12:44:27+00:00,25.83,1005.33,37.48
2025-12-21T12:44:42+00:00,25.78,1005.20,37.56
2025-12-21T12:44:57+00:00,25.73,1005.25,37.78
2025-12-21T12:45:12+00:00,25.68,1005.23,38.13
2025-12-21T12:45:27+00:00,25.61,1005.25,38.43
2025-12-21T12:45:42+00:00,25.55,1005.24,38.58
2025-12-21T12:45:57+00:00,25.42,1005.28,38.99
2025-12-21T12:46:12+00:00,25.45,1005.27,38.97
2025-12-21T12:46:27+00:00,25.46,1005.18,38.42
2025-12-21T12:46:42+00:00,25.49,1005.20,38.24
2025-12-21T12:46:57+00:00,25.55,1005.20,38.32
2025-12-21T12:47:12+00:00,25.60,1005.29,38.33
2025-12-21T12:47:27+00:00,25.69,1005.22,38.16
2025-12-21T12:47:42+00:00,25.75,1005.25,37.96
2025-12-21T12:47:57+00:00,25.83,1005.30,37.78
2025-12-21T12:48:12+00:00,25.91,1005.24,37.71
2025-12-21T12:48:27+00:00,26.02,1005.19,37.55
2025-12-21T12:48:42+00:00,26.15,1005.18,37.40
2025-12-21T12:48:57+00:00,26.28,1005.20,37.36
2025-12-21T12:49:12+00:00,26.42,1005.23,37.11
2025-12-21T12:49:27+00:00,26.58,1005.22,36.87
2025-12-21T12:49:42+00:00,26.72,1005.17,36.58
2025-12-21T12:49:57+00:00,26.82,1005.24,36.48
2025-12-21T12:50:12+00:00,26.91,1005.31,36.57
2025-12-21T12:50:27+00:00,27.00,1005.15,36.46
2025-12-21T12:50:42+00:00,27.14,1005.18,36.18
2025-12-21T12:50:57+00:00,27.30,1005.22,36.31
2025-12-21T12:51:12+00:00,27.45,1005.18,36.18
2025-12-21T12:51:27+00:00,27.61,1005.27,36.23
2025-12-21T12:51:42+00:00,27.74,1005.20,36.29
2025-12-21T12:51:57+00:00,27.88,1005.17,36.00
2025-12-21T12:52:12+00:00,28.01,1005.20,35.71
2025-12-21T12:52:27+00:00,28.15,1005.14,35.49
2025-12-21T12:52:42+00:00,28.30,1005.21,34.97
2025-12-21T12:52:57+00:00,28.42,1005.22,34.55
2025-12-21T12:53:12+00:00,28.57,1005.20,34.39
2025-12-21T12:53:27+00:00,28.72,1005.18,34.41
2025-12-21T12:53:42+00:00,28.84,1005.18,34.42
2025-12-21T12:53:57+00:00,28.95,1005.21,34.47
2025-12-21T12:54:12+00:00,29.02,1005.26,34.43
2025-12-21T12:54:27+00:00,29.04,1005.27,34.19
2025-12-21T12:54:42+00:00,29.05,1005.20,34.33
2025-12-21T12:54:57+00:00,29.06,1005.21,34.27
2025-12-21T12:55:12+00:00,29.06,1005.19,34.24
2025-12-21T12:55:27+00:00,29.06,1005.21,34.05
2025-12-21T12:55:42+00:00,29.02,1005.21,34.04
2025-12-21T12:55:57+00:00,29.00,1005.23,34.34
2025-12-21T12:56:12+00:00,28.96,1005.17,34.46
2025-12-21T12:56:27+00:00,28.95,1005.20,34.43
2025-12-21T12:56:42+00:00,28.99,1005.27,34.52
2025-12-21T12:56:57+00:00,29.02,1005.27,34.68
2025-12-21T12:57:12+00:00,29.07,1005.21,34.57
2025-12-21T12:57:27+00:00,29.16,1005.21,34.54
2025-12-21T12:57:42+00:00,29.24,1005.20,34.45
2025-12-21T12:57:57+00:00,29.35,1005.30,34.32
2025-12-21T12:58:12+00:00,29.46,1005.26,34.34
2025-12-21T12:58:27+00:00,29.57,1005.15,34.12
2025-12-21T12:58:42+00:00,29.69,1005.15,34.01
2025-12-21T12:58:57+00:00,29.80,1005.22,33.79
2025-12-21T12:59:12+00:00,29.89,1005.19,33.73
2025-12-21T12:59:27+00:00,29.95,1005.21,33.89
2025-12-21T12:59:42+00:00,30.01,1005.19,33.94
2025-12-21T12:59:57+00:00,30.07,1005.18,33.28
2025-12-21T13:00:12+00:00,30.17,1005.20,32.99
2025-12-21T13:00:27+00:00,30.29,1005.26,32.75
2025-12-21T13:00:42+00:00,30.42,1005.17,32.55
2025-12-21T13:00:57+00:00,30.55,1005.22,32.37
2025-12-21T13:01:12+00:00,30.68,1005.16,32.28
2025-12-21T13:01:27+00:00,30.79,1005.22,32.40
2025-12-21T13:01:42+00:00,30.88,1005.19,32.08
2025-12-21T13:01:57+00:00,30.91,1005.25,31.86
2025-12-21T13:02:12+00:00,30.92,1005.26,31.68
2025-12-21T13:02:27+00:00,30.90,1005.23,31.53
2025-12-21T13:02:42+00:00,30.90,1005.23,31.62
2025-12-21T13:02:57+00:00,30.88,1005.19,31.81
2025-12-21T13:03:12+00:00,30.88,1005.20,31.99
2025-12-21T13:03:27+00:00,30.86,1005.25,32.28
2025-12-21T13:03:42+00:00,30.85,1005.20,32.37
2025-12-21T13:03:57+00:00,30.83,1005.20,32.25
2025-12-21T13:04:12+00:00,30.84,1005.19,32.18
2025-12-21T13:04:27+00:00,30.86,1005.22,32.11
2025-12-21T13:04:42+00:00,30.87,1005.18,32.17
2025-12-21T13:04:57+00:00,30.87,1005.21,32.28
2025-12-21T13:05:12+00:00,30.86,1005.25,32.17
2025-12-21T13:05:27+00:00,30.81,1005.19,31.82
2025-12-21T13:05:42+00:00,30.75,1005.18,31.74
2025-12-21T13:05:57+00:00,30.66,1005.20,31.81
2025-12-21T13:06:12+00:00,30.56,1005.18,31.70
2025-12-21T13:06:27+00:00,30.33,1005.10,31.68
2025-12-21T13:06:42+00:00,30.16,1005.19,31.78
2025-12-21T13:06:57+00:00,30.00,1005.18,31.92
2025-12-21T13:07:12+00:00,29.90,1005.18,31.98
2025-12-21T13:07:27+00:00,29.81,1005.15,32.02
2025-12-21T13:07:42+00:00,29.71,1005.10,32.09
2025-12-21T13:07:57+00:00,29.62,1005.12,32.24
2025-12-21T13:08:12+00:00,29.53,1005.09,32.39
2025-12-21T13:08:27+00:00,29.38,1005.23,32.49
2025-12-21T13:08:42+00:00,29.31,1005.14,32.70
2025-12-21T13:08:57+00:00,29.19,1005.15,32.96
2025-12-21T13:09:12+00:00,29.07,1005.15,33.15
2025-12-21T13:09:27+00:00,28.95,1005.14,33.38
2025-12-21T13:09:42+00:00,28.85,1005.16,33.57
2025-12-21T13:09:57+00:00,28.76,1005.16,33.78
2025-12-21T13:10:12+00:00,28.71,1005.18,33.98
2025-12-21T13:10:27+00:00,28.63,1005.14,34.28
2025-12-21T13:10:42+00:00,28.60,1005.20,34.37
2025-12-21T13:10:57+00:00,28.57,1005.15,34.55
2025-12-21T13:11:12+00:00,28.54,1005.16,34.68
2025-12-21T13:11:27+00:00,28.50,1005.15,34.77
2025-12-21T13:11:42+00:00,28.47,1005.10,34.81
2025-12-21T13:11:57+00:00,28.43,1005.09,34.91
2025-12-21T13:12:12+00:00,28.40,1005.10,35.09
2025-12-21T13:12:27+00:00,28.36,1005.17,35.17
2025-12-21T13:12:42+00:00,28.31,1005.12,35.41
2025-12-21T13:12:57+00:00,28.28,1005.16,35.84
2025-12-21T13:13:12+00:00,28.28,1005.10,35.74
2025-12-21T13:13:27+00:00,28.29,1005.09,35.57
2025-12-21T13:13:42+00:00,28.33,1005.15,35.49
2025-12-21T13:13:57+00:00,28.37,1005.10,35.31
2025-12-21T13:14:12+00:00,28.41,1005.05,35.13
2025-12-21T13:14:27+00:00,28.45,1005.13,35.09
2025-12-21T13:14:42+00:00,28.49,1005.14,35.17
2025-12-21T13:14:57+00:00,28.52,1005.21,35.18
2025-12-21T13:15:12+00:00,28.57,1005.09,35.34
2025-12-21T13:15:27+00:00,28.62,1005.15,35.10
2025-12-21T13:15:42+00:00,28.69,1005.09,35.05
2025-12-21T13:15:57+00:00,28.76,1005.13,34.88
2025-12-21T13:16:12+00:00,28.83,1005.12,34.79
2025-12-21T13:16:27+00:00,28.90,1005.08,34.79
2025-12-21T13:16:42+00:00,28.95,1005.14,34.51
2025-12-21T13:16:57+00:00,28.97,1005.07,34.63
2025-12-21T13:17:12+00:00,28.99,1005.13,34.43
2025-12-21T13:17:27+00:00,28.94,1005.11,34.63
2025-12-21T13:17:42+00:00,28.89,1005.12,34.62
2025-12-21T13:17:57+00:00,28.81,1005.16,34.84
2025-12-21T13:18:12+00:00,28.73,1005.14,35.14
2025-12-21T13:18:27+00:00,28.67,1005.15,35.37
2025-12-21T13:18:42+00:00,28.62,1005.14,35.43
2025-12-21T13:18:57+00:00,28.59,1005.19,35.41
2025-12-21T13:19:12+00:00,28.56,1005.14,35.78
2025-12-21T13:19:27+00:00,28.55,1005.09,35.88
2025-12-21T13:19:42+00:00,28.58,1005.12,35.38
2025-12-21T13:19:57+00:00,28.61,1005.02,35.39
2025-12-21T13:20:12+00:00,28.63,1005.11,35.26
2025-12-21T13:20:27+00:00,28.64,1005.15,35.17
2025-12-21T13:20:42+00:00,28.66,1005.13,35.19
2025-12-21T13:20:57+00:00,28.61,1005.13,35.35
2025-12-21T13:21:12+00:00,28.57,1005.15,35.81
2025-12-21T13:21:27+00:00,28.52,1005.18,36.14
2025-12-21T13:21:42+00:00,28.47,1005.12,35.94
2025-12-21T13:21:57+00:00,28.42,1005.15,36.01
2025-12-21T13:22:12+00:00,28.38,1005.07,35.85
2025-12-21T13:22:27+00:00,28.38,1005.09,35.66
2025-12-21T13:22:42+00:00,28.39,1005.11,35.23
2025-12-21T13:22:57+00:00,28.41,1005.14,35.07
2025-12-21T13:23:12+00:00,28.41,1005.16,34.94
2025-12-21T13:23:27+00:00,28.42,1005.18,34.91
2025-12-21T13:23:42+00:00,28.45,1005.13,34.92
2025-12-21T13:23:57+00:00,28.48,1005.14,34.61
2025-12-21T13:24:12+00:00,28.55,1005.14,34.28
2025-12-21T13:24:27+00:00,28.61,1005.14,34.07
2025-12-21T13:24:42+00:00,28.69,1005.04,33.89
2025-12-21T13:24:57+00:00,28.77,1005.09,33.77
2025-12-21T13:25:12+00:00,28.85,1005.13,33.79
2025-12-21T13:25:27+00:00,28.90,1005.19,33.85
2025-12-21T13:25:42+00:00,28.95,1005.15,33.83
2025-12-21T13:25:57+00:00,29.00,1005.18,33.83
2025-12-21T13:26:12+00:00,29.05,1005.20,33.74
2025-12-21T13:26:27+00:00,29.08,1005.19,33.82
2025-12-21T13:26:42+00:00,29.13,1005.16,34.07
2025-12-21T13:26:57+00:00,29.19,1005.14,34.10
2025-12-21T13:27:12+00:00,29.25,1005.17,34.03
2025-12-21T13:27:27+00:00,29.27,1005.14,33.79
2025-12-21T13:27:42+00:00,29.22,1005.08,33.57
2025-12-21T13:27:57+00:00,29.09,1005.13,33.55
2025-12-21T13:28:12+00:00,28.90,1005.19,33.55
2025-12-21T13:28:27+00:00,28.72,1005.15,33.81
2025-12-21T13:28:42+00:00,28.54,1005.11,34.13
2025-12-21T13:28:57+00:00,28.41,1005.14,34.45
2025-12-21T13:29:12+00:00,28.38,1005.14,34.54
2025-12-21T13:29:27+00:00,28.35,1005.19,34.15
2025-12-21T13:29:42+00:00,28.39,1005.14,34.18
2025-12-21T13:29:57+00:00,28.45,1005.13,34.21
2025-12-21T13:30:12+00:00,28.51,1005.16,34.34
2025-12-21T13:30:27+00:00,28.52,1005.16,34.54
2025-12-21T13:30:42+00:00,28.48,1005.15,34.61
2025-12-21T13:30:57+00:00,28.42,1005.19,34.54
2025-12-21T13:31:12+00:00,28.35,1005.21,34.63
2025-12-21T13:31:27+00:00,28.21,1005.15,34.63
2025-12-21T13:31:42+00:00,28.09,1005.10,34.70
2025-12-21T13:31:57+00:00,27.91,1005.17,34.89
2025-12-21T13:32:12+00:00,27.76,1005.17,35.23
2025-12-21T13:32:27+00:00,27.60,1005.20,35.45
2025-12-21T13:32:42+00:00,27.46,1005.16,35.81
2025-12-21T13:32:57+00:00,27.29,1005.26,36.02
2025-12-21T13:33:12+00:00,27.15,1005.22,35.96
2025-12-21T13:33:27+00:00,26.99,1005.10,36.04
2025-12-21T13:33:42+00:00,26.86,1005.17,36.21
2025-12-21T13:33:57+00:00,26.67,1005.16,35.95
2025-12-21T13:34:12+00:00,26.50,1005.17,36.08
2025-12-21T13:34:27+00:00,26.32,1005.13,36.47
2025-12-21T13:34:42+00:00,26.15,1005.09,36.78
2025-12-21T13:34:57+00:00,25.97,1005.06,36.84
2025-12-21T13:35:12+00:00,25.79,1005.19,36.92
2025-12-21T13:35:27+00:00,25.65,1005.06,37.10
2025-12-21T13:35:42+00:00,25.51,1005.12,37.39
2025-12-21T13:35:57+00:00,25.39,1005.11,37.59
2025-12-21T13:36:12+00:00,25.27,1005.14,37.81
2025-12-21T13:36:27+00:00,25.15,1005.06,37.97
2025-12-21T13:36:42+00:00,25.05,1005.12,38.01
2025-12-21T13:36:57+00:00,24.94,1005.05,38.09
2025-12-21T13:37:12+00:00,24.81,1005.06,38.11
2025-12-21T13:37:27+00:00,24.69,1005.09,38.24
2025-12-21T13:37:42+00:00,24.58,1005.12,38.48
2025-12-21T13:37:57+00:00,24.48,1005.03,38.83
2025-12-21T13:38:12+00:00,24.39,1005.05,39.10
2025-12-21T13:38:27+00:00,24.29,1005.00,39.57
2025-12-21T13:38:42+00:00,24.18,1005.09,39.95
2025-12-21T13:38:57+00:00,24.09,1005.03,39.90
2025-12-21T13:39:12+00:00,23.98,1005.07,39.89
2025-12-21T13:39:27+00:00,23.88,1005.07,40.04
2025-12-21T13:39:42+00:00,23.76,1005.02,40.08
2025-12-21T13:39:57+00:00,23.68,1005.03,40.23
2025-12-21T13:40:12+00:00,23.57,1005.06,40.62
2025-12-21T13:40:27+00:00,23.47,1005.04,41.01
2025-12-21T13:40:42+00:00,23.39,1005.07,41.28
2025-12-21T13:40:57+00:00,23.30,1004.98,41.53
2025-12-21T13:41:12+00:00,23.18,1005.01,41.90
2025-12-21T13:41:27+00:00,23.09,1005.04,42.18
2025-12-21T13:41:42+00:00,23.02,1005.01,42.42
2025-12-21T13:41:57+00:00,22.94,1005.04,42.68
2025-12-21T13:42:12+00:00,22.87,1005.06,42.94
2025-12-21T13:42:27+00:00,22.78,1005.09,43.42
2025-12-21T13:42:42+00:00,22.71,1005.08,43.75
2025-12-21T13:42:57+00:00,22.65,1005.00,43.76
2025-12-21T13:43:12+00:00,22.58,1005.04,43.57
2025-12-21T13:43:27+00:00,22.50,1005.06,43.40
2025-12-21T13:43:42+00:00,22.43,1005.03,43.11
2025-12-21T13:43:57+00:00,22.37,1005.08,43.11
2025-12-21T13:44:12+00:00,22.31,1005.03,43.36
2025-12-21T13:44:27+00:00,22.26,1005.06,43.43
2025-12-21T13:44:42+00:00,22.21,1005.04,43.54
2025-12-21T13:44:57+00:00,22.17,1004.98,43.81
2025-12-21T13:45:12+00:00,22.12,1004.98,44.07
2025-12-21T13:45:27+00:00,22.10,1004.97,44.48
2025-12-21T13:45:42+00:00,22.06,1005.04,44.77
2025-12-21T13:45:57+00:00,22.04,1005.06,45.06
2025-12-21T13:46:12+00:00,21.99,1005.03,45.44
2025-12-21T13:46:27+00:00,21.96,1004.93,45.85
2025-12-21T13:46:42+00:00,21.92,1005.04,46.15
2025-12-21T13:46:57+00:00,21.87,1004.95,46.34
2025-12-21T13:47:12+00:00,21.83,1004.97,46.64
2025-12-21T13:47:27+00:00,21.81,1005.02,46.92
2025-12-21T13:47:42+00:00,21.76,1005.00,47.07
2025-12-21T13:47:57+00:00,21.72,1005.01,47.17
2025-12-21T13:48:12+00:00,21.68,1005.02,47.36
2025-12-21T13:48:27+00:00,21.62,1005.00,47.67
2025-12-21T13:48:42+00:00,21.57,1004.99,47.78
2025-12-21T13:48:57+00:00,21.52,1004.97,47.79
2025-12-21T13:49:12+00:00,21.47,1004.93,47.68
2025-12-21T13:49:27+00:00,21.41,1004.90,47.12
2025-12-21T13:49:42+00:00,21.35,1004.99,46.91
2025-12-21T13:49:57+00:00,21.31,1005.09,47.05
2025-12-21T13:50:12+00:00,21.25,1004.97,47.20
2025-12-21T13:50:27+00:00,21.18,1004.96,47.23
2025-12-21T13:50:42+00:00,21.13,1005.02,47.12
2025-12-21T13:50:57+00:00,21.08,1005.01,47.23
2025-12-21T13:51:12+00:00,21.03,1004.99,47.69
2025-12-21T13:51:27+00:00,20.97,1004.98,47.98
2025-12-21T13:51:42+00:00,20.92,1004.98,48.26
2025-12-21T13:51:57+00:00,20.86,1004.97,48.44
2025-12-21T13:52:12+00:00,20.82,1004.98,48.65
2025-12-21T13:52:27+00:00,20.78,1005.02,48.89
2025-12-21T13:52:42+00:00,20.73,1005.00,49.09
2025-12-21T13:52:57+00:00,20.67,1004.93,49.39
2025-12-21T13:53:12+00:00,20.63,1004.98,49.73
2025-12-21T13:53:27+00:00,20.58,1005.00,50.04
2025-12-21T13:53:42+00:00,20.54,1004.99,50.54
2025-12-21T13:53:57+00:00,20.50,1005.06,50.28
2025-12-21T13:54:12+00:00,20.46,1005.02,50.30
2025-12-21T13:54:27+00:00,20.42,1005.04,50.15
2025-12-21T13:54:42+00:00,20.36,1004.99,49.90
2025-12-21T13:54:57+00:00,20.32,1004.98,49.66
2025-12-21T13:55:12+00:00,20.26,1005.02,49.21
2025-12-21T13:55:27+00:00,20.21,1004.97,49.03
2025-12-21T13:55:42+00:00,20.16,1005.01,48.81
2025-12-21T13:55:57+00:00,20.11,1004.96,48.67
2025-12-21T13:56:12+00:00,20.06,1005.01,48.71
2025-12-21T13:56:27+00:00,20.01,1004.99,48.66
2025-12-21T13:56:42+00:00,19.97,1005.00,49.08
2025-12-21T13:56:57+00:00,19.92,1005.00,49.26
2025-12-21T13:57:12+00:00,19.89,1004.98,49.27
2025-12-21T13:57:27+00:00,19.86,1005.07,49.36
2025-12-21T13:57:42+00:00,19.82,1005.06,49.51
2025-12-21T13:57:57+00:00,19.78,1004.97,50.02
2025-12-21T13:58:12+00:00,19.66,1004.96,49.79
2025-12-21T13:58:27+00:00,19.56,1004.99,49.36
2025-12-21T13:58:42+00:00,19.49,1005.07,49.30
2025-12-21T13:58:57+00:00,19.47,1004.98,49.17
2025-12-21T13:59:12+00:00,19.44,1005.00,49.04
2025-12-21T13:59:27+00:00,19.34,1004.99,49.12
2025-12-21T13:59:42+00:00,19.28,1005.01,49.21
2025-12-21T13:59:57+00:00,19.26,1004.96,49.37
2025-12-21T14:00:12+00:00,19.21,1005.03,49.67
2025-12-21T14:00:27+00:00,19.16,1005.00,49.83
2025-12-21T14:00:42+00:00,19.14,1005.04,49.82
2025-12-21T14:00:57+00:00,19.11,1005.02,49.77
2025-12-21T14:01:12+00:00,19.06,1005.03,49.83
2025-12-21T14:01:27+00:00,19.02,1005.01,50.12
2025-12-21T14:01:42+00:00,19.00,1005.06,50.29
2025-12-21T14:01:57+00:00,18.95,1005.01,50.42
2025-12-21T14:02:12+00:00,18.90,1004.99,50.11
2025-12-21T14:02:27+00:00,18.84,1004.99,49.90
2025-12-21T14:02:42+00:00,18.83,1005.03,49.80
2025-12-21T14:02:57+00:00,18.81,1005.02,49.77
2025-12-21T14:03:12+00:00,18.78,1005.03,49.70
2025-12-21T14:03:27+00:00,18.77,1005.09,49.73
2025-12-21T14:03:42+00:00,18.72,1005.07,49.81
2025-12-21T14:03:57+00:00,18.69,1005.09,49.89
2025-12-21T14:04:12+00:00,18.66,1004.98,49.88
2025-12-21T14:04:27+00:00,18.63,1005.02,50.00
2025-12-21T14:04:42+00:00,18.61,1005.03,50.13
2025-12-21T14:04:57+00:00,18.58,1005.06,50.29
2025-12-21T14:05:12+00:00,18.56,1005.04,50.53
2025-12-21T14:05:27+00:00,18.55,1004.96,50.68
2025-12-21T14:05:42+00:00,18.53,1005.04,50.88
2025-12-21T14:05:57+00:00,18.51,1005.07,51.13
2025-12-21T14:06:12+00:00,18.51,1005.07,51.28
2025-12-21T14:06:27+00:00,18.50,1005.10,51.58
2025-12-21T14:06:42+00:00,18.47,1005.06,51.72
2025-12-21T14:06:57+00:00,18.47,1005.05,51.80
2025-12-21T14:07:12+00:00,18.41,1005.01,51.53
2025-12-21T14:07:27+00:00,18.43,1005.04,51.31
2025-12-21T14:07:42+00:00,18.41,1005.04,51.39
2025-12-21T14:07:57+00:00,18.40,1004.99,51.98
2025-12-21T14:08:12+00:00,18.39,1005.06,52.15
2025-12-21T14:08:27+00:00,18.39,1005.11,52.24
2025-12-21T14:08:42+00:00,18.38,1005.04,52.39
2025-12-21T14:08:57+00:00,18.37,1005.11,52.47
2025-12-21T14:09:12+00:00,18.36,1005.09,52.60
2025-12-21T14:09:27+00:00,18.35,1005.05,52.81
2025-12-21T14:09:42+00:00,18.35,1005.08,52.94
2025-12-21T14:09:57+00:00,18.32,1005.11,53.05
2025-12-21T14:10:12+00:00,18.31,1005.07,53.09
2025-12-21T14:10:27+00:00,18.30,1005.08,53.13
2025-12-21T14:10:42+00:00,18.29,1005.08,53.18
2025-12-21T14:10:57+00:00,18.28,1005.10,53.37
2025-12-21T14:11:12+00:00,18.27,1005.06,53.71
2025-12-21T14:11:27+00:00,18.26,1005.03,53.72
2025-12-21T14:11:42+00:00,18.23,1005.04,53.67
2025-12-21T14:11:57+00:00,18.22,1005.03,53.62
2025-12-21T14:12:12+00:00,18.21,1005.09,53.59
2025-12-21T14:12:27+00:00,18.20,1005.10,53.69
2025-12-21T14:12:42+00:00,18.18,1005.04,53.96
2025-12-21T14:12:57+00:00,18.17,1005.14,54.10
2025-12-21T14:13:12+00:00,18.15,1005.10,54.09
2025-12-21T14:13:27+00:00,18.13,1005.02,53.96
2025-12-21T14:13:42+00:00,18.11,1005.06,53.94
2025-12-21T14:13:57+00:00,18.11,1005.09,54.00
2025-12-21T14:14:12+00:00,18.09,1005.05,54.02
2025-12-21T14:14:27+00:00,18.08,1005.02,54.04
2025-12-21T14:14:42+00:00,18.05,1005.05,54.06
2025-12-21T14:14:57+00:00,18.04,1005.03,54.11
2025-12-21T14:15:12+00:00,18.04,1005.14,54.08
2025-12-21T14:15:27+00:00,18.02,1004.96,54.28
2025-12-21T14:15:42+00:00,18.01,1005.03,54.33
2025-12-21T14:15:57+00:00,18.00,1005.05,54.36
2025-12-21T14:16:12+00:00,17.99,1005.08,54.50
2025-12-21T14:16:27+00:00,17.98,1005.02,54.82
2025-12-21T14:16:42+00:00,17.97,1005.05,55.36
2025-12-21T14:16:57+00:00,17.95,1004.99,55.09
2025-12-21T14:17:12+00:00,17.92,1005.04,54.66
2025-12-21T14:17:27+00:00,17.90,1005.00,54.10
2025-12-21T14:17:42+00:00,17.89,1005.03,54.01
2025-12-21T14:17:57+00:00,17.88,1005.07,53.97
2025-12-21T14:18:12+00:00,17.87,1005.03,53.97
2025-12-21T14:18:27+00:00,17.84,1005.03,53.99
2025-12-21T14:18:42+00:00,17.83,1004.99,54.16
2025-12-21T14:18:57+00:00,17.82,1005.03,54.36
2025-12-21T14:19:12+00:00,17.81,1005.07,54.65
2025-12-21T14:19:27+00:00,17.80,1004.99,55.52
2025-12-21T14:19:42+00:00,17.78,1005.02,55.75
2025-12-21T14:19:57+00:00,17.76,1004.99,55.82
2025-12-21T14:20:12+00:00,17.76,1005.12,55.94
2025-12-21T14:20:27+00:00,17.74,1005.10,56.11
2025-12-21T14:20:42+00:00,17.71,1004.99,55.78
2025-12-21T14:20:57+00:00,17.69,1005.01,55.33
2025-12-21T14:21:12+00:00,17.68,1005.02,55.26
2025-12-21T14:21:27+00:00,17.67,1005.14,55.32
2025-12-21T14:21:42+00:00,17.64,1005.04,55.15
2025-12-21T14:21:57+00:00,17.60,1005.03,54.62
2025-12-21T14:22:12+00:00,17.59,1005.03,54.48
2025-12-21T14:22:27+00:00,17.56,1004.94,54.33
2025-12-21T14:22:42+00:00,17.56,1005.01,54.38
2025-12-21T14:22:57+00:00,17.55,1004.99,54.50
2025-12-21T14:23:12+00:00,17.53,1005.04,54.64
2025-12-21T14:23:27+00:00,17.51,1005.07,54.65
2025-12-21T14:23:42+00:00,17.49,1005.10,54.68
2025-12-21T14:23:57+00:00,17.49,1005.01,54.72
2025-12-21T14:24:12+00:00,17.47,1005.03,54.93
2025-12-21T14:24:27+00:00,17.46,1004.99,55.05
2025-12-21T14:24:42+00:00,17.44,1004.98,55.14
2025-12-21T14:24:57+00:00,17.42,1005.03,55.15
2025-12-21T14:25:12+00:00,17.41,1005.01,55.16
2025-12-21T14:25:27+00:00,17.40,1004.99,55.24
2025-12-21T14:25:42+00:00,17.38,1005.02,55.28
2025-12-21T14:25:57+00:00,17.36,1005.02,55.26
2025-12-21T14:26:12+00:00,17.34,1004.96,55.21
2025-12-21T14:26:27+00:00,17.33,1005.02,55.32
2025-12-21T14:26:42+00:00,17.31,1005.01,55.49
2025-12-21T14:26:57+00:00,17.30,1004.99,55.52
2025-12-21T14:27:12+00:00,17.28,1005.02,55.65
2025-12-21T14:27:27+00:00,17.26,1004.99,55.73
2025-12-21T14:27:42+00:00,17.24,1005.01,55.92
2025-12-21T14:27:57+00:00,17.23,1004.99,55.63
2025-12-21T14:28:12+00:00,17.20,1005.01,55.47
2025-12-21T14:28:27+00:00,17.20,1004.92,55.48
2025-12-21T14:28:42+00:00,17.17,1004.93,55.56
2025-12-21T14:28:57+00:00,17.17,1005.03,55.73
2025-12-21T14:29:12+00:00,17.15,1004.97,55.82
2025-12-21T14:29:27+00:00,17.11,1005.08,55.61
2025-12-21T14:29:42+00:00,17.11,1005.05,55.44
2025-12-21T14:29:57+00:00,17.10,1005.04,55.44
2025-12-21T14:30:12+00:00,17.08,1005.09,55.44
2025-12-21T14:30:27+00:00,17.07,1005.07,55.47
2025-12-21T14:30:42+00:00,17.06,1004.97,55.51
2025-12-21T14:30:57+00:00,17.03,1005.09,55.63
2025-12-21T14:31:12+00:00,17.03,1005.05,55.83
2025-12-21T14:31:27+00:00,17.02,1005.04,56.28
2025-12-21T14:31:42+00:00,17.01,1005.11,56.58
2025-12-21T14:31:57+00:00,16.98,1004.98,56.45
2025-12-21T14:32:12+00:00,16.98,1005.02,56.31
2025-12-21T14:32:27+00:00,16.96,1005.00,56.21
2025-12-21T14:32:42+00:00,16.95,1005.06,56.23
2025-12-21T14:32:57+00:00,16.94,1005.02,56.31
2025-12-21T14:33:12+00:00,16.93,1005.00,56.58
2025-12-21T14:33:27+00:00,16.92,1005.10,56.85
2025-12-21T14:33:42+00:00,16.92,1005.04,57.06
2025-12-21T14:33:57+00:00,16.90,1005.06,57.32
2025-12-21T14:34:12+00:00,16.89,1005.02,58.04
2025-12-21T14:34:27+00:00,16.88,1005.09,58.25
2025-12-21T14:34:42+00:00,16.87,1005.07,58.45
2025-12-21T14:34:57+00:00,16.86,1005.05,58.61
2025-12-21T14:35:12+00:00,16.85,1005.06,58.98
2025-12-21T14:35:27+00:00,16.85,1005.04,59.16
2025-12-21T14:35:42+00:00,16.84,1005.04,59.42
2025-12-21T14:35:57+00:00,16.81,1005.00,59.57
2025-12-21T14:36:12+00:00,16.81,1005.08,59.71
2025-12-21T14:36:27+00:00,16.79,1004.96,59.82
2025-12-21T14:36:42+00:00,16.77,1005.01,59.89
2025-12-21T14:36:57+00:00,16.77,1005.01,59.98
2025-12-21T14:37:12+00:00,16.74,1005.07,60.06
2025-12-21T14:37:27+00:00,16.72,1004.99,60.25
2025-12-21T14:37:42+00:00,16.70,1005.01,60.34
2025-12-21T14:37:57+00:00,16.69,1004.99,60.40
2025-12-21T14:38:12+00:00,16.67,1005.01,60.43
2025-12-21T14:38:27+00:00,16.65,1004.98,60.49
2025-12-21T14:38:42+00:00,16.64,1004.96,60.56
2025-12-21T14:38:57+00:00,16.62,1004.98,60.62
2025-12-21T14:39:12+00:00,16.60,1005.01,60.71
2025-12-21T14:39:27+00:00,16.58,1005.00,60.93
2025-12-21T14:39:42+00:00,16.56,1004.99,61.13
2025-12-21T14:39:57+00:00,16.54,1005.05,61.39
2025-12-21T14:40:12+00:00,16.52,1005.07,62.05
2025-12-21T14:40:27+00:00,16.50,1005.06,62.09
2025-12-21T14:40:42+00:00,16.48,1005.03,62.13
2025-12-21T14:40:57+00:00,16.46,1005.02,62.15
2025-12-21T14:41:12+00:00,16.42,1005.07,61.58
2025-12-21T14:41:27+00:00,16.37,1005.02,60.32
2025-12-21T14:41:42+00:00,16.35,1005.10,59.58
2025-12-21T14:41:57+00:00,16.32,1005.05,59.42
2025-12-21T14:42:12+00:00,16.32,1005.01,59.45
2025-12-21T14:42:27+00:00,16.30,1005.09,59.52
2025-12-21T14:42:42+00:00,16.29,1005.07,59.67
2025-12-21T14:42:57+00:00,16.27,1004.99,59.84
2025-12-21T14:43:12+00:00,16.27,1005.07,59.96
2025-12-21T14:43:27+00:00,16.25,1004.98,60.14
2025-12-21T14:43:42+00:00,16.24,1004.99,60.66
2025-12-21T14:43:57+00:00,16.23,1005.03,60.93
2025-12-21T14:44:12+00:00,16.22,1005.10,61.00
2025-12-21T14:44:27+00:00,16.21,1005.02,61.09
2025-12-21T14:44:42+00:00,16.19,1005.07,61.10
2025-12-21T14:44:57+00:00,16.18,1005.06,61.08
2025-12-21T14:45:12+00:00,16.17,1004.98,61.10
2025-12-21T14:45:27+00:00,16.16,1005.02,61.16
2025-12-21T14:45:42+00:00,16.12,1004.99,61.19
2025-12-21T14:45:57+00:00,16.11,1004.99,61.21
2025-12-21T14:46:12+00:00,16.09,1005.00,61.27
2025-12-21T14:46:27+00:00,16.09,1004.99,61.39
2025-12-21T14:46:42+00:00,16.06,1004.95,61.58
2025-12-21T14:46:57+00:00,16.05,1005.03,61.77
2025-12-21T14:47:12+00:00,16.03,1005.03,61.87
2025-12-21T14:47:27+00:00,16.01,1005.02,62.03
2025-12-21T14:47:42+00:00,16.00,1004.95,62.17
2025-12-21T14:47:57+00:00,15.99,1005.01,62.37
2025-12-21T14:48:12+00:00,15.97,1005.01,62.52
2025-12-21T14:48:27+00:00,15.95,1004.98,62.64
2025-12-21T14:48:42+00:00,15.94,1004.99,62.81
2025-12-21T14:48:57+00:00,15.91,1004.96,63.24
2025-12-21T14:49:12+00:00,15.90,1005.01,63.39
2025-12-21T14:49:27+00:00,15.86,1004.97,63.47
2025-12-21T14:49:42+00:00,15.87,1004.98,63.47
2025-12-21T14:49:57+00:00,15.85,1005.01,63.49
2025-12-21T14:50:12+00:00,15.83,1005.00,63.51
2025-12-21T14:50:27+00:00,15.82,1004.95,63.59
2025-12-21T14:50:42+00:00,15.80,1005.04,63.65
2025-12-21T14:50:57+00:00,15.78,1004.97,63.75
2025-12-21T14:51:12+00:00,15.76,1004.96,63.85
2025-12-21T14:51:27+00:00,15.75,1005.04,63.95
2025-12-21T14:51:42+00:00,15.72,1005.00,63.99
2025-12-21T14:51:57+00:00,15.68,1004.90,64.03
2025-12-21T14:52:12+00:00,15.67,1004.97,64.09
2025-12-21T14:52:27+00:00,15.66,1005.01,64.16
2025-12-21T14:52:42+00:00,15.64,1005.00,64.26
2025-12-21T14:52:57+00:00,15.63,1005.04,64.34
2025-12-21T14:53:12+00:00,15.60,1004.99,64.41
2025-12-21T14:53:27+00:00,15.59,1004.99,64.42
2025-12-21T14:53:42+00:00,15.58,1005.00,64.44
2025-12-21T14:53:57+00:00,15.55,1005.02,64.48
2025-12-21T14:54:12+00:00,15.54,1005.03,64.50
2025-12-21T14:54:27+00:00,15.51,1005.03,64.58
2025-12-21T14:54:42+00:00,15.49,1005.02,64.57
2025-12-21T14:54:57+00:00,15.47,1004.98,64.60
2025-12-21T14:55:12+00:00,15.45,1004.98,64.65
2025-12-21T14:55:27+00:00,15.42,1004.99,64.75
2025-12-21T14:55:42+00:00,15.41,1004.98,64.86
2025-12-21T14:55:57+00:00,15.40,1004.96,64.97
2025-12-21T14:56:12+00:00,15.38,1004.95,65.14
2025-12-21T14:56:27+00:00,15.36,1004.98,65.25
2025-12-21T14:56:42+00:00,15.34,1005.00,65.29
2025-12-21T14:56:57+00:00,15.31,1004.97,65.33
2025-12-21T14:57:12+00:00,15.31,1005.03,65.39
2025-12-21T14:57:27+00:00,15.29,1005.02,65.50
2025-12-21T14:57:42+00:00,15.28,1004.92,65.67
2025-12-21T14:57:57+00:00,15.26,1004.97,65.75
2025-12-21T14:58:12+00:00,15.25,1004.98,65.77
2025-12-21T14:58:27+00:00,15.23,1005.00,65.75
2025-12-21T14:58:42+00:00,15.21,1004.97,65.79
2025-12-21T14:58:57+00:00,15.19,1004.97,65.85
2025-12-21T14:59:12+00:00,15.18,1004.92,65.90
2025-12-21T14:59:27+00:00,15.16,1005.00,65.94
2025-12-21T14:59:42+00:00,15.14,1004.99,65.92
2025-12-21T14:59:57+00:00,15.11,1005.03,65.94
2025-12-21T15:00:12+00:00,15.09,1004.99,66.03
2025-12-21T15:00:27+00:00,15.06,1004.94,66.09
2025-12-21T15:00:42+00:00,15.04,1004.97,66.24
2025-12-21T15:00:57+00:00,15.02,1004.92,66.41
2025-12-21T15:01:12+00:00,15.01,1004.97,66.53
2025-12-21T15:01:27+00:00,15.00,1004.96,66.58
2025-12-21T15:01:42+00:00,14.98,1004.98,66.61
2025-12-21T15:01:57+00:00,14.97,1004.96,66.63
2025-12-21T15:02:12+00:00,14.95,1004.93,66.66
2025-12-21T15:02:27+00:00,14.92,1004.99,66.73
2025-12-21T15:02:42+00:00,14.90,1004.96,66.76
2025-12-21T15:02:57+00:00,14.89,1005.05,66.85
2025-12-21T15:03:12+00:00,14.87,1005.02,66.88
2025-12-21T15:03:27+00:00,14.85,1004.95,66.94
2025-12-21T15:03:42+00:00,14.84,1004.99,67.01
2025-12-21T15:03:57+00:00,14.81,1005.02,67.10
2025-12-21T15:04:12+00:00,14.80,1005.09,67.23
2025-12-21T15:04:27+00:00,14.76,1004.98,67.41
2025-12-21T15:04:42+00:00,14.74,1005.05,67.54
2025-12-21T15:04:57+00:00,14.73,1005.15,67.56
2025-12-21T15:05:12+00:00,14.71,1004.97,67.63
2025-12-21T15:05:27+00:00,14.69,1005.04,67.68
2025-12-21T15:05:42+00:00,14.67,1005.07,67.75
2025-12-21T15:05:57+00:00,14.65,1005.03,67.84
2025-12-21T15:06:12+00:00,14.63,1005.11,67.88
2025-12-21T15:06:27+00:00,14.61,1005.08,67.93
2025-12-21T15:06:42+00:00,14.58,1005.01,68.03
2025-12-21T15:06:57+00:00,14.58,1005.08,68.12
2025-12-21T15:07:12+00:00,14.55,1005.11,68.15
2025-12-21T15:07:27+00:00,14.53,1005.09,68.16
2025-12-21T15:07:42+00:00,14.51,1005.07,68.24
2025-12-21T15:07:57+00:00,14.49,1005.10,68.36
2025-12-21T15:08:12+00:00,14.46,1005.05,68.45
2025-12-21T15:08:27+00:00,14.43,1005.03,68.52
2025-12-21T15:08:42+00:00,14.41,1005.10,68.60
2025-12-21T15:08:57+00:00,14.39,1005.04,68.65
2025-12-21T15:09:12+00:00,14.37,1005.04,68.75
2025-12-21T15:09:27+00:00,14.33,1005.11,68.82
2025-12-21T15:09:42+00:00,14.32,1005.03,68.89
2025-12-21T15:09:57+00:00,14.30,1005.14,68.95
2025-12-21T15:10:12+00:00,14.27,1005.03,69.04
2025-12-21T15:10:27+00:00,14.24,1005.03,69.12
2025-12-21T15:10:42+00:00,14.20,1005.07,69.30
2025-12-21T15:10:57+00:00,14.19,1005.05,69.43
2025-12-21T15:11:12+00:00,14.17,1005.12,69.54
2025-12-21T15:11:27+00:00,14.13,1005.01,69.65
2025-12-21T15:11:42+00:00,14.11,1005.08,69.79
2025-12-21T15:11:57+00:00,14.09,1005.05,69.86
2025-12-21T15:12:12+00:00,14.07,1005.05,69.92
2025-12-21T15:12:27+00:00,14.05,1005.03,70.00
2025-12-21T15:12:42+00:00,14.03,1004.97,70.04
2025-12-21T15:12:57+00:00,14.01,1004.97,70.12
2025-12-21T15:13:12+00:00,13.99,1005.10,70.18
2025-12-21T15:13:27+00:00,13.96,1005.03,70.27
2025-12-21T15:13:42+00:00,13.94,1004.99,70.32
2025-12-21T15:13:57+00:00,13.92,1005.04,70.38
2025-12-21T15:14:12+00:00,13.90,1005.01,70.48
2025-12-21T15:14:27+00:00,13.88,1005.09,70.64
2025-12-21T15:14:42+00:00,13.86,1005.04,70.75
2025-12-21T15:14:57+00:00,13.84,1005.01,70.86
2025-12-21T15:15:12+00:00,13.82,1005.04,71.00
2025-12-21T15:15:27+00:00,13.79,1005.02,71.10
2025-12-21T15:15:42+00:00,13.77,1004.96,71.18
2025-12-21T15:15:57+00:00,13.76,1005.00,71.29
2025-12-21T15:16:12+00:00,13.74,1005.02,71.40
2025-12-21T15:16:27+00:00,13.71,1005.08,71.47
2025-12-21T15:16:42+00:00,13.70,1005.06,71.50
2025-12-21T15:16:57+00:00,13.68,1005.03,71.54
2025-12-21T15:17:12+00:00,13.66,1005.02,71.62
2025-12-21T15:17:27+00:00,13.63,1005.03,71.69
2025-12-21T15:17:42+00:00,13.61,1005.05,71.82
2025-12-21T15:17:57+00:00,13.59,1005.01,71.95
2025-12-21T15:18:12+00:00,13.57,1004.95,72.09
2025-12-21T15:18:27+00:00,13.55,1005.06,72.27
2025-12-21T15:18:42+00:00,13.53,1005.04,72.38
2025-12-21T15:18:57+00:00,13.49,1004.96,72.45
2025-12-21T15:19:12+00:00,13.47,1004.96,72.56
2025-12-21T15:19:27+00:00,13.45,1005.03,72.70
2025-12-21T15:19:42+00:00,13.41,1005.00,72.89
2025-12-21T15:19:57+00:00,13.40,1005.00,72.95
2025-12-21T15:20:12+00:00,13.37,1005.01,73.01
2025-12-21T15:20:27+00:00,13.36,1004.99,73.08
2025-12-21T15:20:42+00:00,13.34,1005.02,73.12
2025-12-21T15:20:57+00:00,13.32,1004.98,73.25
2025-12-21T15:21:12+00:00,13.29,1004.96,73.40
2025-12-21T15:21:27+00:00,13.28,1005.02,73.47
2025-12-21T15:21:42+00:00,13.24,1004.90,73.59
2025-12-21T15:21:57+00:00,13.23,1004.96,73.69
2025-12-21T15:22:12+00:00,13.21,1004.96,73.79
2025-12-21T15:22:27+00:00,13.17,1004.98,73.83
2025-12-21T15:22:42+00:00,13.15,1004.98,73.89
2025-12-21T15:22:57+00:00,13.13,1004.94,73.95
2025-12-21T15:23:12+00:00,13.10,1005.00,74.04
2025-12-21T15:23:27+00:00,13.08,1004.92,74.07
2025-12-21T15:23:42+00:00,13.06,1004.93,74.09
2025-12-21T15:23:57+00:00,13.04,1005.03,74.24
2025-12-21T15:24:12+00:00,13.01,1004.98,74.30
2025-12-21T15:24:27+00:00,12.99,1004.98,74.45
2025-12-21T15:24:42+00:00,12.97,1004.98,74.54
2025-12-21T15:24:57+00:00,12.96,1004.93,74.60
2025-12-21T15:25:12+00:00,12.93,1004.94,74.62
2025-12-21T15:25:27+00:00,12.91,1004.98,74.66
2025-12-21T15:25:42+00:00,12.90,1004.94,74.71
2025-12-21T15:25:57+00:00,12.87,1004.89,74.78
2025-12-21T15:26:12+00:00,12.86,1004.98,74.86
2025-12-21T15:26:27+00:00,12.83,1004.87,74.92
2025-12-21T15:26:42+00:00,12.81,1004.90,74.95
2025-12-21T15:26:57+00:00,12.80,1004.96,75.04
2025-12-21T15:27:12+00:00,12.77,1004.97,75.07
2025-12-21T15:27:27+00:00,12.75,1005.02,75.16
2025-12-21T15:27:42+00:00,12.73,1004.94,75.21
2025-12-21T15:27:57+00:00,12.71,1004.99,75.23
2025-12-21T15:28:12+00:00,12.68,1004.97,75.27
2025-12-21T15:28:27+00:00,12.66,1004.94,75.25
2025-12-21T15:28:42+00:00,12.65,1004.97,75.22
2025-12-21T15:28:57+00:00,12.61,1004.91,75.18
2025-12-21T15:29:12+00:00,12.59,1004.96,75.12
2025-12-21T15:29:27+00:00,12.57,1004.98,75.21
2025-12-21T15:29:42+00:00,12.55,1004.92,75.25
2025-12-21T15:29:57+00:00,12.52,1004.92,75.27
2025-12-21T15:30:12+00:00,12.49,1004.87,75.29
2025-12-21T15:30:27+00:00,12.47,1004.89,75.27
2025-12-21T15:30:42+00:00,12.44,1004.90,75.23
2025-12-21T15:30:57+00:00,12.42,1004.89,75.20
2025-12-21T15:31:12+00:00,12.40,1004.93,75.16
2025-12-21T15:31:27+00:00,12.36,1004.96,75.18
2025-12-21T15:31:42+00:00,12.35,1004.93,75.22
2025-12-21T15:31:57+00:00,12.32,1004.86,75.26
2025-12-21T15:32:12+00:00,12.30,1004.91,75.31
2025-12-21T15:32:27+00:00,12.28,1004.96,75.33
2025-12-21T15:32:42+00:00,12.25,1004.93,75.34
2025-12-21T15:32:57+00:00,12.22,1004.86,75.42
2025-12-21T15:33:12+00:00,12.20,1004.87,75.48
2025-12-21T15:33:27+00:00,12.17,1004.86,75.57
2025-12-21T15:33:42+00:00,12.16,1004.89,75.62
2025-12-21T15:33:57+00:00,12.13,1004.95,75.66
2025-12-21T15:34:12+00:00,12.11,1004.98,75.74
2025-12-21T15:34:27+00:00,12.08,1004.96,75.81
2025-12-21T15:34:42+00:00,12.05,1004.96,75.89
2025-12-21T15:34:57+00:00,12.04,1004.94,76.00
2025-12-21T15:35:12+00:00,12.01,1004.92,76.08
2025-12-21T15:35:27+00:00,11.99,1004.92,76.18
2025-12-21T15:35:42+00:00,11.96,1004.98,76.27
2025-12-21T15:35:57+00:00,11.95,1004.93,76.43
2025-12-21T15:36:12+00:00,11.93,1004.95,76.55
2025-12-21T15:36:27+00:00,11.91,1004.96,76.68
2025-12-21T15:36:42+00:00,11.88,1004.92,76.81
2025-12-21T15:36:57+00:00,11.86,1004.93,76.91
2025-12-21T15:37:12+00:00,11.84,1004.89,76.98
2025-12-21T15:37:27+00:00,11.83,1004.93,77.01
2025-12-21T15:37:42+00:00,11.82,1004.93,77.07
2025-12-21T15:37:57+00:00,11.79,1004.89,77.09
2025-12-21T15:38:12+00:00,11.79,1004.97,77.12
2025-12-21T15:38:27+00:00,11.76,1004.92,77.16
2025-12-21T15:38:42+00:00,11.75,1004.95,77.20
2025-12-21T15:38:57+00:00,11.72,1004.91,77.25
2025-12-21T15:39:12+00:00,11.71,1005.00,77.31
2025-12-21T15:39:27+00:00,11.68,1004.95,77.36
2025-12-21T15:39:42+00:00,11.67,1004.93,77.43
2025-12-21T15:39:57+00:00,11.64,1004.83,77.47
2025-12-21T15:40:12+00:00,11.63,1004.95,77.49
2025-12-21T15:40:27+00:00,11.60,1004.90,77.52
2025-12-21T15:40:42+00:00,11.58,1004.89,77.56
2025-12-21T15:40:57+00:00,11.57,1004.87,77.56
2025-12-21T15:41:12+00:00,11.54,1004.93,77.56
2025-12-21T15:41:27+00:00,11.52,1004.95,77.59
2025-12-21T15:41:42+00:00,11.50,1004.92,77.61
2025-12-21T15:41:57+00:00,11.47,1004.91,77.62
2025-12-21T15:42:12+00:00,11.47,1004.90,77.66
2025-12-21T15:42:27+00:00,11.44,1004.90,77.68
2025-12-21T15:42:42+00:00,11.42,1004.93,77.71
2025-12-21T15:42:57+00:00,11.41,1004.88,77.72
2025-12-21T15:43:12+00:00,11.39,1004.87,77.74
2025-12-21T15:43:27+00:00,11.36,1004.99,77.73
2025-12-21T15:43:42+00:00,11.34,1004.93,77.73
2025-12-21T15:43:57+00:00,11.32,1004.89,77.71
2025-12-21T15:44:12+00:00,11.30,1004.91,77.80
2025-12-21T15:44:27+00:00,11.28,1004.95,77.88
2025-12-21T15:44:42+00:00,11.26,1004.92,77.90
2025-12-21T15:44:57+00:00,11.23,1005.00,77.93
2025-12-21T15:45:12+00:00,11.22,1004.90,77.97
2025-12-21T15:45:27+00:00,11.20,1004.90,78.01
2025-12-21T15:45:42+00:00,11.17,1004.93,78.03
2025-12-21T15:45:57+00:00,11.17,1004.98,78.06
2025-12-21T15:46:12+00:00,11.14,1004.86,78.09
2025-12-21T15:46:27+00:00,11.12,1004.96,78.09
2025-12-21T15:46:42+00:00,11.11,1004.92,78.11
2025-12-21T15:46:57+00:00,11.08,1004.89,78.09
2025-12-21T15:47:12+00:00,11.07,1004.88,78.10
2025-12-21T15:47:27+00:00,11.05,1004.90,78.12
2025-12-21T15:47:42+00:00,11.04,1004.93,78.11
2025-12-21T15:47:57+00:00,11.02,1004.93,78.13
2025-12-21T15:48:12+00:00,11.00,1004.92,78.13
2025-12-21T15:48:27+00:00,10.98,1004.91,78.12
2025-12-21T15:48:42+00:00,10.96,1004.99,78.14
2025-12-21T15:48:57+00:00,10.94,1004.90,78.13
2025-12-21T15:49:12+00:00,10.94,1004.93,78.15
2025-12-21T15:49:27+00:00,10.89,1004.93,78.15
2025-12-21T15:49:42+00:00,10.89,1004.98,78.21
2025-12-21T15:49:57+00:00,10.88,1004.99,78.21
2025-12-21T15:50:12+00:00,10.86,1004.96,78.24
2025-12-21T15:50:27+00:00,10.83,1004.89,78.25
2025-12-21T15:50:42+00:00,10.83,1004.91,78.31
2025-12-21T15:50:57+00:00,10.82,1004.94,78.35
2025-12-21T15:51:12+00:00,10.79,1004.92,78.35
2025-12-21T15:51:27+00:00,10.77,1004.92,78.36
2025-12-21T15:51:42+00:00,10.76,1004.88,78.40
2025-12-21T15:51:57+00:00,10.74,1004.93,78.48
2025-12-21T15:52:12+00:00,10.73,1004.91,78.56
2025-12-21T15:52:27+00:00,10.72,1004.94,78.62
2025-12-21T15:52:42+00:00,10.71,1004.95,78.68
2025-12-21T15:52:57+00:00,10.68,1004.91,78.74
2025-12-21T15:53:12+00:00,10.67,1004.96,78.82
2025-12-21T15:53:27+00:00,10.66,1004.90,78.88
2025-12-21T15:53:42+00:00,10.65,1004.93,78.92
2025-12-21T15:53:57+00:00,10.63,1004.82,78.96
2025-12-21T15:54:12+00:00,10.61,1004.84,79.04
2025-12-21T15:54:27+00:00,10.60,1004.90,79.10
2025-12-21T15:54:42+00:00,10.58,1004.88,79.18
2025-12-21T15:54:57+00:00,10.56,1004.93,79.21
2025-12-21T15:55:12+00:00,10.56,1004.87,79.23
2025-12-21T15:55:27+00:00,10.52,1004.89,79.26
2025-12-21T15:55:42+00:00,10.51,1004.92,79.32
2025-12-21T15:55:57+00:00,10.50,1004.96,79.36
2025-12-21T15:56:12+00:00,10.48,1004.93,79.38
2025-12-21T15:56:27+00:00,10.45,1004.93,79.43
2025-12-21T15:56:42+00:00,10.44,1004.82,79.46
2025-12-21T15:56:57+00:00,10.42,1004.89,79.47
2025-12-21T15:57:12+00:00,10.41,1004.92,79.50
2025-12-21T15:57:27+00:00,10.39,1004.87,79.51
2025-12-21T15:57:42+00:00,10.38,1004.90,79.54
2025-12-21T15:57:57+00:00,10.35,1004.91,79.57
2025-12-21T15:58:12+00:00,10.33,1004.91,79.57
2025-12-21T15:58:27+00:00,10.32,1004.86,79.60
2025-12-21T15:58:42+00:00,10.30,1004.90,79.58
2025-12-21T15:58:57+00:00,10.29,1004.97,79.64
2025-12-21T15:59:12+00:00,10.27,1004.91,79.62
2025-12-21T15:59:27+00:00,10.25,1004.91,79.65
2025-12-21T15:59:42+00:00,10.23,1004.89,79.65
2025-12-21T15:59:57+00:00,10.21,1004.86,79.67
2025-12-21T16:00:12+00:00,10.19,1004.88,79.66
2025-12-21T16:00:27+00:00,10.18,1004.98,79.65
2025-12-21T16:00:42+00:00,10.16,1004.87,79.65
2025-12-21T16:00:57+00:00,10.14,1004.92,79.65
2025-12-21T16:01:12+00:00,10.12,1004.88,79.68
2025-12-21T16:01:27+00:00,10.11,1004.87,79.71
2025-12-21T16:01:42+00:00,10.08,1004.84,79.76
2025-12-21T16:01:57+00:00,10.08,1004.89,79.81
2025-12-21T16:02:12+00:00,10.06,1004.84,79.85
2025-12-21T16:02:27+00:00,10.04,1004.90,79.95
2025-12-21T16:02:42+00:00,10.03,1004.89,80.03
2025-12-21T16:02:57+00:00,10.00,1004.90,80.10
2025-12-21T16:03:12+00:00,9.99,1004.90,80.16
2025-12-21T16:03:27+00:00,9.98,1004.91,80.21
2025-12-21T16:03:42+00:00,9.96,1004.91,80.27
2025-12-21T16:03:57+00:00,9.94,1004.91,80.31
2025-12-21T16:04:12+00:00,9.92,1004.87,80.37
2025-12-21T16:04:27+00:00,9.90,1004.89,80.41
2025-12-21T16:04:42+00:00,9.88,1004.91,80.45
2025-12-21T16:04:57+00:00,9.87,1004.95,80.53
2025-12-21T16:05:12+00:00,9.85,1004.86,80.58
2025-12-21T16:05:27+00:00,9.84,1004.90,80.65
2025-12-21T16:05:42+00:00,9.81,1004.88,80.74
2025-12-21T16:05:57+00:00,9.81,1004.93,80.86
2025-12-21T16:06:12+00:00,9.78,1004.97,80.95
2025-12-21T16:06:27+00:00,9.78,1004.95,81.02
2025-12-21T16:06:42+00:00,9.76,1004.96,81.07
2025-12-21T16:06:57+00:00,9.74,1004.91,81.12
2025-12-21T16:07:12+00:00,9.73,1004.97,81.21
2025-12-21T16:07:27+00:00,9.72,1004.95,81.25
2025-12-21T16:07:42+00:00,9.70,1004.95,81.29
2025-12-21T16:07:57+00:00,9.69,1004.88,81.32
2025-12-21T16:08:12+00:00,9.67,1004.90,81.39
2025-12-21T16:08:27+00:00,9.66,1004.97,81.38
2025-12-21T16:08:42+00:00,9.64,1004.94,81.44
2025-12-21T16:08:57+00:00,9.63,1004.91,81.47
2025-12-21T16:09:12+00:00,9.62,1004.96,81.53
2025-12-21T16:09:27+00:00,9.60,1004.90,81.56
2025-12-21T16:09:42+00:00,9.58,1004.97,81.56
2025-12-21T16:09:57+00:00,9.58,1004.96,81.60
2025-12-21T16:10:12+00:00,9.56,1004.94,81.58
2025-12-21T16:10:27+00:00,9.54,1004.95,81.63
2025-12-21T16:10:42+00:00,9.52,1004.93,81.68
2025-12-21T16:10:57+00:00,9.51,1004.91,81.71
2025-12-21T16:11:12+00:00,9.49,1004.96,81.73
2025-12-21T16:11:27+00:00,9.48,1004.97,81.75
2025-12-21T16:11:42+00:00,9.47,1004.92,81.78
2025-12-21T16:11:57+00:00,9.45,1005.00,81.79
2025-12-21T16:12:12+00:00,9.44,1004.93,81.82
2025-12-21T16:12:27+00:00,9.42,1004.95,81.85
2025-12-21T16:12:42+00:00,9.41,1004.96,81.85
2025-12-21T16:12:57+00:00,9.39,1004.86,81.84
2025-12-21T16:13:12+00:00,9.38,1004.96,81.86
2025-12-21T16:13:27+00:00,9.37,1004.89,81.92
2025-12-21T16:13:42+00:00,9.35,1004.93,81.94
2025-12-21T16:13:57+00:00,9.33,1004.94,81.99
2025-12-21T16:14:12+00:00,9.32,1004.91,82.03
2025-12-21T16:14:27+00:00,9.29,1004.90,82.03
2025-12-21T16:14:42+00:00,9.29,1004.91,82.05
2025-12-21T16:14:57+00:00,9.27,1004.99,82.05
2025-12-21T16:15:12+00:00,9.26,1004.95,82.06
2025-12-21T16:15:27+00:00,9.24,1004.92,82.12
2025-12-21T16:15:42+00:00,9.23,1004.90,82.11
2025-12-21T16:15:57+00:00,9.21,1004.95,82.13
2025-12-21T16:16:12+00:00,9.19,1004.89,82.10
2025-12-21T16:16:27+00:00,9.19,1004.97,82.11
2025-12-21T16:16:42+00:00,9.17,1004.99,82.15
2025-12-21T16:16:57+00:00,9.15,1004.85,82.18
2025-12-21T16:17:12+00:00,9.14,1004.94,82.20
2025-12-21T16:17:27+00:00,9.12,1004.91,82.20
2025-12-21T16:17:42+00:00,9.11,1004.89,82.22
2025-12-21T16:17:57+00:00,9.10,1004.87,82.24
2025-12-21T16:18:12+00:00,9.08,1004.92,82.23
2025-12-21T16:18:27+00:00,9.07,1004.93,82.23
2025-12-21T16:18:42+00:00,9.05,1004.90,82.25
2025-12-21T16:18:57+00:00,9.04,1004.89,82.22
2025-12-21T16:19:12+00:00,9.02,1004.94,82.22
2025-12-21T16:19:27+00:00,9.00,1004.96,82.19
2025-12-21T16:19:42+00:00,8.99,1004.80,82.19
2025-12-21T16:19:57+00:00,8.98,1004.87,82.22
2025-12-21T16:20:12+00:00,8.95,1004.87,82.25
2025-12-21T16:20:27+00:00,8.95,1004.87,82.30
2025-12-21T16:20:42+00:00,8.93,1004.95,82.39
2025-12-21T16:20:57+00:00,8.93,1004.98,82.41
2025-12-21T16:21:12+00:00,8.91,1004.94,82.46
2025-12-21T16:21:27+00:00,8.90,1004.96,82.48
2025-12-21T16:21:42+00:00,8.89,1004.92,82.53
2025-12-21T16:21:57+00:00,8.88,1004.95,82.54
2025-12-21T16:22:12+00:00,8.87,1004.91,82.56
2025-12-21T16:22:27+00:00,8.85,1004.93,82.57
2025-12-21T16:22:42+00:00,8.84,1004.94,82.60
2025-12-21T16:22:57+00:00,8.83,1004.87,82.61
2025-12-21T16:23:12+00:00,8.81,1004.89,82.67
2025-12-21T16:23:27+00:00,8.82,1004.95,82.73
2025-12-21T16:23:42+00:00,8.80,1004.93,82.73
2025-12-21T16:23:57+00:00,8.80,1004.98,82.82
2025-12-21T16:24:12+00:00,8.78,1004.94,82.84
2025-12-21T16:24:27+00:00,8.77,1004.95,82.87
2025-12-21T16:24:42+00:00,8.76,1004.94,82.85
2025-12-21T16:24:57+00:00,8.76,1004.91,82.85
2025-12-21T16:25:12+00:00,8.74,1004.91,82.86
2025-12-21T16:25:27+00:00,8.74,1004.93,82.85
2025-12-21T16:25:42+00:00,8.72,1004.95,82.89
2025-12-21T16:25:57+00:00,8.72,1004.92,82.93
2025-12-21T16:26:12+00:00,8.71,1004.96,82.96
2025-12-21T16:26:27+00:00,8.69,1004.96,82.94
2025-12-21T16:26:42+00:00,8.69,1004.96,82.92
2025-12-21T16:26:57+00:00,8.67,1004.89,82.98
2025-12-21T16:27:12+00:00,8.66,1004.96,82.97
2025-12-21T16:27:27+00:00,8.65,1004.89,82.97
2025-12-21T16:27:42+00:00,8.64,1004.93,83.02
2025-12-21T16:27:57+00:00,8.62,1004.85,83.08
2025-12-21T16:28:12+00:00,8.62,1004.84,83.12
2025-12-21T16:28:27+00:00,8.62,1004.84,83.15
2025-12-21T16:28:42+00:00,8.61,1004.85,83.20
2025-12-21T16:28:57+00:00,8.60,1004.83,83.30
2025-12-21T16:29:12+00:00,8.59,1004.87,83.32
2025-12-21T16:29:27+00:00,8.58,1004.85,83.34
2025-12-21T16:29:42+00:00,8.57,1004.84,83.39
2025-12-21T16:29:57+00:00,8.56,1004.85,83.44
2025-12-21T16:30:12+00:00,8.55,1004.92,83.47
2025-12-21T16:30:27+00:00,8.55,1004.89,83.49
2025-12-21T16:30:42+00:00,8.53,1004.88,83.55
2025-12-21T16:30:57+00:00,8.53,1004.91,83.59
2025-12-21T16:31:12+00:00,8.52,1004.92,83.66
2025-12-21T16:31:27+00:00,8.51,1004.93,83.68
2025-12-21T16:31:42+00:00,8.51,1004.90,83.71
2025-12-21T16:31:57+00:00,8.51,1004.90,83.74
2025-12-21T16:32:12+00:00,8.50,1004.91,83.77
2025-12-21T16:32:27+00:00,8.49,1004.96,83.82
2025-12-21T16:32:42+00:00,8.49,1004.95,83.82
2025-12-21T16:32:57+00:00,8.48,1004.88,83.81
2025-12-21T16:33:12+00:00,8.47,1004.86,83.84
2025-12-21T16:33:27+00:00,8.47,1004.86,83.85
2025-12-21T16:33:42+00:00,8.46,1004.90,83.90
2025-12-21T16:33:57+00:00,8.45,1004.91,83.93
2025-12-21T16:34:12+00:00,8.45,1004.96,83.93
2025-12-21T16:34:27+00:00,8.44,1004.93,83.96
2025-12-21T16:34:42+00:00,8.43,1004.87,83.99
2025-12-21T16:34:57+00:00,8.42,1004.94,84.04
2025-12-21T16:35:12+00:00,8.41,1004.90,84.04
2025-12-21T16:35:27+00:00,8.39,1004.87,84.05
2025-12-21T16:35:42+00:00,8.39,1004.84,84.08
2025-12-21T16:35:57+00:00,8.38,1004.85,84.09
2025-12-21T16:36:12+00:00,8.37,1004.88,84.10
2025-12-21T16:36:27+00:00,8.36,1004.92,84.09
2025-12-21T16:36:42+00:00,8.35,1004.88,84.12
2025-12-21T16:36:57+00:00,8.34,1004.92,84.13
2025-12-21T16:37:12+00:00,8.32,1004.81,84.12
2025-12-21T16:37:27+00:00,8.31,1004.92,84.15
2025-12-21T16:37:42+00:00,8.30,1004.94,84.19
2025-12-21T16:37:57+00:00,8.27,1004.81,84.25
2025-12-21T16:38:12+00:00,8.27,1004.86,84.34
2025-12-21T16:38:27+00:00,8.27,1004.86,84.37
2025-12-21T16:38:42+00:00,8.25,1004.89,84.42
2025-12-21T16:38:57+00:00,8.24,1004.85,84.47
2025-12-21T16:39:12+00:00,8.24,1004.86,84.49
2025-12-21T16:39:27+00:00,8.24,1004.92,84.50
2025-12-21T16:39:42+00:00,8.23,1004.85,84.53
2025-12-21T16:39:57+00:00,8.22,1004.75,84.53
2025-12-21T16:40:12+00:00,8.20,1004.83,84.54
2025-12-21T16:40:27+00:00,8.19,1004.79,84.58
2025-12-21T16:40:42+00:00,8.19,1004.84,84.63
2025-12-21T16:40:57+00:00,8.18,1004.83,84.68
2025-12-21T16:41:12+00:00,8.17,1004.80,84.70
2025-12-21T16:41:27+00:00,8.17,1004.80,84.70
2025-12-21T16:41:42+00:00,8.15,1004.83,84.75
2025-12-21T16:41:57+00:00,8.14,1004.84,84.74
2025-12-21T16:42:12+00:00,8.14,1004.86,84.75
2025-12-21T16:42:27+00:00,8.12,1004.78,84.80
2025-12-21T16:42:42+00:00,8.12,1004.86,84.82
2025-12-21T16:42:57+00:00,8.11,1004.79,84.84
2025-12-21T16:43:12+00:00,8.10,1004.78,84.84
2025-12-21T16:43:27+00:00,8.09,1004.79,84.86
2025-12-21T16:43:42+00:00,8.09,1004.80,84.89
2025-12-21T16:43:57+00:00,8.08,1004.77,84.91
2025-12-21T16:44:12+00:00,8.08,1004.82,84.97
2025-12-21T16:44:27+00:00,8.05,1004.80,84.97
2025-12-21T16:44:42+00:00,8.05,1004.82,85.00
2025-12-21T16:44:57+00:00,8.04,1004.78,85.06
2025-12-21T16:45:12+00:00,8.03,1004.81,85.09
2025-12-21T16:45:27+00:00,8.02,1004.83,85.11
2025-12-21T16:45:42+00:00,8.01,1004.84,85.12
2025-12-21T16:45:57+00:00,8.01,1004.79,85.15
2025-12-21T16:46:12+00:00,7.99,1004.77,85.16
2025-12-21T16:46:27+00:00,7.99,1004.80,85.19
2025-12-21T16:46:42+00:00,7.98,1004.82,85.21
2025-12-21T16:46:57+00:00,7.98,1004.82,85.24
2025-12-21T16:47:12+00:00,7.97,1004.82,85.23
2025-12-21T16:47:27+00:00,7.95,1004.85,85.20
2025-12-21T16:47:42+00:00,7.95,1004.82,85.16
2025-12-21T16:47:57+00:00,7.93,1004.84,85.14
2025-12-21T16:48:12+00:00,7.92,1004.77,85.12
2025-12-21T16:48:27+00:00,7.92,1004.79,85.10
2025-12-21T16:48:42+00:00,7.90,1004.84,85.07
2025-12-21T16:48:57+00:00,7.88,1004.84,85.03
2025-12-21T16:49:12+00:00,7.87,1004.83,85.02
2025-12-21T16:49:27+00:00,7.85,1004.84,85.00
2025-12-21T16:49:42+00:00,7.84,1004.75,84.99
2025-12-21T16:49:57+00:00,7.83,1004.81,84.96
2025-12-21T16:50:12+00:00,7.82,1004.80,84.94
2025-12-21T16:50:27+00:00,7.81,1004.83,84.93
2025-12-21T16:50:42+00:00,7.80,1004.84,84.94
2025-12-21T16:50:57+00:00,7.77,1004.85,84.93
2025-12-21T16:51:12+00:00,7.77,1004.84,84.94
2025-12-21T16:51:27+00:00,7.75,1004.87,84.96
2025-12-21T16:51:42+00:00,7.74,1004.84,84.96
2025-12-21T16:51:57+00:00,7.74,1004.84,84.98
2025-12-21T16:52:12+00:00,7.73,1004.83,85.00
2025-12-21T16:52:27+00:00,7.71,1004.88,84.99
2025-12-21T16:52:42+00:00,7.69,1004.82,85.02
2025-12-21T16:52:57+00:00,7.69,1004.87,85.06
2025-12-21T16:53:12+00:00,7.66,1004.83,85.09
2025-12-21T16:53:27+00:00,7.65,1004.81,85.09
2025-12-21T16:53:42+00:00,7.64,1004.85,85.10
2025-12-21T16:53:57+00:00,7.64,1004.85,85.14
2025-12-21T16:54:12+00:00,7.62,1004.87,85.15
2025-12-21T16:54:27+00:00,7.61,1004.85,85.14
2025-12-21T16:54:42+00:00,7.62,1004.92,85.16
2025-12-21T16:54:57+00:00,7.60,1004.84,85.16
2025-12-21T16:55:12+00:00,7.59,1004.87,85.15
2025-12-21T16:55:27+00:00,7.57,1004.81,85.17
2025-12-21T16:55:42+00:00,7.57,1004.89,85.16
2025-12-21T16:55:57+00:00,7.56,1004.88,85.16
2025-12-21T16:56:12+00:00,7.54,1004.85,85.22
2025-12-21T16:56:27+00:00,7.52,1004.87,85.21
2025-12-21T16:56:42+00:00,7.52,1004.85,85.22
2025-12-21T16:56:57+00:00,7.51,1004.85,85.25
2025-12-21T16:57:12+00:00,7.50,1004.89,85.33
2025-12-21T16:57:27+00:00,7.49,1004.87,85.34
2025-12-21T16:57:42+00:00,7.49,1004.90,85.41
2025-12-21T16:57:57+00:00,7.49,1004.90,85.42
2025-12-21T16:58:12+00:00,7.48,1004.86,85.48
2025-12-21T16:58:27+00:00,7.48,1004.85,85.49
2025-12-21T16:58:42+00:00,7.46,1004.87,85.48
2025-12-21T16:58:57+00:00,7.45,1004.86,85.49
2025-12-21T16:59:12+00:00,7.45,1004.80,85.52
2025-12-21T16:59:27+00:00,7.44,1004.89,85.54
2025-12-21T16:59:42+00:00,7.43,1004.89,85.54
2025-12-21T16:59:57+00:00,7.43,1004.88,85.53
2025-12-21T17:00:12+00:00,7.41,1004.85,85.55
2025-12-21T17:00:27+00:00,7.41,1004.88,85.54
2025-12-21T17:00:42+00:00,7.40,1004.89,85.60
2025-12-21T17:00:57+00:00,7.40,1004.86,85.66
2025-12-21T17:01:12+00:00,7.38,1004.79,85.69
2025-12-21T17:01:27+00:00,7.38,1004.86,85.72
2025-12-21T17:01:42+00:00,7.37,1004.78,85.76
2025-12-21T17:01:57+00:00,7.37,1004.83,85.78
2025-12-21T17:02:12+00:00,7.37,1004.83,85.83
2025-12-21T17:02:27+00:00,7.35,1004.83,85.84
2025-12-21T17:02:42+00:00,7.36,1004.90,85.89
2025-12-21T17:02:57+00:00,7.34,1004.82,85.89
2025-12-21T17:03:12+00:00,7.34,1004.82,85.92
2025-12-21T17:03:27+00:00,7.33,1004.82,85.90
2025-12-21T17:03:42+00:00,7.32,1004.78,85.91
2025-12-21T17:03:57+00:00,7.31,1004.88,85.95
2025-12-21T17:04:12+00:00,7.30,1004.82,86.02
2025-12-21T17:04:27+00:00,7.30,1004.89,86.01
2025-12-21T17:04:42+00:00,7.29,1004.86,86.07
2025-12-21T17:04:57+00:00,7.29,1004.81,86.13
2025-12-21T17:05:12+00:00,7.28,1004.85,86.16
2025-12-21T17:05:27+00:00,7.27,1004.78,86.20
2025-12-21T17:05:42+00:00,7.27,1004.83,86.23
2025-12-21T17:05:57+00:00,7.28,1004.87,86.27
2025-12-21T17:06:12+00:00,7.27,1004.83,86.31
2025-12-21T17:06:27+00:00,7.27,1004.86,86.37
2025-12-21T17:06:42+00:00,7.26,1004.76,86.39
2025-12-21T17:06:57+00:00,7.26,1004.87,86.43
2025-12-21T17:07:12+00:00,7.25,1004.86,86.46
2025-12-21T17:07:27+00:00,7.25,1004.85,86.48
2025-12-21T17:07:42+00:00,7.25,1004.80,86.52
2025-12-21T17:07:57+00:00,7.24,1004.79,86.54
2025-12-21T17:08:12+00:00,7.25,1004.79,86.55
2025-12-21T17:08:27+00:00,7.24,1004.84,86.55
2025-12-21T17:08:42+00:00,7.24,1004.78,86.56
2025-12-21T17:08:57+00:00,7.23,1004.88,86.56
2025-12-21T17:09:12+00:00,7.23,1004.82,86.56
2025-12-21T17:09:27+00:00,7.22,1004.80,86.54
2025-12-21T17:09:42+00:00,7.21,1004.79,86.53
2025-12-21T17:09:57+00:00,7.21,1004.89,86.52
2025-12-21T17:10:12+00:00,7.21,1004.81,86.53
2025-12-21T17:10:27+00:00,7.19,1004.81,86.53
2025-12-21T17:10:42+00:00,7.19,1004.87,86.54
2025-12-21T17:10:57+00:00,7.18,1004.82,86.57
2025-12-21T17:11:12+00:00,7.17,1004.83,86.59
2025-12-21T17:11:27+00:00,7.19,1004.87,86.63
2025-12-21T17:11:42+00:00,7.18,1004.84,86.68
2025-12-21T17:11:57+00:00,7.18,1004.81,86.72
2025-12-21T17:12:12+00:00,7.18,1004.84,86.73
2025-12-21T17:12:27+00:00,7.17,1004.88,86.75
2025-12-21T17:12:42+00:00,7.18,1004.89,86.80
2025-12-21T17:12:57+00:00,7.17,1004.89,86.85
2025-12-21T17:13:12+00:00,7.18,1004.89,86.89
2025-12-21T17:13:27+00:00,7.18,1004.81,86.89
2025-12-21T17:13:42+00:00,7.18,1004.81,86.91
2025-12-21T17:13:57+00:00,7.18,1004.89,86.95
2025-12-21T17:14:12+00:00,7.18,1004.84,86.99
2025-12-21T17:14:27+00:00,7.18,1004.89,87.01
2025-12-21T17:14:42+00:00,7.17,1004.89,87.02
2025-12-21T17:14:57+00:00,7.18,1004.87,87.06
2025-12-21T17:15:12+00:00,7.18,1004.89,87.10
2025-12-21T17:15:27+00:00,7.19,1004.83,87.11
2025-12-21T17:15:42+00:00,7.19,1004.86,87.10
2025-12-21T17:15:57+00:00,7.18,1004.79,87.12
2025-12-21T17:16:12+00:00,7.19,1004.88,87.13
2025-12-21T17:16:27+00:00,7.19,1004.91,87.11
2025-12-21T17:16:42+00:00,7.19,1004.86,87.13
2025-12-21T17:16:57+00:00,7.18,1004.79,87.14
2025-12-21T17:17:12+00:00,7.18,1004.81,87.14
2025-12-21T17:17:27+00:00,7.18,1004.88,87.16
2025-12-21T17:17:42+00:00,7.18,1004.85,87.16
2025-12-21T17:17:57+00:00,7.19,1004.92,87.20
2025-12-21T17:18:12+00:00,7.19,1004.91,87.19
2025-12-21T17:18:27+00:00,7.18,1004.81,87.18
2025-12-21T17:18:42+00:00,7.18,1004.87,87.17
2025-12-21T17:18:57+00:00,7.16,1004.82,87.12
2025-12-21T17:19:12+00:00,7.16,1004.92,87.10
2025-12-21T17:19:27+00:00,7.15,1004.87,87.05
2025-12-21T17:19:42+00:00,7.15,1004.90,87.01
2025-12-21T17:19:57+00:00,7.14,1004.88,86.97
2025-12-21T17:20:12+00:00,7.12,1004.82,86.94
2025-12-21T17:20:27+00:00,7.10,1004.88,86.89
2025-12-21T17:20:42+00:00,7.10,1004.90,86.84
2025-12-21T17:20:57+00:00,7.09,1004.88,86.82
2025-12-21T17:21:12+00:00,7.08,1004.89,86.78
2025-12-21T17:21:27+00:00,7.06,1004.89,86.73
2025-12-21T17:21:42+00:00,7.05,1004.89,86.67
2025-12-21T17:21:57+00:00,7.03,1004.89,86.63
2025-12-21T17:22:12+00:00,7.03,1004.89,86.58
2025-12-21T17:22:27+00:00,7.01,1004.84,86.56
2025-12-21T17:22:42+00:00,7.00,1004.97,86.55
2025-12-21T17:22:57+00:00,6.99,1004.91,86.57
2025-12-21T17:23:12+00:00,6.98,1004.87,86.56
2025-12-21T17:23:27+00:00,6.98,1004.91,86.55
2025-12-21T17:23:42+00:00,6.97,1004.90,86.52
2025-12-21T17:23:57+00:00,6.96,1004.91,86.49
2025-12-21T17:24:12+00:00,6.95,1004.92,86.49
2025-12-21T17:24:27+00:00,6.94,1004.90,86.46
2025-12-21T17:24:42+00:00,6.93,1004.88,86.43
2025-12-21T17:24:57+00:00,6.92,1004.89,86.43
2025-12-21T17:25:12+00:00,6.91,1004.85,86.43
2025-12-21T17:25:27+00:00,6.90,1004.86,86.43
2025-12-21T17:25:42+00:00,6.89,1004.88,86.44
2025-12-21T17:25:57+00:00,6.88,1004.89,86.47
2025-12-21T17:26:12+00:00,6.88,1004.91,86.50
2025-12-21T17:26:27+00:00,6.88,1004.91,86.53
2025-12-21T17:26:42+00:00,6.87,1004.86,86.55
2025-12-21T17:26:57+00:00,6.86,1004.91,86.56
2025-12-21T17:27:12+00:00,6.86,1004.93,86.59
2025-12-21T17:27:27+00:00,6.85,1004.97,86.60
2025-12-21T17:27:42+00:00,6.84,1004.88,86.59
2025-12-21T17:27:57+00:00,6.84,1004.90,86.59
2025-12-21T17:28:12+00:00,6.83,1004.88,86.60
2025-12-21T17:28:27+00:00,6.82,1004.90,86.59
2025-12-21T17:28:42+00:00,6.83,1004.96,86.58
2025-12-21T17:28:57+00:00,6.83,1004.85,86.58
2025-12-21T17:29:12+00:00,6.81,1004.93,86.55
2025-12-21T17:29:27+00:00,6.81,1004.98,86.54
2025-12-21T17:29:42+00:00,6.79,1004.91,86.53
2025-12-21T17:29:57+00:00,6.78,1004.95,86.49
2025-12-21T17:30:12+00:00,6.77,1004.93,86.45
2025-12-21T17:30:27+00:00,6.76,1004.91,86.40
2025-12-21T17:30:42+00:00,6.75,1004.90,86.39
2025-12-21T17:30:57+00:00,6.75,1004.98,86.39
2025-12-21T17:31:12+00:00,6.73,1004.94,86.42
2025-12-21T17:31:27+00:00,6.72,1004.89,86.43
2025-12-21T17:31:42+00:00,6.72,1004.89,86.45
2025-12-21T17:31:57+00:00,6.70,1004.98,86.43
2025-12-21T17:32:12+00:00,6.70,1004.92,86.44
2025-12-21T17:32:27+00:00,6.70,1004.98,86.42
2025-12-21T17:32:42+00:00,6.69,1004.95,86.38
2025-12-21T17:32:57+00:00,6.68,1005.00,86.35
2025-12-21T17:33:12+00:00,6.68,1004.93,86.33
2025-12-21T17:33:27+00:00,6.67,1004.92,86.34
2025-12-21T17:33:42+00:00,6.65,1004.94,86.31
2025-12-21T17:33:57+00:00,6.64,1004.93,86.29
2025-12-21T17:34:12+00:00,6.64,1004.93,86.27
2025-12-21T17:34:27+00:00,6.62,1004.95,86.27
2025-12-21T17:34:42+00:00,6.63,1004.96,86.26
2025-12-21T17:34:57+00:00,6.62,1004.95,86.24
2025-12-21T17:35:12+00:00,6.61,1004.96,86.24
2025-12-21T17:35:27+00:00,6.60,1004.97,86.23
2025-12-21T17:35:42+00:00,6.59,1004.93,86.21
2025-12-21T17:35:57+00:00,6.58,1004.88,86.20
2025-12-21T17:36:12+00:00,6.58,1004.98,86.14
2025-12-21T17:36:27+00:00,6.57,1004.97,86.14
2025-12-21T17:36:42+00:00,6.56,1004.90,86.11
2025-12-21T17:36:57+00:00,6.56,1004.90,86.09
2025-12-21T17:37:12+00:00,6.54,1004.95,86.10
2025-12-21T17:37:27+00:00,6.54,1004.98,86.08
2025-12-21T17:37:42+00:00,6.53,1004.96,86.11
2025-12-21T17:37:57+00:00,6.52,1004.89,86.13
2025-12-21T17:38:12+00:00,6.51,1004.98,86.14
2025-12-21T17:38:27+00:00,6.50,1004.91,86.22
2025-12-21T17:38:42+00:00,6.51,1004.92,86.25
2025-12-21T17:38:57+00:00,6.51,1004.92,86.26
2025-12-21T17:39:12+00:00,6.51,1004.92,86.27
2025-12-21T17:39:27+00:00,6.51,1004.95,86.29
2025-12-21T17:39:42+00:00,6.50,1004.91,86.33
2025-12-21T17:39:57+00:00,6.49,1004.91,86.36
2025-12-21T17:40:12+00:00,6.48,1004.88,86.40
2025-12-21T17:40:27+00:00,6.49,1004.90,86.45
2025-12-21T17:40:42+00:00,6.47,1004.92,86.49
2025-12-21T17:40:57+00:00,6.48,1005.01,86.54
2025-12-21T17:41:12+00:00,6.48,1004.93,86.58
2025-12-21T17:41:27+00:00,6.48,1004.93,86.65
2025-12-21T17:41:42+00:00,6.48,1004.93,86.67
2025-12-21T17:41:57+00:00,6.48,1004.93,86.70
2025-12-21T17:42:12+00:00,6.47,1004.89,86.71
2025-12-21T17:42:27+00:00,6.48,1004.91,86.77
2025-12-21T17:42:42+00:00,6.49,1004.94,86.81
2025-12-21T17:42:57+00:00,6.48,1004.88,86.83
2025-12-21T17:43:12+00:00,6.48,1004.93,86.83
2025-12-21T17:43:27+00:00,6.47,1004.92,86.89
2025-12-21T17:43:42+00:00,6.48,1004.98,86.90
2025-12-21T17:43:57+00:00,6.47,1004.96,86.93
2025-12-21T17:44:12+00:00,6.48,1004.96,86.95
2025-12-21T17:44:27+00:00,6.48,1004.93,87.00
2025-12-21T17:44:42+00:00,6.47,1004.89,87.00
2025-12-21T17:44:57+00:00,6.46,1004.95,87.03
2025-12-21T17:45:12+00:00,6.47,1004.96,87.03
2025-12-21T17:45:27+00:00,6.47,1004.89,87.05
2025-12-21T17:45:42+00:00,6.47,1004.96,87.07
2025-12-21T17:45:57+00:00,6.46,1004.89,87.09
2025-12-21T17:46:12+00:00,6.46,1005.01,87.11
2025-12-21T17:46:27+00:00,6.46,1004.97,87.11
2025-12-21T17:46:42+00:00,6.45,1004.99,87.08
2025-12-21T17:46:57+00:00,6.44,1004.94,87.09
2025-12-21T17:47:12+00:00,6.44,1004.97,87.15
2025-12-21T17:47:27+00:00,6.43,1004.96,87.17
2025-12-21T17:47:42+00:00,6.43,1004.98,87.20
2025-12-21T17:47:57+00:00,6.43,1004.95,87.21
2025-12-21T17:48:12+00:00,6.43,1004.99,87.25
2025-12-21T17:48:27+00:00,6.42,1005.01,87.27
2025-12-21T17:48:42+00:00,6.41,1004.98,87.26
2025-12-21T17:48:57+00:00,6.41,1004.97,87.28
2025-12-21T17:49:12+00:00,6.42,1004.96,87.32
2025-12-21T17:49:27+00:00,6.41,1004.94,87.32
2025-12-21T17:49:42+00:00,6.40,1005.02,87.33
2025-12-21T17:49:57+00:00,6.40,1004.95,87.34
2025-12-21T17:50:12+00:00,6.40,1004.96,87.39
2025-12-21T17:50:27+00:00,6.40,1004.98,87.40
2025-12-21T17:50:42+00:00,6.40,1004.96,87.44
2025-12-21T17:50:57+00:00,6.40,1004.96,87.47
2025-12-21T17:51:12+00:00,6.41,1005.01,87.50
2025-12-21T17:51:27+00:00,6.40,1004.94,87.52
2025-12-21T17:51:42+00:00,6.40,1004.91,87.54
2025-12-21T17:51:57+00:00,6.40,1004.99,87.55
2025-12-21T17:52:12+00:00,6.39,1004.92,87.57
2025-12-21T17:52:27+00:00,6.40,1004.98,87.59
2025-12-21T17:52:42+00:00,6.39,1004.97,87.57
2025-12-21T17:52:57+00:00,6.38,1004.96,87.57
2025-12-21T17:53:12+00:00,6.38,1004.97,87.58
2025-12-21T17:53:27+00:00,6.37,1004.97,87.56
2025-12-21T17:53:42+00:00,6.36,1004.90,87.55
2025-12-21T17:53:57+00:00,6.36,1004.95,87.50
2025-12-21T17:54:12+00:00,6.36,1004.97,87.49
2025-12-21T17:54:27+00:00,6.34,1004.97,87.46
2025-12-21T17:54:42+00:00,6.34,1004.96,87.42
2025-12-21T17:54:57+00:00,6.33,1004.95,87.39
2025-12-21T17:55:12+00:00,6.32,1005.04,87.39
2025-12-21T17:55:27+00:00,6.30,1004.96,87.38
2025-12-21T17:55:42+00:00,6.30,1005.00,87.39
2025-12-21T17:55:57+00:00,6.29,1004.94,87.39
2025-12-21T17:56:12+00:00,6.28,1004.92,87.40
2025-12-21T17:56:27+00:00,6.28,1004.98,87.41
2025-12-21T17:56:42+00:00,6.27,1004.95,87.38
2025-12-21T17:56:57+00:00,6.27,1004.95,87.37
2025-12-21T17:57:12+00:00,6.26,1004.89,87.35
2025-12-21T17:57:27+00:00,6.25,1005.01,87.29
2025-12-21T17:57:42+00:00,6.24,1005.05,87.35
2025-12-21T17:57:57+00:00,6.23,1005.00,87.36
2025-12-21T17:58:12+00:00,6.23,1004.99,87.37
2025-12-21T17:58:27+00:00,6.20,1004.95,87.34
2025-12-21T17:58:42+00:00,6.20,1004.95,87.32
2025-12-21T17:58:57+00:00,6.19,1004.93,87.33
2025-12-21T17:59:12+00:00,6.19,1004.98,87.31
2025-12-21T17:59:27+00:00,6.18,1005.03,87.26
2025-12-21T17:59:42+00:00,6.17,1005.00,87.20
2025-12-21T17:59:57+00:00,6.16,1004.99,87.17
2025-12-21T18:00:12+00:00,6.15,1005.03,87.18
2025-12-21T18:00:27+00:00,6.13,1005.02,87.15
2025-12-21T18:00:42+00:00,6.13,1004.99,87.16
2025-12-21T18:00:57+00:00,6.11,1004.99,87.15
2025-12-21T18:01:12+00:00,6.11,1004.99,87.13
2025-12-21T18:01:27+00:00,6.09,1004.99,87.12
2025-12-21T18:01:42+00:00,6.09,1005.04,87.07
2025-12-21T18:01:57+00:00,6.08,1005.00,87.07
2025-12-21T18:02:12+00:00,6.07,1005.02,87.09
2025-12-21T18:02:27+00:00,6.06,1004.99,87.10
2025-12-21T18:02:42+00:00,6.05,1005.00,87.12
2025-12-21T18:02:57+00:00,6.06,1004.99,87.13
2025-12-21T18:03:12+00:00,6.05,1004.97,87.13
2025-12-21T18:03:27+00:00,6.04,1005.07,87.11
2025-12-21T18:03:42+00:00,6.03,1005.03,87.13
2025-12-21T18:03:57+00:00,6.02,1005.01,87.15
2025-12-21T18:04:12+00:00,6.02,1005.04,87.14
2025-12-21T18:04:27+00:00,6.01,1005.07,87.18
2025-12-21T18:04:42+00:00,6.01,1005.00,87.20
2025-12-21T18:04:57+00:00,6.01,1005.05,87.21
2025-12-21T18:05:12+00:00,6.01,1005.04,87.22
2025-12-21T18:05:27+00:00,5.99,1005.02,87.20
2025-12-21T18:05:42+00:00,6.00,1005.05,87.18
2025-12-21T18:05:57+00:00,6.00,1005.02,87.18
2025-12-21T18:06:12+00:00,5.99,1005.03,87.17
2025-12-21T18:06:27+00:00,5.99,1005.07,87.17
2025-12-21T18:06:42+00:00,5.99,1005.09,87.18
2025-12-21T18:06:57+00:00,5.98,1004.99,87.22
2025-12-21T18:07:12+00:00,5.97,1005.01,87.20
2025-12-21T18:07:27+00:00,5.97,1005.09,87.17
2025-12-21T18:07:42+00:00,5.96,1005.04,87.16
2025-12-21T18:07:57+00:00,5.96,1004.98,87.21
2025-12-21T18:08:12+00:00,5.95,1005.03,87.21
2025-12-21T18:08:27+00:00,5.96,1005.09,87.19
2025-12-21T18:08:42+00:00,5.95,1005.08,87.18
2025-12-21T18:08:57+00:00,5.95,1004.99,87.19
2025-12-21T18:09:12+00:00,5.94,1005.00,87.18
2025-12-21T18:09:27+00:00,5.94,1004.99,87.16
2025-12-21T18:09:42+00:00,5.93,1005.00,87.17
2025-12-21T18:09:57+00:00,5.92,1005.01,87.21
2025-12-21T18:10:12+00:00,5.92,1005.03,87.23
2025-12-21T18:10:27+00:00,5.92,1005.01,87.27
2025-12-21T18:10:42+00:00,5.93,1004.99,87.30
2025-12-21T18:10:57+00:00,5.92,1004.97,87.32
2025-12-21T18:11:12+00:00,5.91,1004.91,87.32
2025-12-21T18:11:27+00:00,5.91,1004.96,87.32
2025-12-21T18:11:42+00:00,5.91,1005.01,87.30
2025-12-21T18:11:57+00:00,5.91,1005.01,87.30
2025-12-21T18:12:12+00:00,5.91,1004.95,87.29
2025-12-21T18:12:27+00:00,5.90,1004.97,87.33
2025-12-21T18:12:42+00:00,5.90,1005.02,87.33
2025-12-21T18:12:57+00:00,5.91,1004.95,87.34
2025-12-21T18:13:12+00:00,5.90,1004.94,87.35
2025-12-21T18:13:27+00:00,5.90,1004.94,87.35
2025-12-21T18:13:42+00:00,5.89,1005.00,87.34
2025-12-21T18:13:57+00:00,5.88,1004.96,87.37
2025-12-21T18:14:12+00:00,5.89,1005.03,87.38
2025-12-21T18:14:27+00:00,5.89,1004.98,87.41
2025-12-21T18:14:42+00:00,5.88,1005.01,87.43
2025-12-21T18:14:57+00:00,5.88,1004.93,87.43
2025-12-21T18:15:12+00:00,5.88,1004.90,87.44
2025-12-21T18:15:27+00:00,5.88,1005.01,87.44
2025-12-21T18:15:42+00:00,5.87,1005.00,87.43
2025-12-21T18:15:57+00:00,5.87,1004.90,87.45
2025-12-21T18:16:12+00:00,5.86,1004.93,87.45
2025-12-21T18:16:27+00:00,5.86,1005.06,87.46
2025-12-21T18:16:42+00:00,5.85,1004.97,87.48
2025-12-21T18:16:57+00:00,5.85,1004.91,87.50
2025-12-21T18:17:12+00:00,5.84,1004.95,87.52
2025-12-21T18:17:27+00:00,5.86,1005.06,87.52
2025-12-21T18:17:42+00:00,5.84,1004.95,87.50
2025-12-21T18:17:57+00:00,5.84,1004.98,87.50
2025-12-21T18:18:12+00:00,5.84,1005.04,87.50
2025-12-21T18:18:27+00:00,5.83,1005.02,87.50
2025-12-21T18:18:42+00:00,5.83,1004.96,87.50
2025-12-21T18:18:57+00:00,5.82,1004.99,87.49
2025-12-21T18:19:12+00:00,5.82,1005.02,87.49
2025-12-21T18:19:27+00:00,5.81,1004.99,87.50
2025-12-21T18:19:42+00:00,5.81,1004.93,87.53
2025-12-21T18:19:57+00:00,5.81,1005.06,87.52
2025-12-21T18:20:12+00:00,5.80,1004.96,87.55
2025-12-21T18:20:27+00:00,5.79,1005.08,87.58
2025-12-21T18:20:42+00:00,5.79,1005.01,87.58
2025-12-21T18:20:57+00:00,5.79,1004.97,87.60
2025-12-21T18:21:12+00:00,5.79,1005.01,87.62
2025-12-21T18:21:27+00:00,5.79,1005.03,87.64
2025-12-21T18:21:42+00:00,5.79,1005.01,87.64
2025-12-21T18:21:57+00:00,5.79,1005.08,87.64
2025-12-21T18:22:12+00:00,5.79,1005.08,87.65
2025-12-21T18:22:27+00:00,5.78,1005.06,87.64
2025-12-21T18:22:42+00:00,5.77,1005.05,87.65
2025-12-21T18:22:57+00:00,5.78,1005.03,87.68
2025-12-21T18:23:12+00:00,5.77,1004.97,87.70
2025-12-21T18:23:27+00:00,5.78,1005.01,87.72
2025-12-21T18:23:42+00:00,5.77,1005.00,87.77
2025-12-21T18:23:57+00:00,5.77,1005.00,87.78
2025-12-21T18:24:12+00:00,5.77,1005.05,87.79
2025-12-21T18:24:27+00:00,5.78,1005.06,87.78
2025-12-21T18:24:42+00:00,5.77,1005.05,87.80
2025-12-21T18:24:57+00:00,5.77,1005.03,87.82
2025-12-21T18:25:12+00:00,5.77,1004.94,87.85
2025-12-21T18:25:27+00:00,5.77,1005.05,87.90
2025-12-21T18:25:42+00:00,5.77,1005.02,87.89
2025-12-21T18:25:57+00:00,5.76,1005.04,87.89
2025-12-21T18:26:12+00:00,5.77,1005.02,87.90
2025-12-21T18:26:27+00:00,5.78,1005.06,87.90
2025-12-21T18:26:42+00:00,5.77,1005.05,87.91
2025-12-21T18:26:57+00:00,5.77,1005.02,87.92
2025-12-21T18:27:12+00:00,5.77,1005.05,87.91
2025-12-21T18:27:27+00:00,5.76,1005.01,87.91
2025-12-21T18:27:42+00:00,5.77,1005.11,87.92
2025-12-21T18:27:57+00:00,5.76,1005.06,87.90
2025-12-21T18:28:12+00:00,5.76,1005.08,87.90
2025-12-21T18:28:27+00:00,5.75,1004.98,87.91
2025-12-21T18:28:42+00:00,5.76,1005.11,87.89
2025-12-21T18:28:57+00:00,5.76,1005.08,87.89
2025-12-21T18:29:12+00:00,5.74,1005.08,87.88
2025-12-21T18:29:27+00:00,5.75,1005.02,87.85
2025-12-21T18:29:42+00:00,5.73,1004.98,87.84
2025-12-21T18:29:57+00:00,5.74,1005.08,87.81
2025-12-21T18:30:12+00:00,5.73,1005.03,87.82
2025-12-21T18:30:27+00:00,5.72,1005.02,87.83
2025-12-21T18:30:42+00:00,5.72,1005.02,87.87
2025-12-21T18:30:57+00:00,5.72,1005.08,87.85
2025-12-21T18:31:12+00:00,5.73,1005.01,87.88
2025-12-21T18:31:27+00:00,5.72,1005.08,87.90
2025-12-21T18:31:42+00:00,5.73,1005.01,87.94
2025-12-21T18:31:57+00:00,5.72,1005.05,87.94
2025-12-21T18:32:12+00:00,5.72,1005.05,87.98
2025-12-21T18:32:27+00:00,5.72,1004.97,87.99
2025-12-21T18:32:42+00:00,5.73,1005.11,88.03
2025-12-21T18:32:57+00:00,5.72,1005.05,88.08
2025-12-21T18:33:12+00:00,5.73,1005.01,88.10
2025-12-21T18:33:27+00:00,5.72,1005.02,88.14
2025-12-21T18:33:42+00:00,5.72,1005.00,88.17
2025-12-21T18:33:57+00:00,5.73,1004.99,88.20
2025-12-21T18:34:12+00:00,5.74,1005.02,88.28
2025-12-21T18:34:27+00:00,5.74,1005.05,88.29
2025-12-21T18:34:42+00:00,5.73,1005.03,88.30
2025-12-21T18:34:57+00:00,5.74,1005.03,88.33
2025-12-21T18:35:12+00:00,5.73,1005.01,88.36
2025-12-21T18:35:27+00:00,5.74,1005.03,88.39
2025-12-21T18:35:42+00:00,5.75,1005.04,88.39
2025-12-21T18:35:57+00:00,5.74,1005.08,88.42
2025-12-21T18:36:12+00:00,5.74,1005.05,88.41
2025-12-21T18:36:27+00:00,5.73,1005.04,88.40
2025-12-21T18:36:42+00:00,5.74,1005.05,88.42
2025-12-21T18:36:57+00:00,5.73,1005.01,88.42
2025-12-21T18:37:12+00:00,5.72,1005.02,88.46
2025-12-21T18:37:27+00:00,5.73,1005.01,88.47
2025-12-21T18:37:42+00:00,5.73,1005.09,88.47
2025-12-21T18:37:57+00:00,5.72,1005.04,88.47
2025-12-21T18:38:12+00:00,5.73,1005.03,88.48
2025-12-21T18:38:27+00:00,5.72,1005.04,88.51
2025-12-21T18:38:42+00:00,5.73,1005.03,88.49
2025-12-21T18:38:57+00:00,5.71,1005.06,88.48
2025-12-21T18:39:12+00:00,5.71,1005.08,88.47
2025-12-21T18:39:27+00:00,5.70,1005.04,88.48
2025-12-21T18:39:42+00:00,5.70,1005.04,88.47
2025-12-21T18:39:57+00:00,5.70,1005.09,88.47
2025-12-21T18:40:12+00:00,5.69,1005.05,88.46
2025-12-21T18:40:27+00:00,5.68,1004.96,88.48
2025-12-21T18:40:42+00:00,5.68,1005.08,88.49
2025-12-21T18:40:57+00:00,5.68,1005.06,88.51
2025-12-21T18:41:12+00:00,5.68,1005.12,88.53
2025-12-21T18:41:27+00:00,5.67,1004.99,88.53
2025-12-21T18:41:42+00:00,5.67,1005.02,88.54
2025-12-21T18:41:57+00:00,5.67,1005.13,88.57
2025-12-21T18:42:12+00:00,5.67,1005.08,88.55
2025-12-21T18:42:27+00:00,5.67,1005.15,88.54
2025-12-21T18:42:42+00:00,5.67,1005.10,88.54
2025-12-21T18:42:57+00:00,5.67,1005.12,88.57
2025-12-21T18:43:12+00:00,5.67,1005.09,88.60
2025-12-21T18:43:27+00:00,5.67,1005.08,88.60
2025-12-21T18:43:42+00:00,5.66,1005.10,88.58
2025-12-21T18:43:57+00:00,5.66,1005.13,88.57
2025-12-21T18:44:12+00:00,5.65,1005.07,88.57
2025-12-21T18:44:27+00:00,5.65,1005.11,88.58
2025-12-21T18:44:42+00:00,5.65,1005.06,88.59
2025-12-21T18:44:57+00:00,5.64,1005.10,88.61
2025-12-21T18:45:12+00:00,5.65,1005.11,88.63
2025-12-21T18:45:27+00:00,5.63,1005.14,88.64
2025-12-21T18:45:42+00:00,5.64,1005.08,88.66
2025-12-21T18:45:57+00:00,5.64,1005.13,88.65
2025-12-21T18:46:12+00:00,5.64,1005.15,88.68
2025-12-21T18:46:27+00:00,5.63,1005.05,88.70
2025-12-21T18:46:42+00:00,5.62,1005.07,88.72
2025-12-21T18:46:57+00:00,5.62,1005.13,88.72
2025-12-21T18:47:12+00:00,5.62,1005.07,88.72
2025-12-21T18:47:27+00:00,5.62,1005.09,88.73
2025-12-21T18:47:42+00:00,5.61,1005.02,88.72
2025-12-21T18:47:57+00:00,5.61,1005.03,88.72
2025-12-21T18:48:12+00:00,5.61,1005.14,88.71
2025-12-21T18:48:27+00:00,5.60,1005.15,88.69
2025-12-21T18:48:42+00:00,5.61,1005.05,88.69
2025-12-21T18:48:57+00:00,5.59,1005.12,88.70
2025-12-21T18:49:12+00:00,5.59,1005.13,88.70
2025-12-21T18:49:27+00:00,5.58,1005.11,88.71
2025-12-21T18:49:42+00:00,5.58,1005.11,88.71
2025-12-21T18:49:57+00:00,5.57,1005.02,88.70
2025-12-21T18:50:12+00:00,5.57,1005.12,88.71
2025-12-21T18:50:27+00:00,5.57,1005.06,88.72
2025-12-21T18:50:42+00:00,5.56,1005.05,88.74
2025-12-21T18:50:57+00:00,5.56,1005.05,88.74
2025-12-21T18:51:12+00:00,5.55,1005.06,88.77
2025-12-21T18:51:27+00:00,5.56,1005.05,88.81
2025-12-21T18:51:42+00:00,5.55,1005.06,88.82
2025-12-21T18:51:57+00:00,5.55,1005.11,88.84
2025-12-21T18:52:12+00:00,5.56,1005.07,88.85
2025-12-21T18:52:27+00:00,5.55,1005.06,88.86
2025-12-21T18:52:42+00:00,5.55,1005.03,88.86
2025-12-21T18:52:57+00:00,5.54,1005.07,88.86
2025-12-21T18:53:12+00:00,5.55,1005.06,88.88
2025-12-21T18:53:27+00:00,5.55,1005.14,88.88
2025-12-21T18:53:42+00:00,5.54,1005.15,88.92
2025-12-21T18:53:57+00:00,5.54,1005.10,88.94
2025-12-21T18:54:12+00:00,5.54,1005.09,88.94
2025-12-21T18:54:27+00:00,5.53,1005.08,88.94
2025-12-21T18:54:42+00:00,5.52,1005.07,88.96
2025-12-21T18:54:57+00:00,5.53,1005.08,88.98
2025-12-21T18:55:12+00:00,5.54,1005.15,88.99
2025-12-21T18:55:27+00:00,5.53,1005.10,89.01
2025-12-21T18:55:42+00:00,5.53,1005.08,89.01
2025-12-21T18:55:57+00:00,5.53,1005.05,89.02
2025-12-21T18:56:12+00:00,5.53,1005.08,89.03
2025-12-21T18:56:27+00:00,5.53,1005.10,89.05
2025-12-21T18:56:42+00:00,5.52,1005.09,89.05
2025-12-21T18:56:57+00:00,5.52,1005.09,89.05
2025-12-21T18:57:12+00:00,5.51,1005.07,89.01
2025-12-21T18:57:27+00:00,5.51,1005.07,89.05
2025-12-21T18:57:42+00:00,5.51,1005.15,89.07
2025-12-21T18:57:57+00:00,5.50,1005.05,89.07
2025-12-21T18:58:12+00:00,5.51,1005.05,89.08
2025-12-21T18:58:27+00:00,5.50,1005.05,89.06
2025-12-21T18:58:42+00:00,5.51,1005.04,89.07
2025-12-21T18:58:57+00:00,5.50,1005.16,89.07
2025-12-21T18:59:12+00:00,5.48,1005.07,89.04
2025-12-21T18:59:27+00:00,5.48,1004.99,89.06
2025-12-21T18:59:42+00:00,5.47,1005.09,89.06
2025-12-21T18:59:57+00:00,5.45,1005.06,89.03
2025-12-21T19:00:12+00:00,5.45,1005.00,89.04
2025-12-21T19:00:27+00:00,5.45,1005.05,89.06
2025-12-21T19:00:42+00:00,5.44,1005.03,89.05
2025-12-21T19:00:57+00:00,5.44,1005.01,89.06
2025-12-21T19:01:12+00:00,5.42,1005.09,89.05
2025-12-21T19:01:27+00:00,5.43,1005.04,89.05
2025-12-21T19:01:42+00:00,5.41,1004.99,89.03
2025-12-21T19:01:57+00:00,5.41,1005.07,89.03
2025-12-21T19:02:12+00:00,5.40,1004.98,89.05
2025-12-21T19:02:27+00:00,5.40,1005.06,89.04
2025-12-21T19:02:42+00:00,5.39,1005.14,89.06
2025-12-21T19:02:57+00:00,5.40,1005.08,89.08
2025-12-21T19:03:12+00:00,5.39,1005.11,89.08
2025-12-21T19:03:27+00:00,5.38,1005.13,89.10
2025-12-21T19:03:42+00:00,5.38,1005.08,89.10
2025-12-21T19:03:57+00:00,5.38,1005.07,89.12
2025-12-21T19:04:12+00:00,5.38,1005.07,89.13
2025-12-21T19:04:27+00:00,5.38,1005.08,89.14
2025-12-21T19:04:42+00:00,5.39,1005.06,89.16
2025-12-21T19:04:57+00:00,5.39,1005.11,89.17
2025-12-21T19:05:12+00:00,5.38,1005.05,89.19
2025-12-21T19:05:27+00:00,5.37,1005.09,89.19
2025-12-21T19:05:42+00:00,5.37,1005.03,89.21
2025-12-21T19:05:57+00:00,5.38,1005.04,89.26
2025-12-21T19:06:12+00:00,5.38,1005.10,89.28
2025-12-21T19:06:27+00:00,5.38,1005.12,89.29
2025-12-21T19:06:42+00:00,5.38,1005.07,89.30
2025-12-21T19:06:57+00:00,5.38,1005.07,89.31
2025-12-21T19:07:12+00:00,5.38,1005.12,89.33
2025-12-21T19:07:27+00:00,5.38,1005.10,89.33
2025-12-21T19:07:42+00:00,5.37,1005.06,89.34
2025-12-21T19:07:57+00:00,5.37,1005.09,89.34
2025-12-21T19:08:12+00:00,5.37,1005.08,89.34
2025-12-21T19:08:27+00:00,5.38,1005.10,89.36
2025-12-21T19:08:42+00:00,5.38,1005.15,89.36
2025-12-21T19:08:57+00:00,5.37,1005.16,89.37
2025-12-21T19:09:12+00:00,5.36,1005.12,89.37
2025-12-21T19:09:27+00:00,5.36,1005.10,89.37
2025-12-21T19:09:42+00:00,5.36,1005.17,89.31
2025-12-21T19:09:57+00:00,5.35,1005.11,89.32
2025-12-21T19:10:12+00:00,5.35,1005.15,89.26
2025-12-21T19:10:27+00:00,5.34,1005.15,89.34
2025-12-21T19:10:42+00:00,5.35,1005.15,89.39
2025-12-21T19:10:57+00:00,5.35,1005.16,89.43
2025-12-21T19:11:12+00:00,5.36,1005.15,89.47
2025-12-21T19:11:27+00:00,5.36,1005.15,89.50
2025-12-21T19:11:42+00:00,5.36,1005.09,89.52
2025-12-21T19:11:57+00:00,5.37,1005.13,89.57
2025-12-21T19:12:12+00:00,5.38,1005.10,89.60
2025-12-21T19:12:27+00:00,5.38,1005.15,89.60
2025-12-21T19:12:42+00:00,5.38,1005.16,89.61
2025-12-21T19:12:57+00:00,5.39,1005.17,89.65
2025-12-21T19:13:12+00:00,5.39,1005.22,89.66
2025-12-21T19:13:27+00:00,5.38,1005.10,89.70
2025-12-21T19:13:42+00:00,5.39,1005.14,89.72
2025-12-21T19:13:57+00:00,5.40,1005.13,89.74
2025-12-21T19:14:12+00:00,5.40,1005.16,89.75
2025-12-21T19:14:27+00:00,5.39,1005.11,89.74
2025-12-21T19:14:42+00:00,5.39,1005.09,89.76
2025-12-21T19:14:57+00:00,5.39,1005.14,89.76
2025-12-21T19:15:12+00:00,5.39,1005.17,89.74
2025-12-21T19:15:27+00:00,5.38,1005.16,89.74
2025-12-21T19:15:42+00:00,5.38,1005.18,89.75
2025-12-21T19:15:57+00:00,5.37,1005.14,89.75
2025-12-21T19:16:12+00:00,5.37,1005.16,89.76
2025-12-21T19:16:27+00:00,5.36,1005.15,89.76
2025-12-21T19:16:42+00:00,5.36,1005.28,89.77
2025-12-21T19:16:57+00:00,5.36,1005.14,89.76
2025-12-21T19:17:12+00:00,5.34,1005.17,89.74
2025-12-21T19:17:27+00:00,5.35,1005.15,89.74
2025-12-21T19:17:42+00:00,5.33,1005.17,89.73
2025-12-21T19:17:57+00:00,5.32,1005.19,89.73
2025-12-21T19:18:12+00:00,5.32,1005.27,89.74
2025-12-21T19:18:27+00:00,5.31,1005.11,89.73
2025-12-21T19:18:42+00:00,5.32,1005.16,89.73
2025-12-21T19:18:57+00:00,5.31,1005.19,89.73
2025-12-21T19:19:12+00:00,5.31,1005.19,89.72
2025-12-21T19:19:27+00:00,5.29,1005.12,89.75
2025-12-21T19:19:42+00:00,5.30,1005.19,89.74
2025-12-21T19:19:57+00:00,5.29,1005.18,89.76
2025-12-21T19:20:12+00:00,5.28,1005.15,89.74
2025-12-21T19:20:27+00:00,5.28,1005.13,89.77
2025-12-21T19:20:42+00:00,5.29,1005.20,89.77
2025-12-21T19:20:57+00:00,5.27,1005.19,89.76
2025-12-21T19:21:12+00:00,5.26,1005.18,89.75
2025-12-21T19:21:27+00:00,5.26,1005.18,89.74
2025-12-21T19:21:42+00:00,5.26,1005.18,89.74
2025-12-21T19:21:57+00:00,5.25,1005.25,89.71
2025-12-21T19:22:12+00:00,5.24,1005.20,89.71
2025-12-21T19:22:27+00:00,5.23,1005.21,89.70
2025-12-21T19:22:42+00:00,5.23,1005.26,89.70
2025-12-21T19:22:57+00:00,5.22,1005.20,89.69
2025-12-21T19:23:12+00:00,5.21,1005.21,89.66
2025-12-21T19:23:27+00:00,5.20,1005.30,89.60
2025-12-21T19:23:42+00:00,5.18,1005.21,89.62
2025-12-21T19:23:57+00:00,5.20,1005.22,89.68
2025-12-21T19:24:12+00:00,5.21,1005.25,89.72
2025-12-21T19:24:27+00:00,5.21,1005.22,89.74
2025-12-21T19:24:42+00:00,5.20,1005.21,89.78
2025-12-21T19:24:57+00:00,5.21,1005.28,89.81
2025-12-21T19:25:12+00:00,5.21,1005.31,89.84
2025-12-21T19:25:27+00:00,5.21,1005.23,89.84
2025-12-21T19:25:42+00:00,5.20,1005.27,89.85
2025-12-21T19:25:57+00:00,5.21,1005.22,89.84
2025-12-21T19:26:12+00:00,5.21,1005.17,89.84
2025-12-21T19:26:27+00:00,5.21,1005.22,89.85
2025-12-21T19:26:42+00:00,5.21,1005.37,89.87
2025-12-21T19:26:57+00:00,5.21,1005.25,89.88
2025-12-21T19:27:12+00:00,5.21,1005.26,89.90
2025-12-21T19:27:27+00:00,5.20,1005.24,89.94
2025-12-21T19:27:42+00:00,5.21,1005.26,89.97
2025-12-21T19:27:57+00:00,5.21,1005.21,89.99
2025-12-21T19:28:12+00:00,5.22,1005.28,90.00
2025-12-21T19:28:27+00:00,5.23,1005.29,90.02
2025-12-21T19:28:42+00:00,5.23,1005.29,90.02
2025-12-21T19:28:57+00:00,5.21,1005.26,90.04
2025-12-21T19:29:12+00:00,5.22,1005.19,90.03
2025-12-21T19:29:27+00:00,5.21,1005.21,90.03
2025-12-21T19:29:42+00:00,5.21,1005.26,90.04
2025-12-21T19:29:57+00:00,5.20,1005.24,90.02
2025-12-21T19:30:12+00:00,5.20,1005.26,90.02
2025-12-21T19:30:27+00:00,5.19,1005.25,90.01
2025-12-21T19:30:42+00:00,5.17,1005.25,89.95
2025-12-21T19:30:57+00:00,5.17,1005.24,89.99
2025-12-21T19:31:12+00:00,5.18,1005.26,90.02
2025-12-21T19:31:27+00:00,5.17,1005.25,90.05
2025-12-21T19:31:42+00:00,5.17,1005.33,90.05
2025-12-21T19:31:57+00:00,5.17,1005.25,90.07
2025-12-21T19:32:12+00:00,5.17,1005.27,90.05
2025-12-21T19:32:27+00:00,5.16,1005.26,90.05
2025-12-21T19:32:42+00:00,5.15,1005.29,90.07
2025-12-21T19:32:57+00:00,5.15,1005.24,90.06
2025-12-21T19:33:12+00:00,5.15,1005.21,90.07
2025-12-21T19:33:27+00:00,5.15,1005.26,90.08
2025-12-21T19:33:42+00:00,5.14,1005.28,90.07
2025-12-21T19:33:57+00:00,5.13,1005.26,90.07
2025-12-21T19:34:12+00:00,5.14,1005.22,90.05
2025-12-21T19:34:27+00:00,5.13,1005.32,90.08
2025-12-21T19:34:42+00:00,5.12,1005.24,90.06
2025-12-21T19:34:57+00:00,5.12,1005.24,90.05
2025-12-21T19:35:12+00:00,5.12,1005.24,90.06
2025-12-21T19:35:27+00:00,5.12,1005.33,90.06
2025-12-21T19:35:42+00:00,5.11,1005.19,90.07
2025-12-21T19:35:57+00:00,5.11,1005.33,90.07
2025-12-21T19:36:12+00:00,5.10,1005.28,90.04
2025-12-21T19:36:27+00:00,5.11,1005.25,90.07
2025-12-21T19:36:42+00:00,5.08,1005.29,90.07
2025-12-21T19:36:57+00:00,5.09,1005.28,90.06
2025-12-21T19:37:12+00:00,5.08,1005.26,90.08
2025-12-21T19:37:27+00:00,5.07,1005.27,90.08
2025-12-21T19:37:42+00:00,5.08,1005.26,90.08
2025-12-21T19:37:57+00:00,5.08,1005.26,90.07
2025-12-21T19:38:12+00:00,5.07,1005.21,90.07
2025-12-21T19:38:27+00:00,5.07,1005.27,90.07
2025-12-21T19:38:42+00:00,5.08,1005.28,90.08
2025-12-21T19:38:57+00:00,5.07,1005.23,90.07
2025-12-21T19:39:12+00:00,5.07,1005.23,90.08
2025-12-21T19:39:27+00:00,5.06,1005.28,90.09
2025-12-21T19:39:42+00:00,5.06,1005.28,90.11
2025-12-21T19:39:57+00:00,5.05,1005.24,90.09
2025-12-21T19:40:12+00:00,5.05,1005.20,90.08
2025-12-21T19:40:27+00:00,5.04,1005.19,90.10
2025-12-21T19:40:42+00:00,5.05,1005.23,90.12
2025-12-21T19:40:57+00:00,5.04,1005.24,90.10
2025-12-21T19:41:12+00:00,5.04,1005.24,90.13
2025-12-21T19:41:27+00:00,5.03,1005.23,90.16
2025-12-21T19:41:42+00:00,5.03,1005.23,90.21
2025-12-21T19:41:57+00:00,5.04,1005.21,90.23
2025-12-21T19:42:12+00:00,5.04,1005.21,90.27
2025-12-21T19:42:27+00:00,5.04,1005.29,90.33
2025-12-21T19:42:42+00:00,5.05,1005.23,90.35
2025-12-21T19:42:57+00:00,5.05,1005.24,90.37
2025-12-21T19:43:12+00:00,5.05,1005.24,90.37
2025-12-21T19:43:27+00:00,5.06,1005.28,90.39
2025-12-21T19:43:42+00:00,5.07,1005.23,90.39
2025-12-21T19:43:57+00:00,5.06,1005.23,90.40
2025-12-21T19:44:12+00:00,5.06,1005.25,90.41
2025-12-21T19:44:27+00:00,5.06,1005.28,90.41
2025-12-21T19:44:42+00:00,5.06,1005.23,90.41
2025-12-21T19:44:57+00:00,5.06,1005.22,90.43
2025-12-21T19:45:12+00:00,5.06,1005.22,90.43
2025-12-21T19:45:27+00:00,5.05,1005.26,90.44
2025-12-21T19:45:42+00:00,5.06,1005.22,90.46
2025-12-21T19:45:57+00:00,5.05,1005.26,90.45
2025-12-21T19:46:12+00:00,5.05,1005.21,90.47
2025-12-21T19:46:27+00:00,5.05,1005.20,90.48
2025-12-21T19:46:42+00:00,5.05,1005.18,90.51
2025-12-21T19:46:57+00:00,5.04,1005.22,90.49
2025-12-21T19:47:12+00:00,5.04,1005.25,90.53
2025-12-21T19:47:27+00:00,5.04,1005.25,90.51
2025-12-21T19:47:42+00:00,5.04,1005.25,90.53
2025-12-21T19:47:57+00:00,5.03,1005.23,90.54
2025-12-21T19:48:12+00:00,5.04,1005.24,90.53
2025-12-21T19:48:27+00:00,5.03,1005.25,90.55
2025-12-21T19:48:42+00:00,5.02,1005.21,90.52
2025-12-21T19:48:57+00:00,5.02,1005.19,90.53
2025-12-21T19:49:12+00:00,5.02,1005.24,90.52
2025-12-21T19:49:27+00:00,5.02,1005.24,90.55
2025-12-21T19:49:42+00:00,5.02,1005.26,90.55
2025-12-21T19:49:57+00:00,5.01,1005.20,90.54
2025-12-21T19:50:12+00:00,5.02,1005.27,90.55
2025-12-21T19:50:27+00:00,5.01,1005.22,90.57
2025-12-21T19:50:42+00:00,5.01,1005.25,90.57
2025-12-21T19:50:57+00:00,5.00,1005.22,90.57
2025-12-21T19:51:12+00:00,5.00,1005.22,90.56
2025-12-21T19:51:27+00:00,5.00,1005.20,90.59
2025-12-21T19:51:42+00:00,4.99,1005.22,90.57
2025-12-21T19:51:57+00:00,5.00,1005.25,90.58
2025-12-21T19:52:12+00:00,4.99,1005.32,90.58
2025-12-21T19:52:27+00:00,4.98,1005.27,90.56
2025-12-21T19:52:42+00:00,4.98,1005.28,90.60
2025-12-21T19:52:57+00:00,4.99,1005.26,90.62
2025-12-21T19:53:12+00:00,4.99,1005.29,90.63
2025-12-21T19:53:27+00:00,4.98,1005.28,90.61
2025-12-21T19:53:42+00:00,4.98,1005.25,90.64
2025-12-21T19:53:57+00:00,4.98,1005.25,90.66
2025-12-21T19:54:12+00:00,4.99,1005.32,90.67
2025-12-21T19:54:27+00:00,4.98,1005.20,90.70
2025-12-21T19:54:42+00:00,4.98,1005.28,90.69
2025-12-21T19:54:57+00:00,4.99,1005.32,90.72
2025-12-21T19:55:12+00:00,4.98,1005.20,90.73
2025-12-21T19:55:27+00:00,4.99,1005.32,90.71
2025-12-21T19:55:42+00:00,4.99,1005.22,90.72
2025-12-21T19:55:57+00:00,4.99,1005.34,90.71
2025-12-21T19:56:12+00:00,4.99,1005.22,90.73
2025-12-21T19:56:27+00:00,4.98,1005.25,90.70
2025-12-21T19:56:42+00:00,4.97,1005.18,90.67
2025-12-21T19:56:57+00:00,4.98,1005.28,90.71
2025-12-21T19:57:12+00:00,4.99,1005.30,90.73
2025-12-21T19:57:27+00:00,4.98,1005.31,90.77
2025-12-21T19:57:42+00:00,4.99,1005.29,90.78
2025-12-21T19:57:57+00:00,4.98,1005.24,90.79
2025-12-21T19:58:12+00:00,4.98,1005.25,90.80
2025-12-21T19:58:27+00:00,4.98,1005.24,90.81
2025-12-21T19:58:42+00:00,4.97,1005.26,90.82
2025-12-21T19:58:57+00:00,4.97,1005.28,90.83
2025-12-21T19:59:12+00:00,4.96,1005.25,90.82
2025-12-21T19:59:27+00:00,4.96,1005.27,90.81
2025-12-21T19:59:42+00:00,4.95,1005.26,90.81
2025-12-21T19:59:57+00:00,4.95,1005.26,90.79
2025-12-21T20:00:12+00:00,4.94,1005.18,90.78
2025-12-21T20:00:27+00:00,4.94,1005.24,90.81
2025-12-21T20:00:42+00:00,4.93,1005.28,90.81
2025-12-21T20:00:57+00:00,4.93,1005.25,90.82
2025-12-21T20:01:12+00:00,4.93,1005.24,90.85
2025-12-21T20:01:27+00:00,4.93,1005.30,90.85
2025-12-21T20:01:42+00:00,4.93,1005.22,90.85
2025-12-21T20:01:57+00:00,4.93,1005.30,90.85
2025-12-21T20:02:12+00:00,4.93,1005.28,90.85
2025-12-21T20:02:27+00:00,4.91,1005.22,90.86
2025-12-21T20:02:42+00:00,4.91,1005.24,90.84
2025-12-21T20:02:57+00:00,4.91,1005.19,90.84
2025-12-21T20:03:12+00:00,4.91,1005.29,90.84
2025-12-21T20:03:27+00:00,4.90,1005.23,90.82
2025-12-21T20:03:42+00:00,4.90,1005.23,90.85
2025-12-21T20:03:57+00:00,4.90,1005.27,90.85
2025-12-21T20:04:12+00:00,4.89,1005.18,90.86
2025-12-21T20:04:27+00:00,4.89,1005.21,90.87
2025-12-21T20:04:42+00:00,4.89,1005.21,90.90
2025-12-21T20:04:57+00:00,4.89,1005.23,90.89
2025-12-21T20:05:12+00:00,4.89,1005.26,90.89
2025-12-21T20:05:27+00:00,4.88,1005.27,90.92
2025-12-21T20:05:42+00:00,4.88,1005.21,90.92
2025-12-21T20:05:57+00:00,4.89,1005.26,90.91
2025-12-21T20:06:12+00:00,4.88,1005.25,90.93
2025-12-21T20:06:27+00:00,4.88,1005.22,90.96
2025-12-21T20:06:42+00:00,4.88,1005.22,90.96
2025-12-21T20:06:57+00:00,4.89,1005.24,90.98
2025-12-21T20:07:12+00:00,4.89,1005.23,90.99
2025-12-21T20:07:27+00:00,4.90,1005.25,91.00
2025-12-21T20:07:42+00:00,4.89,1005.16,91.01
2025-12-21T20:07:57+00:00,4.90,1005.25,90.97
2025-12-21T20:08:12+00:00,4.90,1005.17,90.99
2025-12-21T20:08:27+00:00,4.89,1005.26,90.97
2025-12-21T20:08:42+00:00,4.89,1005.26,90.97
2025-12-21T20:08:57+00:00,4.88,1005.25,90.91
2025-12-21T20:09:12+00:00,4.88,1005.21,90.97
2025-12-21T20:09:27+00:00,4.88,1005.21,90.96
2025-12-21T20:09:42+00:00,4.88,1005.25,90.98
2025-12-21T20:09:57+00:00,4.88,1005.24,90.98
2025-12-21T20:10:12+00:00,4.87,1005.22,90.98
2025-12-21T20:10:27+00:00,4.87,1005.22,90.99
2025-12-21T20:10:42+00:00,4.87,1005.22,90.99
2025-12-21T20:10:57+00:00,4.87,1005.20,91.00
2025-12-21T20:11:12+00:00,4.87,1005.20,91.02
2025-12-21T20:11:27+00:00,4.86,1005.26,91.02
2025-12-21T20:11:42+00:00,4.86,1005.27,91.02
2025-12-21T20:11:57+00:00,4.85,1005.22,91.00
2025-12-21T20:12:12+00:00,4.86,1005.21,91.01
2025-12-21T20:12:27+00:00,4.86,1005.21,91.04
2025-12-21T20:12:42+00:00,4.86,1005.16,91.05
2025-12-21T20:12:57+00:00,4.86,1005.27,91.06
2025-12-21T20:13:12+00:00,4.86,1005.21,91.06
2025-12-21T20:13:27+00:00,4.85,1005.20,91.06
2025-12-21T20:13:42+00:00,4.86,1005.21,91.07
2025-12-21T20:13:57+00:00,4.87,1005.33,91.06
2025-12-21T20:14:12+00:00,4.86,1005.21,91.09
2025-12-21T20:14:27+00:00,4.86,1005.21,91.09
2025-12-21T20:14:42+00:00,4.86,1005.26,91.11
2025-12-21T20:14:57+00:00,4.85,1005.22,91.09
2025-12-21T20:15:12+00:00,4.87,1005.30,91.10
2025-12-21T20:15:27+00:00,4.87,1005.25,91.13
2025-12-21T20:15:42+00:00,4.86,1005.16,91.11
2025-12-21T20:15:57+00:00,4.87,1005.22,91.14
2025-12-21T20:16:12+00:00,4.86,1005.21,91.15
2025-12-21T20:16:27+00:00,4.86,1005.21,91.14
2025-12-21T20:16:42+00:00,4.87,1005.25,91.15
2025-12-21T20:16:57+00:00,4.87,1005.20,91.15
2025-12-21T20:17:12+00:00,4.86,1005.19,91.15
2025-12-21T20:17:27+00:00,4.86,1005.26,91.15
2025-12-21T20:17:42+00:00,4.86,1005.23,91.13
2025-12-21T20:17:57+00:00,4.87,1005.18,91.16
2025-12-21T20:18:12+00:00,4.85,1005.20,91.17
2025-12-21T20:18:27+00:00,4.85,1005.20,91.17
2025-12-21T20:18:42+00:00,4.85,1005.22,91.15
2025-12-21T20:18:57+00:00,4.85,1005.24,91.16
2025-12-21T20:19:12+00:00,4.85,1005.19,91.14
2025-12-21T20:19:27+00:00,4.84,1005.21,91.16
2025-12-21T20:19:42+00:00,4.84,1005.17,91.14
2025-12-21T20:19:57+00:00,4.84,1005.20,91.15
2025-12-21T20:20:12+00:00,4.79,1005.10,91.14
2025-12-21T20:20:27+00:00,4.83,1005.22,91.17
2025-12-21T20:20:42+00:00,4.83,1005.10,91.16
2025-12-21T20:20:57+00:00,4.83,1005.11,91.15
2025-12-21T20:21:12+00:00,4.84,1005.20,91.16
2025-12-21T20:21:27+00:00,4.83,1005.11,91.16
2025-12-21T20:21:42+00:00,4.84,1005.20,91.13
2025-12-21T20:21:57+00:00,4.85,1005.14,91.18
2025-12-21T20:22:12+00:00,4.84,1005.21,91.19
2025-12-21T20:22:27+00:00,4.84,1005.13,91.20
2025-12-21T20:22:42+00:00,4.85,1005.17,91.19
2025-12-21T20:22:57+00:00,4.85,1005.14,91.23
2025-12-21T20:23:12+00:00,4.86,1005.10,91.24
2025-12-21T20:23:27+00:00,4.86,1005.13,91.21
2025-12-21T20:23:42+00:00,4.85,1005.17,91.18
2025-12-21T20:23:57+00:00,4.85,1005.12,91.23
2025-12-21T20:24:12+00:00,4.86,1005.13,91.23
2025-12-21T20:24:27+00:00,4.86,1005.08,91.23
2025-12-21T20:24:42+00:00,4.87,1005.12,91.23
2025-12-21T20:24:57+00:00,4.87,1005.12,91.27
2025-12-21T20:25:12+00:00,4.87,1005.12,91.24
2025-12-21T20:25:27+00:00,4.87,1005.12,91.26
2025-12-21T20:25:42+00:00,4.87,1005.14,91.27
2025-12-21T20:25:57+00:00,4.87,1005.10,91.26
2025-12-21T20:26:12+00:00,4.87,1005.12,91.28
2025-12-21T20:26:27+00:00,4.87,1005.14,91.30
2025-12-21T20:26:42+00:00,4.87,1005.18,91.31
2025-12-21T20:26:57+00:00,4.87,1005.18,91.32
2025-12-21T20:27:12+00:00,4.87,1005.06,91.33
2025-12-21T20:27:27+00:00,4.87,1005.15,91.33
2025-12-21T20:27:42+00:00,4.87,1005.15,91.34
2025-12-21T20:27:57+00:00,4.87,1005.18,91.37
2025-12-21T20:28:12+00:00,4.87,1005.15,91.38
2025-12-21T20:28:27+00:00,4.87,1005.15,91.38
2025-12-21T20:28:42+00:00,4.87,1005.07,91.40
2025-12-21T20:28:57+00:00,4.87,1005.22,91.37
2025-12-21T20:29:12+00:00,4.87,1005.17,91.32
2025-12-21T20:29:27+00:00,4.87,1005.15,91.36
2025-12-21T20:29:42+00:00,4.87,1005.18,91.38
2025-12-21T20:29:57+00:00,4.88,1005.17,91.39
2025-12-21T20:30:12+00:00,4.87,1005.15,91.43
2025-12-21T20:30:27+00:00,4.89,1005.20,91.41
2025-12-21T20:30:42+00:00,4.88,1005.19,91.42
2025-12-21T20:30:57+00:00,4.89,1005.21,91.43
2025-12-21T20:31:12+00:00,4.89,1005.10,91.43
2025-12-21T20:31:27+00:00,4.90,1005.19,91.44
2025-12-21T20:31:42+00:00,4.90,1005.20,91.44
2025-12-21T20:31:57+00:00,4.91,1005.18,91.45
2025-12-21T20:32:12+00:00,4.90,1005.17,91.45
2025-12-21T20:32:27+00:00,4.90,1005.22,91.47
2025-12-21T20:32:42+00:00,4.91,1005.21,91.47
2025-12-21T20:32:57+00:00,4.90,1005.15,91.47
2025-12-21T20:33:12+00:00,4.89,1005.21,91.46
2025-12-21T20:33:27+00:00,4.90,1005.23,91.48
2025-12-21T20:33:42+00:00,4.90,1005.22,91.48
2025-12-21T20:33:57+00:00,4.89,1005.21,91.49
2025-12-21T20:34:12+00:00,4.90,1005.23,91.47
2025-12-21T20:34:27+00:00,4.90,1005.17,91.47
2025-12-21T20:34:42+00:00,4.89,1005.10,91.49
2025-12-21T20:34:57+00:00,4.89,1005.16,91.48
2025-12-21T20:35:12+00:00,4.90,1005.28,91.50
2025-12-21T20:35:27+00:00,4.90,1005.17,91.51
2025-12-21T20:35:42+00:00,4.90,1005.22,91.51
2025-12-21T20:35:57+00:00,4.89,1005.23,91.49
2025-12-21T20:36:12+00:00,4.90,1005.19,91.48
2025-12-21T20:36:27+00:00,4.90,1005.14,91.50
2025-12-21T20:36:42+00:00,4.89,1005.21,91.49
2025-12-21T20:36:57+00:00,4.88,1005.19,91.50
2025-12-21T20:37:12+00:00,4.89,1005.18,91.52
2025-12-21T20:37:27+00:00,4.90,1005.17,91.54
2025-12-21T20:37:42+00:00,4.90,1005.22,91.55
2025-12-21T20:37:57+00:00,4.90,1005.20,91.57
2025-12-21T20:38:12+00:00,4.91,1005.19,91.55
2025-12-21T20:38:27+00:00,4.91,1005.22,91.56
2025-12-21T20:38:42+00:00,4.91,1005.24,91.56
2025-12-21T20:38:57+00:00,4.91,1005.30,91.56
2025-12-21T20:39:12+00:00,4.90,1005.28,91.56
2025-12-21T20:39:27+00:00,4.91,1005.29,91.57
2025-12-21T20:39:42+00:00,4.91,1005.27,91.58
2025-12-21T20:39:57+00:00,4.90,1005.19,91.56
2025-12-21T20:40:12+00:00,4.91,1005.21,91.58
2025-12-21T20:40:27+00:00,4.89,1005.21,91.56
2025-12-21T20:40:42+00:00,4.89,1005.20,91.56
2025-12-21T20:40:57+00:00,4.89,1005.21,91.58
2025-12-21T20:41:12+00:00,4.89,1005.20,91.57
2025-12-21T20:41:27+00:00,4.88,1005.22,91.58
2025-12-21T20:41:42+00:00,4.88,1005.29,91.57
2025-12-21T20:41:57+00:00,4.88,1005.24,91.54
2025-12-21T20:42:12+00:00,4.88,1005.22,91.54
2025-12-21T20:42:27+00:00,4.89,1005.21,91.56
2025-12-21T20:42:42+00:00,4.90,1005.25,91.59
2025-12-21T20:42:57+00:00,4.89,1005.26,91.59
2025-12-21T20:43:12+00:00,4.90,1005.20,91.60
2025-12-21T20:43:27+00:00,4.91,1005.26,91.62
2025-12-21T20:43:42+00:00,4.92,1005.26,91.61
2025-12-21T20:43:57+00:00,4.92,1005.21,91.61
2025-12-21T20:44:12+00:00,4.93,1005.22,91.60
2025-12-21T20:44:27+00:00,4.93,1005.27,91.62
2025-12-21T20:44:42+00:00,4.94,1005.29,91.64
2025-12-21T20:44:57+00:00,4.93,1005.25,91.64
2025-12-21T20:45:12+00:00,4.93,1005.25,91.65
2025-12-21T20:45:27+00:00,4.92,1005.26,91.61
2025-12-21T20:45:42+00:00,4.93,1005.28,91.61
2025-12-21T20:45:57+00:00,4.92,1005.29,91.63
2025-12-21T20:46:12+00:00,4.93,1005.27,91.63
2025-12-21T20:46:27+00:00,4.92,1005.23,91.61
2025-12-21T20:46:42+00:00,4.92,1005.18,91.61
2025-12-21T20:46:57+00:00,4.92,1005.29,91.61
2025-12-21T20:47:12+00:00,4.92,1005.28,91.62
2025-12-21T20:47:27+00:00,4.92,1005.26,91.64
2025-12-21T20:47:42+00:00,4.92,1005.21,91.65
2025-12-21T20:47:57+00:00,4.91,1005.24,91.66
2025-12-21T20:48:12+00:00,4.92,1005.23,91.67
2025-12-21T20:48:27+00:00,4.92,1005.23,91.69
2025-12-21T20:48:42+00:00,4.92,1005.31,91.67
2025-12-21T20:48:57+00:00,4.91,1005.24,91.68
2025-12-21T20:49:12+00:00,4.91,1005.30,91.68
2025-12-21T20:49:27+00:00,4.91,1005.27,91.69
2025-12-21T20:49:42+00:00,4.91,1005.18,91.69
2025-12-21T20:49:57+00:00,4.90,1005.23,91.70
2025-12-21T20:50:12+00:00,4.90,1005.25,91.71
2025-12-21T20:50:27+00:00,4.90,1005.23,91.70
2025-12-21T20:50:42+00:00,4.90,1005.25,91.71
2025-12-21T20:50:57+00:00,4.89,1005.21,91.72
2025-12-21T20:51:12+00:00,4.89,1005.26,91.72
2025-12-21T20:51:27+00:00,4.89,1005.26,91.72
2025-12-21T20:51:42+00:00,4.88,1005.25,91.71
2025-12-21T20:51:57+00:00,4.88,1005.24,91.71
2025-12-21T20:52:12+00:00,4.88,1005.30,91.72
2025-12-21T20:52:27+00:00,4.87,1005.29,91.73
2025-12-21T20:52:42+00:00,4.86,1005.24,91.72
2025-12-21T20:52:57+00:00,4.86,1005.21,91.75
2025-12-21T20:53:12+00:00,4.87,1005.28,91.75
2025-12-21T20:53:27+00:00,4.85,1005.19,91.75
2025-12-21T20:53:42+00:00,4.85,1005.22,91.76
2025-12-21T20:53:57+00:00,4.85,1005.16,91.76
2025-12-21T20:54:12+00:00,4.85,1005.22,91.78
2025-12-21T20:54:27+00:00,4.85,1005.20,91.79
2025-12-21T20:54:42+00:00,4.85,1005.28,91.76
2025-12-21T20:54:57+00:00,4.85,1005.19,91.79
2025-12-21T20:55:12+00:00,4.84,1005.24,91.79
2025-12-21T20:55:27+00:00,4.84,1005.17,91.77
2025-12-21T20:55:42+00:00,4.84,1005.21,91.77
2025-12-21T20:55:57+00:00,4.83,1005.24,91.78
2025-12-21T20:56:12+00:00,4.83,1005.16,91.79
2025-12-21T20:56:27+00:00,4.83,1005.22,91.81
2025-12-21T20:56:42+00:00,4.84,1005.17,91.82
2025-12-21T20:56:57+00:00,4.84,1005.24,91.83
2025-12-21T20:57:12+00:00,4.83,1005.16,91.84
2025-12-21T20:57:27+00:00,4.84,1005.18,91.88
2025-12-21T20:57:42+00:00,4.85,1005.19,91.88
2025-12-21T20:57:57+00:00,4.84,1005.13,91.89
2025-12-21T20:58:12+00:00,4.87,1005.20,91.88
2025-12-21T20:58:27+00:00,4.86,1005.21,91.92
2025-12-21T20:58:42+00:00,4.86,1005.19,91.93
2025-12-21T20:58:57+00:00,4.86,1005.15,91.92
2025-12-21T20:59:12+00:00,4.87,1005.20,91.93
2025-12-21T20:59:27+00:00,4.87,1005.18,91.96
2025-12-21T20:59:42+00:00,4.88,1005.19,91.95
2025-12-21T20:59:57+00:00,4.88,1005.17,91.98
2025-12-21T21:00:12+00:00,4.88,1005.22,91.95
2025-12-21T21:00:27+00:00,4.86,1005.11,91.97
2025-12-21T21:00:42+00:00,4.86,1005.13,91.97
2025-12-21T21:00:57+00:00,4.86,1005.21,91.95
2025-12-21T21:01:12+00:00,4.86,1005.13,91.96
2025-12-21T21:01:27+00:00,4.85,1005.14,91.96
2025-12-21T21:01:42+00:00,4.84,1005.15,91.95
2025-12-21T21:01:57+00:00,4.84,1005.13,91.95
2025-12-21T21:02:12+00:00,4.83,1005.19,91.94
2025-12-21T21:02:27+00:00,4.82,1005.09,91.92
2025-12-21T21:02:42+00:00,4.82,1005.19,91.93
2025-12-21T21:02:57+00:00,4.81,1005.15,91.92
2025-12-21T21:03:12+00:00,4.81,1005.18,91.86
2025-12-21T21:03:27+00:00,4.80,1005.16,91.87
2025-12-21T21:03:42+00:00,4.80,1005.11,91.89
2025-12-21T21:03:57+00:00,4.80,1005.16,91.90
2025-12-21T21:04:12+00:00,4.79,1005.07,91.88
2025-12-21T21:04:27+00:00,4.79,1005.12,91.89
2025-12-21T21:04:42+00:00,4.79,1005.14,91.90
2025-12-21T21:04:57+00:00,4.78,1005.11,91.92
2025-12-21T21:05:12+00:00,4.79,1005.10,91.94
2025-12-21T21:05:27+00:00,4.79,1005.18,91.93
2025-12-21T21:05:42+00:00,4.78,1005.16,91.96
2025-12-21T21:05:57+00:00,4.79,1005.12,91.97
2025-12-21T21:06:12+00:00,4.79,1005.10,91.96
2025-12-21T21:06:27+00:00,4.79,1005.18,91.99
2025-12-21T21:06:42+00:00,4.79,1005.09,91.99
2025-12-21T21:06:57+00:00,4.79,1005.12,92.01
2025-12-21T21:07:12+00:00,4.80,1005.13,92.01
2025-12-21T21:07:27+00:00,4.80,1005.05,92.00
2025-12-21T21:07:42+00:00,4.79,1005.12,92.01
2025-12-21T21:07:57+00:00,4.80,1005.13,92.00
2025-12-21T21:08:12+00:00,4.81,1005.10,92.00
2025-12-21T21:08:27+00:00,4.79,1005.10,92.01
2025-12-21T21:08:42+00:00,4.80,1005.08,92.01
2025-12-21T21:08:57+00:00,4.80,1005.14,92.00
2025-12-21T21:09:12+00:00,4.80,1005.11,92.03
2025-12-21T21:09:27+00:00,4.80,1005.09,92.06
2025-12-21T21:09:42+00:00,4.81,1005.10,92.04
2025-12-21T21:09:57+00:00,4.82,1005.09,92.06
2025-12-21T21:10:12+00:00,4.82,1005.03,92.06
2025-12-21T21:10:27+00:00,4.83,1005.16,92.08
2025-12-21T21:10:42+00:00,4.83,1005.06,92.04
2025-12-21T21:10:57+00:00,4.84,1005.09,92.05
2025-12-21T21:11:12+00:00,4.84,1005.07,92.07
2025-12-21T21:11:27+00:00,4.85,1005.14,92.10
2025-12-21T21:11:42+00:00,4.86,1005.13,92.09
2025-12-21T21:11:57+00:00,4.86,1005.08,92.08
2025-12-21T21:12:12+00:00,4.86,1005.11,92.08
2025-12-21T21:12:27+00:00,4.87,1005.12,92.11
2025-12-21T21:12:42+00:00,4.88,1005.05,92.14
2025-12-21T21:12:57+00:00,4.88,1005.06,92.13
2025-12-21T21:13:12+00:00,4.87,1005.15,92.17
2025-12-21T21:13:27+00:00,4.88,1005.11,92.17
2025-12-21T21:13:42+00:00,4.89,1005.10,92.16
2025-12-21T21:13:57+00:00,4.91,1005.18,92.20
2025-12-21T21:14:12+00:00,4.91,1005.07,92.21
2025-12-21T21:14:27+00:00,4.93,1005.20,92.23
2025-12-21T21:14:42+00:00,4.93,1005.17,92.23
2025-12-21T21:14:57+00:00,4.94,1005.15,92.25
2025-12-21T21:15:12+00:00,4.94,1005.10,92.23
2025-12-21T21:15:27+00:00,4.94,1005.15,92.26
2025-12-21T21:15:42+00:00,4.93,1005.20,92.26
2025-12-21T21:15:57+00:00,4.94,1005.16,92.25
2025-12-21T21:16:12+00:00,4.95,1005.14,92.26
2025-12-21T21:16:27+00:00,4.96,1005.14,92.28
2025-12-21T21:16:42+00:00,4.96,1005.10,92.29
2025-12-21T21:16:57+00:00,4.97,1005.16,92.27
2025-12-21T21:17:12+00:00,4.97,1005.15,92.25
2025-12-21T21:17:27+00:00,4.97,1005.16,92.28
2025-12-21T21:17:42+00:00,4.98,1005.17,92.29
2025-12-21T21:17:57+00:00,4.98,1005.12,92.31
2025-12-21T21:18:12+00:00,4.98,1005.19,92.32
2025-12-21T21:18:27+00:00,4.99,1005.16,92.34
2025-12-21T21:18:42+00:00,4.99,1005.11,92.32
2025-12-21T21:18:57+00:00,5.00,1005.15,92.35
2025-12-21T21:19:12+00:00,5.01,1005.13,92.37
2025-12-21T21:19:27+00:00,5.02,1005.21,92.38
2025-12-21T21:19:42+00:00,5.02,1005.10,92.38
2025-12-21T21:19:57+00:00,5.04,1005.22,92.41
2025-12-21T21:20:12+00:00,5.05,1005.17,92.39
2025-12-21T21:20:27+00:00,5.05,1005.15,92.43
2025-12-21T21:20:42+00:00,5.06,1005.23,92.43
2025-12-21T21:20:57+00:00,5.07,1005.13,92.45
2025-12-21T21:21:12+00:00,5.08,1005.10,92.46
2025-12-21T21:21:27+00:00,5.08,1005.18,92.47
2025-12-21T21:21:42+00:00,5.07,1005.13,92.51
2025-12-21T21:21:57+00:00,5.08,1005.15,92.49
2025-12-21T21:22:12+00:00,5.09,1005.14,92.49
2025-12-21T21:22:27+00:00,5.09,1005.19,92.50
2025-12-21T21:22:42+00:00,5.10,1005.18,92.52
2025-12-21T21:22:57+00:00,5.11,1005.17,92.52
2025-12-21T21:23:12+00:00,5.11,1005.14,92.53
2025-12-21T21:23:27+00:00,5.11,1005.19,92.53
2025-12-21T21:23:42+00:00,5.11,1005.19,92.52
2025-12-21T21:23:57+00:00,5.11,1005.22,92.53
2025-12-21T21:24:12+00:00,5.09,1005.19,92.55
2025-12-21T21:24:27+00:00,5.10,1005.18,92.55
2025-12-21T21:24:42+00:00,5.09,1005.17,92.55
2025-12-21T21:24:57+00:00,5.10,1005.18,92.56
2025-12-21T21:25:12+00:00,5.09,1005.17,92.58
2025-12-21T21:25:27+00:00,5.09,1005.09,92.57
2025-12-21T21:25:42+00:00,5.09,1005.16,92.59
2025-12-21T21:25:57+00:00,5.08,1005.15,92.60
2025-12-21T21:26:12+00:00,5.08,1005.15,92.63
2025-12-21T21:26:27+00:00,5.09,1005.16,92.63
2025-12-21T21:26:42+00:00,5.09,1005.16,92.64
2025-12-21T21:26:57+00:00,5.09,1005.13,92.67
2025-12-21T21:27:12+00:00,5.09,1005.16,92.64
2025-12-21T21:27:27+00:00,5.08,1005.18,92.64
2025-12-21T21:27:42+00:00,5.08,1005.14,92.60
2025-12-21T21:27:57+00:00,5.09,1005.17,92.62
2025-12-21T21:28:12+00:00,5.08,1005.12,92.61
2025-12-21T21:28:27+00:00,5.08,1005.14,92.62
2025-12-21T21:28:42+00:00,5.08,1005.12,92.64
2025-12-21T21:28:57+00:00,5.09,1005.11,92.63
2025-12-21T21:29:12+00:00,5.08,1005.15,92.67
2025-12-21T21:29:27+00:00,5.08,1005.10,92.66
2025-12-21T21:29:42+00:00,5.07,1005.11,92.65
2025-12-21T21:29:57+00:00,5.08,1005.12,92.66
2025-12-21T21:30:12+00:00,5.07,1005.13,92.66
2025-12-21T21:30:27+00:00,5.07,1005.13,92.65
2025-12-21T21:30:42+00:00,5.05,1005.10,92.61
2025-12-21T21:30:57+00:00,5.04,1005.14,92.61
2025-12-21T21:31:12+00:00,5.04,1005.11,92.62
2025-12-21T21:31:27+00:00,5.04,1005.08,92.62
2025-12-21T21:31:42+00:00,5.04,1005.14,92.63
2025-12-21T21:31:57+00:00,5.04,1005.16,92.64
2025-12-21T21:32:12+00:00,5.04,1005.08,92.65
2025-12-21T21:32:27+00:00,5.02,1005.08,92.66
2025-12-21T21:32:42+00:00,5.02,1005.10,92.64
2025-12-21T21:32:57+00:00,5.03,1005.09,92.64
2025-12-21T21:33:12+00:00,5.01,1005.14,92.62
2025-12-21T21:33:27+00:00,5.01,1005.17,92.64
2025-12-21T21:33:42+00:00,5.01,1005.13,92.64
2025-12-21T21:33:57+00:00,5.01,1005.08,92.64
2025-12-21T21:34:12+00:00,5.01,1005.11,92.65
2025-12-21T21:34:27+00:00,5.01,1005.08,92.65
2025-12-21T21:34:42+00:00,5.01,1005.13,92.67
2025-12-21T21:34:57+00:00,5.00,1005.10,92.68
2025-12-21T21:35:12+00:00,5.00,1005.12,92.68
2025-12-21T21:35:27+00:00,4.99,1005.07,92.65
2025-12-21T21:35:42+00:00,4.99,1005.11,92.62
2025-12-21T21:35:57+00:00,4.98,1005.12,92.64
2025-12-21T21:36:12+00:00,4.97,1005.07,92.63
2025-12-21T21:36:27+00:00,4.98,1005.15,92.59
2025-12-21T21:36:42+00:00,4.97,1005.16,92.59
2025-12-21T21:36:57+00:00,4.98,1005.14,92.58
2025-12-21T21:37:12+00:00,4.98,1005.12,92.62
2025-12-21T21:37:27+00:00,4.98,1005.12,92.60
2025-12-21T21:37:42+00:00,4.98,1005.04,92.60
2025-12-21T21:37:57+00:00,4.98,1005.12,92.62
2025-12-21T21:38:12+00:00,4.98,1005.09,92.64
2025-12-21T21:38:27+00:00,5.00,1005.17,92.64
2025-12-21T21:38:42+00:00,5.00,1005.12,92.65
2025-12-21T21:38:57+00:00,5.01,1005.11,92.67
2025-12-21T21:39:12+00:00,5.01,1005.11,92.68
2025-12-21T21:39:27+00:00,5.01,1005.11,92.68
2025-12-21T21:39:42+00:00,5.01,1005.13,92.70
2025-12-21T21:39:57+00:00,5.01,1005.14,92.69
2025-12-21T21:40:12+00:00,5.02,1005.08,92.72
2025-12-21T21:40:27+00:00,5.01,1005.11,92.73
2025-12-21T21:40:42+00:00,5.02,1005.13,92.73
2025-12-21T21:40:57+00:00,5.02,1005.08,92.73
2025-12-21T21:41:12+00:00,5.02,1005.10,92.72
2025-12-21T21:41:27+00:00,5.01,1005.09,92.69
2025-12-21T21:41:42+00:00,5.02,1005.16,92.72
2025-12-21T21:41:57+00:00,5.01,1005.09,92.68
2025-12-21T21:42:12+00:00,5.01,1005.11,92.67
2025-12-21T21:42:27+00:00,5.02,1005.05,92.69
2025-12-21T21:42:42+00:00,5.01,1005.11,92.66
2025-12-21T21:42:57+00:00,5.01,1005.06,92.66
2025-12-21T21:43:12+00:00,5.01,1005.09,92.68
2025-12-21T21:43:27+00:00,5.02,1005.10,92.68
2025-12-21T21:43:42+00:00,5.02,1005.05,92.70
2025-12-21T21:43:57+00:00,5.01,1005.06,92.67
2025-12-21T21:44:12+00:00,5.01,1005.09,92.60
2025-12-21T21:44:27+00:00,5.02,1005.08,92.64
2025-12-21T21:44:42+00:00,5.02,1005.04,92.65
2025-12-21T21:44:57+00:00,5.03,1005.09,92.65
2025-12-21T21:45:12+00:00,5.04,1005.13,92.64
2025-12-21T21:45:27+00:00,5.03,1005.12,92.65
2025-12-21T21:45:42+00:00,5.04,1005.10,92.65
2025-12-21T21:45:57+00:00,5.02,1005.05,92.64
2025-12-21T21:46:12+00:00,5.03,1005.12,92.62
2025-12-21T21:46:27+00:00,5.03,1005.11,92.59
2025-12-21T21:46:42+00:00,5.02,1005.10,92.61
2025-12-21T21:46:57+00:00,5.03,1005.12,92.61
2025-12-21T21:47:12+00:00,5.02,1005.13,92.60
2025-12-21T21:47:27+00:00,5.04,1005.11,92.58
2025-12-21T21:47:42+00:00,5.03,1005.07,92.57
2025-12-21T21:47:57+00:00,5.04,1005.08,92.57
2025-12-21T21:48:12+00:00,5.05,1005.10,92.60
2025-12-21T21:48:27+00:00,5.06,1005.06,92.62
2025-12-21T21:48:42+00:00,5.07,1005.16,92.64
2025-12-21T21:48:57+00:00,5.07,1005.13,92.64
2025-12-21T21:49:12+00:00,5.07,1005.05,92.65
2025-12-21T21:49:27+00:00,5.07,1005.08,92.66
2025-12-21T21:49:42+00:00,5.07,1005.05,92.66
2025-12-21T21:49:57+00:00,5.08,1005.12,92.65
2025-12-21T21:50:12+00:00,5.08,1005.12,92.68
2025-12-21T21:50:27+00:00,5.07,1005.11,92.68
2025-12-21T21:50:42+00:00,5.09,1005.13,92.69
2025-12-21T21:50:57+00:00,5.08,1005.04,92.69
2025-12-21T21:51:12+00:00,5.08,1005.02,92.68
2025-12-21T21:51:27+00:00,5.08,1005.06,92.69
2025-12-21T21:51:42+00:00,5.08,1005.07,92.68
2025-12-21T21:51:57+00:00,5.09,1005.05,92.68
2025-12-21T21:52:12+00:00,5.08,1005.04,92.69
2025-12-21T21:52:27+00:00,5.08,1005.07,92.69
2025-12-21T21:52:42+00:00,5.09,1005.09,92.69
2025-12-21T21:52:57+00:00,5.09,1005.06,92.71
2025-12-21T21:53:12+00:00,5.10,1005.08,92.71
2025-12-21T21:53:27+00:00,5.10,1005.08,92.70
2025-12-21T21:53:42+00:00,5.08,1005.04,92.68
2025-12-21T21:53:57+00:00,5.10,1005.12,92.67
2025-12-21T21:54:12+00:00,5.09,1005.06,92.70
2025-12-21T21:54:27+00:00,5.09,1005.01,92.71
2025-12-21T21:54:42+00:00,5.10,1005.08,92.70
2025-12-21T21:54:57+00:00,5.10,1005.08,92.71
2025-12-21T21:55:12+00:00,5.11,1005.04,92.70
2025-12-21T21:55:27+00:00,5.13,1005.17,92.70
2025-12-21T21:55:42+00:00,5.11,1005.07,92.71
2025-12-21T21:55:57+00:00,5.13,1005.13,92.70
2025-12-21T21:56:12+00:00,5.12,1005.00,92.71
2025-12-21T21:56:27+00:00,5.12,1005.06,92.69
2025-12-21T21:56:42+00:00,5.12,1005.05,92.69
2025-12-21T21:56:57+00:00,5.12,1005.05,92.72
2025-12-21T21:57:12+00:00,5.12,1005.08,92.71
2025-12-21T21:57:27+00:00,5.13,1005.02,92.74
2025-12-21T21:57:42+00:00,5.13,1005.07,92.72
2025-12-21T21:57:57+00:00,5.14,1005.06,92.74
2025-12-21T21:58:12+00:00,5.14,1005.04,92.73
2025-12-21T21:58:27+00:00,5.15,1005.07,92.75
2025-12-21T21:58:42+00:00,5.16,1005.06,92.74
2025-12-21T21:58:57+00:00,5.16,1005.06,92.78
2025-12-21T21:59:12+00:00,5.16,1005.06,92.76
2025-12-21T21:59:27+00:00,5.16,1005.07,92.78
2025-12-21T21:59:42+00:00,5.16,1005.04,92.77
2025-12-21T21:59:57+00:00,5.16,1005.12,92.76
2025-12-21T22:00:12+00:00,5.16,1005.07,92.77
2025-12-21T22:00:27+00:00,5.15,1005.03,92.76
2025-12-21T22:00:42+00:00,5.16,1005.01,92.76
2025-12-21T22:00:57+00:00,5.14,1005.12,92.74
2025-12-21T22:01:12+00:00,5.14,1005.06,92.76
2025-12-21T22:01:27+00:00,5.13,1005.13,92.77
2025-12-21T22:01:42+00:00,5.12,1005.03,92.77
2025-12-21T22:01:57+00:00,5.13,1005.06,92.76
2025-12-21T22:02:12+00:00,5.13,1005.04,92.75
2025-12-21T22:02:27+00:00,5.12,1005.03,92.75
2025-12-21T22:02:42+00:00,5.10,1005.05,92.72
2025-12-21T22:02:57+00:00,5.11,1005.04,92.73
2025-12-21T22:03:12+00:00,5.09,1005.03,92.70
2025-12-21T22:03:27+00:00,5.09,1005.06,92.72
2025-12-21T22:03:42+00:00,5.07,1005.03,92.69
2025-12-21T22:03:57+00:00,5.07,1004.96,92.69
2025-12-21T22:04:12+00:00,5.04,1005.06,92.69
2025-12-21T22:04:27+00:00,5.03,1005.12,92.69
2025-12-21T22:04:42+00:00,5.04,1005.08,92.68
2025-12-21T22:04:57+00:00,5.02,1005.02,92.67
2025-12-21T22:05:12+00:00,5.02,1005.02,92.67
2025-12-21T22:05:27+00:00,5.01,1005.06,92.68
2025-12-21T22:05:42+00:00,5.01,1005.00,92.68
2025-12-21T22:05:57+00:00,5.01,1005.05,92.66
2025-12-21T22:06:12+00:00,5.01,1005.08,92.66
2025-12-21T22:06:27+00:00,4.99,1005.02,92.65
2025-12-21T22:06:42+00:00,4.98,1005.04,92.65
2025-12-21T22:06:57+00:00,4.98,1005.06,92.64
2025-12-21T22:07:12+00:00,4.98,1005.06,92.66
2025-12-21T22:07:27+00:00,4.97,1005.04,92.64
2025-12-21T22:07:42+00:00,4.97,1005.02,92.65
2025-12-21T22:07:57+00:00,4.96,1005.06,92.64
2025-12-21T22:08:12+00:00,4.96,1005.06,92.63
2025-12-21T22:08:27+00:00,4.95,1004.99,92.59
