timestamp_utc,temperature_c,pressure_hpa,humidity_percent
2025-12-22T08:24:12+00:00,17.47,1004.75,60.99
2025-12-22T08:24:27+00:00,17.43,1004.71,61.34
2025-12-22T08:24:42+00:00,17.35,1004.75,61.45
2025-12-22T08:24:57+00:00,17.28,1004.66,61.60
2025-12-22T08:25:12+00:00,17.24,1004.70,61.47
2025-12-22T08:25:27+00:00,17.18,1004.69,61.48
2025-12-22T08:25:42+00:00,17.13,1004.67,61.37
2025-12-22T08:25:57+00:00,17.08,1004.67,61.08
2025-12-22T08:26:12+00:00,17.01,1004.70,60.92
2025-12-22T08:26:27+00:00,16.95,1004.73,60.89
2025-12-22T08:26:42+00:00,16.88,1004.76,60.77
2025-12-22T08:26:57+00:00,16.81,1004.69,60.67
2025-12-22T08:27:12+00:00,16.74,1004.69,60.47
2025-12-22T08:27:27+00:00,16.66,1004.69,60.43
2025-12-22T08:27:42+00:00,16.61,1004.69,60.59
2025-12-22T08:27:57+00:00,16.54,1004.69,60.78
2025-12-22T08:28:12+00:00,16.49,1004.72,60.99
2025-12-22T08:28:27+00:00,16.43,1004.73,60.98
2025-12-22T08:28:42+00:00,16.37,1004.71,61.10
2025-12-22T08:28:57+00:00,16.32,1004.63,60.99
2025-12-22T08:29:12+00:00,16.27,1004.68,60.96
2025-12-22T08:29:27+00:00,16.23,1004.72,61.10
2025-12-22T08:29:42+00:00,16.18,1004.73,61.05
2025-12-22T08:29:57+00:00,16.14,1004.74,61.10
2025-12-22T08:30:12+00:00,16.08,1004.73,61.41
2025-12-22T08:30:27+00:00,16.05,1004.70,61.38
2025-12-22T08:30:42+00:00,16.01,1004.73,61.32
2025-12-22T08:30:57+00:00,15.98,1004.73,61.41
2025-12-22T08:31:12+00:00,15.94,1004.77,61.70
2025-12-22T08:31:27+00:00,15.92,1004.68,61.85
2025-12-22T08:31:42+00:00,15.88,1004.75,62.11
2025-12-22T08:31:57+00:00,15.86,1004.69,62.38
2025-12-22T08:32:12+00:00,15.83,1004.73,62.50
2025-12-22T08:32:27+00:00,15.82,1004.73,62.49
2025-12-22T08:32:42+00:00,15.80,1004.76,62.58
2025-12-22T08:32:57+00:00,15.79,1004.77,62.76
2025-12-22T08:33:12+00:00,15.78,1004.78,63.02
2025-12-22T08:33:27+00:00,15.75,1004.71,63.23
2025-12-22T08:33:42+00:00,15.73,1004.70,63.39
2025-12-22T08:33:57+00:00,15.73,1004.73,63.58
2025-12-22T08:34:12+00:00,15.72,1004.72,63.72
2025-12-22T08:34:27+00:00,15.72,1004.74,63.87
2025-12-22T08:34:42+00:00,15.72,1004.74,63.95
2025-12-22T08:34:57+00:00,15.72,1004.77,63.50
2025-12-22T08:35:12+00:00,15.71,1004.68,63.28
2025-12-22T08:35:27+00:00,15.72,1004.75,63.06
2025-12-22T08:35:42+00:00,15.73,1004.76,62.94
2025-12-22T08:35:57+00:00,15.72,1004.75,62.93
2025-12-22T08:36:12+00:00,15.74,1004.77,62.91
2025-12-22T08:36:27+00:00,15.73,1004.82,62.97
2025-12-22T08:36:42+00:00,15.72,1004.72,62.95
2025-12-22T08:36:57+00:00,15.74,1004.80,63.04
2025-12-22T08:37:12+00:00,15.76,1004.72,63.00
2025-12-22T08:37:27+00:00,15.78,1004.73,62.88
2025-12-22T08:37:42+00:00,15.79,1004.72,62.86
2025-12-22T08:37:57+00:00,15.82,1004.74,62.87
2025-12-22T08:38:12+00:00,15.84,1004.71,62.35
2025-12-22T08:38:27+00:00,15.86,1004.77,61.98
2025-12-22T08:38:42+00:00,15.90,1004.76,61.82
2025-12-22T08:38:57+00:00,15.92,1004.76,61.69
2025-12-22T08:39:12+00:00,15.95,1004.74,61.62
2025-12-22T08:39:27+00:00,16.00,1004.78,61.56
2025-12-22T08:39:42+00:00,16.03,1004.73,61.52
2025-12-22T08:39:57+00:00,16.06,1004.75,61.37
2025-12-22T08:40:12+00:00,16.11,1004.75,61.37
2025-12-22T08:40:27+00:00,16.15,1004.76,61.52
2025-12-22T08:40:42+00:00,16.19,1004.80,61.57
2025-12-22T08:40:57+00:00,16.22,1004.85,61.75
2025-12-22T08:41:12+00:00,16.26,1004.83,61.67
2025-12-22T08:41:27+00:00,16.31,1004.77,61.79
2025-12-22T08:41:42+00:00,16.33,1004.73,61.66
2025-12-22T08:41:57+00:00,16.37,1004.76,61.61
2025-12-22T08:42:12+00:00,16.41,1004.81,61.63
2025-12-22T08:42:27+00:00,16.45,1004.77,61.70
2025-12-22T08:42:42+00:00,16.49,1004.80,61.75
2025-12-22T08:42:57+00:00,16.53,1004.75,61.68
2025-12-22T08:43:12+00:00,16.55,1004.76,61.57
2025-12-22T08:43:27+00:00,16.59,1004.74,61.46
2025-12-22T08:43:42+00:00,16.62,1004.79,61.32
2025-12-22T08:43:57+00:00,16.67,1004.82,61.02
2025-12-22T08:44:12+00:00,16.72,1004.81,60.77
2025-12-22T08:44:27+00:00,16.75,1004.86,60.70
2025-12-22T08:44:42+00:00,16.78,1004.87,60.88
2025-12-22T08:44:57+00:00,16.81,1004.81,60.76
2025-12-22T08:45:12+00:00,16.87,1004.90,60.73
2025-12-22T08:45:27+00:00,16.90,1004.86,60.63
2025-12-22T08:45:42+00:00,16.95,1004.81,60.33
2025-12-22T08:45:57+00:00,16.98,1004.87,60.37
2025-12-22T08:46:12+00:00,17.02,1004.91,60.45
2025-12-22T08:46:27+00:00,17.05,1004.86,60.53
2025-12-22T08:46:42+00:00,17.09,1004.94,60.56
2025-12-22T08:46:57+00:00,17.12,1004.82,60.62
2025-12-22T08:47:12+00:00,17.15,1004.87,60.67
2025-12-22T08:47:27+00:00,17.19,1004.88,60.69
2025-12-22T08:47:42+00:00,17.22,1004.81,60.69
2025-12-22T08:47:57+00:00,17.25,1004.89,60.79
2025-12-22T08:48:12+00:00,17.28,1004.93,60.81
2025-12-22T08:48:27+00:00,17.31,1004.90,60.74
2025-12-22T08:48:42+00:00,17.34,1004.96,60.74
2025-12-22T08:48:57+00:00,17.36,1004.88,60.78
2025-12-22T08:49:12+00:00,17.40,1004.92,60.79
2025-12-22T08:49:27+00:00,17.43,1004.91,60.89
2025-12-22T08:49:42+00:00,17.47,1004.90,60.93
2025-12-22T08:49:57+00:00,17.51,1004.90,60.94
2025-12-22T08:50:12+00:00,17.55,1004.97,60.92
2025-12-22T08:50:27+00:00,17.59,1004.98,60.89
2025-12-22T08:50:42+00:00,17.63,1004.93,60.83
2025-12-22T08:50:57+00:00,17.66,1004.98,60.67
2025-12-22T08:51:12+00:00,17.70,1004.92,60.52
2025-12-22T08:51:27+00:00,17.74,1004.98,60.50
2025-12-22T08:51:42+00:00,17.77,1004.92,60.47
2025-12-22T08:51:57+00:00,17.80,1004.95,60.35
2025-12-22T08:52:12+00:00,17.84,1004.95,60.15
2025-12-22T08:52:27+00:00,17.89,1004.92,60.09
2025-12-22T08:52:42+00:00,17.94,1005.01,60.07
2025-12-22T08:52:57+00:00,17.97,1004.95,59.44
2025-12-22T08:53:12+00:00,18.02,1004.97,58.96
2025-12-22T08:53:27+00:00,18.08,1005.06,58.75
2025-12-22T08:53:42+00:00,18.12,1005.00,58.57
2025-12-22T08:53:57+00:00,18.16,1005.03,58.28
2025-12-22T08:54:12+00:00,18.20,1004.93,58.11
2025-12-22T08:54:27+00:00,18.25,1004.94,58.09
2025-12-22T08:54:42+00:00,18.31,1005.00,58.15
2025-12-22T08:54:57+00:00,18.39,1005.03,58.05
2025-12-22T08:55:12+00:00,18.48,1004.98,57.77
2025-12-22T08:55:27+00:00,18.55,1004.94,57.55
2025-12-22T08:55:42+00:00,18.61,1004.93,57.25
2025-12-22T08:55:57+00:00,18.66,1004.93,57.16
2025-12-22T08:56:12+00:00,18.71,1004.97,57.19
2025-12-22T08:56:27+00:00,18.72,1004.96,57.17
2025-12-22T08:56:42+00:00,18.74,1004.99,57.08
2025-12-22T08:56:57+00:00,18.76,1005.03,57.12
2025-12-22T08:57:12+00:00,18.77,1004.93,57.22
2025-12-22T08:57:27+00:00,18.77,1004.98,56.94
2025-12-22T08:57:42+00:00,18.80,1004.98,56.70
2025-12-22T08:57:57+00:00,18.81,1004.95,56.68
2025-12-22T08:58:12+00:00,18.83,1004.97,56.57
2025-12-22T08:58:27+00:00,18.86,1004.97,56.10
2025-12-22T08:58:42+00:00,18.89,1005.02,56.02
2025-12-22T08:58:57+00:00,18.92,1005.02,56.08
2025-12-22T08:59:12+00:00,18.95,1004.93,55.93
2025-12-22T08:59:27+00:00,19.00,1005.00,55.33
2025-12-22T08:59:42+00:00,19.01,1005.00,55.10
2025-12-22T08:59:57+00:00,19.05,1005.03,54.97
2025-12-22T09:00:12+00:00,19.09,1005.00,54.68
2025-12-22T09:00:27+00:00,19.12,1004.96,54.19
2025-12-22T09:00:42+00:00,19.16,1005.03,53.95
2025-12-22T09:00:57+00:00,19.19,1005.02,54.03
2025-12-22T09:01:12+00:00,19.23,1004.98,54.02
2025-12-22T09:01:27+00:00,19.26,1004.96,54.04
2025-12-22T09:01:42+00:00,19.30,1005.00,54.42
2025-12-22T09:01:57+00:00,19.33,1005.03,54.24
2025-12-22T09:02:12+00:00,19.34,1004.94,54.10
2025-12-22T09:02:27+00:00,19.37,1004.99,53.55
2025-12-22T09:02:42+00:00,19.40,1004.98,53.23
2025-12-22T09:02:57+00:00,19.42,1005.02,52.86
2025-12-22T09:03:12+00:00,19.29,1004.74,52.65
2025-12-22T09:03:27+00:00,19.45,1004.95,52.70
2025-12-22T09:03:42+00:00,19.48,1005.02,52.78
2025-12-22T09:03:57+00:00,19.50,1004.99,52.92
2025-12-22T09:04:12+00:00,19.51,1004.99,53.11
2025-12-22T09:04:27+00:00,19.53,1005.00,53.23
2025-12-22T09:04:42+00:00,19.55,1004.94,53.38
2025-12-22T09:04:57+00:00,19.55,1005.06,53.53
2025-12-22T09:05:12+00:00,19.58,1005.05,53.74
2025-12-22T09:05:27+00:00,19.58,1005.04,53.46
2025-12-22T09:05:42+00:00,19.59,1005.09,53.10
2025-12-22T09:05:57+00:00,19.59,1005.00,53.07
2025-12-22T09:06:12+00:00,19.62,1005.00,53.08
2025-12-22T09:06:27+00:00,19.64,1004.98,53.04
2025-12-22T09:06:42+00:00,19.64,1005.07,53.22
2025-12-22T09:06:57+00:00,19.67,1005.06,53.39
2025-12-22T09:07:12+00:00,19.68,1005.04,53.47
2025-12-22T09:07:27+00:00,19.70,1004.96,53.53
2025-12-22T09:07:42+00:00,19.72,1005.12,53.47
2025-12-22T09:07:57+00:00,19.73,1005.04,53.48
2025-12-22T09:08:12+00:00,19.71,1005.04,53.30
2025-12-22T09:08:27+00:00,19.70,1005.11,53.05
2025-12-22T09:08:42+00:00,19.71,1005.10,52.92
2025-12-22T09:08:57+00:00,19.70,1005.08,52.90
2025-12-22T09:09:12+00:00,19.70,1005.08,52.96
2025-12-22T09:09:27+00:00,19.71,1004.99,53.01
2025-12-22T09:09:42+00:00,19.71,1005.10,53.08
2025-12-22T09:09:57+00:00,19.73,1005.02,53.15
2025-12-22T09:10:12+00:00,19.74,1005.04,52.98
2025-12-22T09:10:27+00:00,19.76,1005.09,52.91
2025-12-22T09:10:42+00:00,19.76,1005.06,52.99
2025-12-22T09:10:57+00:00,19.77,1005.06,52.95
2025-12-22T09:11:12+00:00,19.77,1005.06,52.83
2025-12-22T09:11:27+00:00,19.78,1005.10,52.83
2025-12-22T09:11:42+00:00,19.78,1005.08,52.89
2025-12-22T09:11:57+00:00,19.80,1005.05,53.00
2025-12-22T09:12:12+00:00,19.81,1005.09,53.16
2025-12-22T09:12:27+00:00,19.82,1005.12,53.10
2025-12-22T09:12:42+00:00,19.83,1005.02,53.04
2025-12-22T09:12:57+00:00,19.85,1005.05,53.03
2025-12-22T09:13:12+00:00,19.88,1005.02,53.24
2025-12-22T09:13:27+00:00,19.91,1005.04,53.38
2025-12-22T09:13:42+00:00,19.94,1004.97,53.47
2025-12-22T09:13:57+00:00,19.98,1005.01,53.45
2025-12-22T09:14:12+00:00,20.02,1005.14,53.39
2025-12-22T09:14:27+00:00,20.05,1005.07,53.31
2025-12-22T09:14:42+00:00,20.08,1005.07,53.04
2025-12-22T09:14:57+00:00,20.10,1005.02,52.97
2025-12-22T09:15:12+00:00,20.13,1005.01,53.00
2025-12-22T09:15:27+00:00,20.18,1005.03,53.02
2025-12-22T09:15:42+00:00,20.21,1005.05,52.86
2025-12-22T09:15:57+00:00,20.24,1005.11,52.56
2025-12-22T09:16:12+00:00,20.27,1005.04,52.51
2025-12-22T09:16:27+00:00,20.33,1005.08,52.65
2025-12-22T09:16:42+00:00,20.34,1005.07,52.42
2025-12-22T09:16:57+00:00,20.38,1005.06,52.17
2025-12-22T09:17:12+00:00,20.39,1005.11,51.97
2025-12-22T09:17:27+00:00,20.42,1005.01,51.86
2025-12-22T09:17:42+00:00,20.42,1005.09,51.91
2025-12-22T09:17:57+00:00,20.45,1005.09,51.98
2025-12-22T09:18:12+00:00,20.46,1005.10,51.99
2025-12-22T09:18:27+00:00,20.45,1005.14,51.71
2025-12-22T09:18:42+00:00,20.45,1005.07,51.51
2025-12-22T09:18:57+00:00,20.46,1005.10,51.41
2025-12-22T09:19:12+00:00,20.44,1005.13,50.98
2025-12-22T09:19:27+00:00,20.44,1005.07,50.39
2025-12-22T09:19:42+00:00,20.44,1005.13,50.27
2025-12-22T09:19:57+00:00,20.46,1005.10,50.49
2025-12-22T09:20:12+00:00,20.44,1005.11,50.64
2025-12-22T09:20:27+00:00,20.46,1005.05,50.79
2025-12-22T09:20:42+00:00,20.46,1005.10,50.87
2025-12-22T09:20:57+00:00,20.48,1005.08,50.83
2025-12-22T09:21:12+00:00,20.50,1005.11,50.76
2025-12-22T09:21:27+00:00,20.52,1005.15,50.70
2025-12-22T09:21:42+00:00,20.54,1005.15,50.80
2025-12-22T09:21:57+00:00,20.54,1005.13,51.37
2025-12-22T09:22:12+00:00,20.55,1005.10,50.78
2025-12-22T09:22:27+00:00,20.54,1005.10,50.56
2025-12-22T09:22:42+00:00,20.53,1005.05,50.64
2025-12-22T09:22:57+00:00,20.52,1005.15,50.58
2025-12-22T09:23:12+00:00,20.49,1005.07,50.71
2025-12-22T09:23:27+00:00,20.49,1005.15,50.79
2025-12-22T09:23:42+00:00,20.49,1005.15,50.85
2025-12-22T09:23:57+00:00,20.42,1005.13,50.64
2025-12-22T09:24:12+00:00,20.40,1005.12,50.33
2025-12-22T09:24:27+00:00,20.40,1005.07,50.54
2025-12-22T09:24:42+00:00,20.41,1005.10,50.73
2025-12-22T09:24:57+00:00,20.41,1005.09,51.04
2025-12-22T09:25:12+00:00,20.42,1005.15,51.46
2025-12-22T09:25:27+00:00,20.46,1005.10,51.73
2025-12-22T09:25:42+00:00,20.45,1005.15,51.90
2025-12-22T09:25:57+00:00,20.48,1005.11,51.98
2025-12-22T09:26:12+00:00,20.48,1005.08,52.02
2025-12-22T09:26:27+00:00,20.51,1005.08,51.74
2025-12-22T09:26:42+00:00,20.51,1005.10,50.77
2025-12-22T09:26:57+00:00,20.49,1005.16,50.40
2025-12-22T09:27:12+00:00,20.48,1005.11,50.27
2025-12-22T09:27:27+00:00,20.43,1005.15,49.89
2025-12-22T09:27:42+00:00,20.41,1005.06,49.88
2025-12-22T09:27:57+00:00,20.41,1005.10,49.99
2025-12-22T09:28:12+00:00,20.42,1005.07,50.06
2025-12-22T09:28:27+00:00,20.44,1005.07,50.15
2025-12-22T09:28:42+00:00,20.42,1005.10,50.18
2025-12-22T09:28:57+00:00,20.43,1005.12,50.24
2025-12-22T09:29:12+00:00,20.45,1005.14,50.37
2025-12-22T09:29:27+00:00,20.47,1005.12,50.29
2025-12-22T09:29:42+00:00,20.48,1005.15,50.12
2025-12-22T09:29:57+00:00,20.43,1005.14,49.62
2025-12-22T09:30:12+00:00,20.38,1005.06,49.29
2025-12-22T09:30:27+00:00,20.38,1005.08,49.27
2025-12-22T09:30:42+00:00,20.30,1005.06,49.06
2025-12-22T09:30:57+00:00,20.18,1005.11,49.43
2025-12-22T09:31:12+00:00,20.12,1005.09,49.83
2025-12-22T09:31:27+00:00,20.10,1005.08,49.95
2025-12-22T09:31:42+00:00,20.10,1005.16,49.70
2025-12-22T09:31:57+00:00,20.12,1005.11,49.74
2025-12-22T09:32:12+00:00,20.16,1005.12,49.74
2025-12-22T09:32:27+00:00,20.24,1005.11,49.78
2025-12-22T09:32:42+00:00,20.33,1005.06,49.93
2025-12-22T09:32:57+00:00,20.42,1005.16,50.07
2025-12-22T09:33:12+00:00,20.48,1005.08,50.18
2025-12-22T09:33:27+00:00,20.50,1005.00,50.49
2025-12-22T09:33:42+00:00,20.62,1005.12,50.62
2025-12-22T09:33:57+00:00,20.53,1005.11,50.31
2025-12-22T09:34:12+00:00,20.62,1005.09,50.36
2025-12-22T09:34:27+00:00,20.71,1004.96,50.48
2025-12-22T09:34:42+00:00,20.77,1005.03,50.34
2025-12-22T09:34:57+00:00,20.82,1005.09,50.22
2025-12-22T09:35:12+00:00,20.90,1005.06,49.89
2025-12-22T09:35:27+00:00,20.95,1005.02,49.81
2025-12-22T09:35:42+00:00,21.01,1005.01,49.90
2025-12-22T09:35:57+00:00,21.04,1005.06,49.91
2025-12-22T09:36:12+00:00,21.05,1005.08,49.53
2025-12-22T09:36:27+00:00,21.10,1005.03,49.25
2025-12-22T09:36:42+00:00,21.12,1005.03,49.13
2025-12-22T09:36:57+00:00,21.18,1005.02,49.36
2025-12-22T09:37:12+00:00,21.22,1005.05,49.36
2025-12-22T09:37:27+00:00,21.26,1005.09,49.42
2025-12-22T09:37:42+00:00,21.28,1005.06,49.00
2025-12-22T09:37:57+00:00,21.30,1005.04,48.42
2025-12-22T09:38:12+00:00,21.26,1005.09,48.16
2025-12-22T09:38:27+00:00,21.24,1005.06,47.92
2025-12-22T09:38:42+00:00,21.16,1005.04,47.23
2025-12-22T09:38:57+00:00,21.16,1005.12,47.17
2025-12-22T09:39:12+00:00,21.05,1005.14,47.50
2025-12-22T09:39:27+00:00,21.07,1005.14,47.95
2025-12-22T09:39:42+00:00,21.10,1005.03,47.67
2025-12-22T09:39:57+00:00,21.13,1005.09,47.38
2025-12-22T09:40:12+00:00,21.19,1005.00,46.90
2025-12-22T09:40:27+00:00,21.29,1005.14,46.88
2025-12-22T09:40:42+00:00,21.43,1005.12,46.74
2025-12-22T09:40:57+00:00,21.49,1005.03,46.52
2025-12-22T09:41:12+00:00,21.53,1005.01,46.59
2025-12-22T09:41:27+00:00,21.59,1005.08,46.69
2025-12-22T09:41:42+00:00,21.59,1005.06,46.72
2025-12-22T09:41:57+00:00,21.60,1005.07,46.76
2025-12-22T09:42:12+00:00,21.61,1005.09,46.85
2025-12-22T09:42:27+00:00,21.52,1005.02,46.52
2025-12-22T09:42:42+00:00,21.62,1005.08,46.31
2025-12-22T09:42:57+00:00,21.73,1005.14,46.27
2025-12-22T09:43:12+00:00,21.82,1005.09,46.30
2025-12-22T09:43:27+00:00,21.92,1005.20,46.62
2025-12-22T09:43:42+00:00,22.03,1005.13,46.74
2025-12-22T09:43:57+00:00,22.15,1005.08,46.63
2025-12-22T09:44:12+00:00,22.25,1005.05,46.66
2025-12-22T09:44:27+00:00,22.36,1005.06,46.57
2025-12-22T09:44:42+00:00,22.48,1005.08,47.01
2025-12-22T09:44:57+00:00,22.56,1005.08,47.15
2025-12-22T09:45:12+00:00,22.56,1005.10,47.01
2025-12-22T09:45:27+00:00,22.57,1005.10,46.69
2025-12-22T09:45:42+00:00,22.56,1005.11,46.02
2025-12-22T09:45:57+00:00,22.53,1005.11,45.88
2025-12-22T09:46:12+00:00,22.45,1005.04,46.09
2025-12-22T09:46:27+00:00,22.47,1005.13,46.11
2025-12-22T09:46:42+00:00,22.45,1005.09,45.73
2025-12-22T09:46:57+00:00,22.50,1005.15,45.55
2025-12-22T09:47:12+00:00,22.57,1005.07,45.70
2025-12-22T09:47:27+00:00,22.71,1005.10,45.69
2025-12-22T09:47:42+00:00,22.87,1005.07,45.82
2025-12-22T09:47:57+00:00,23.05,1005.11,45.73
2025-12-22T09:48:12+00:00,23.23,1005.10,45.27
2025-12-22T09:48:27+00:00,23.38,1005.15,45.09
2025-12-22T09:48:42+00:00,23.51,1005.16,44.97
2025-12-22T09:48:57+00:00,23.65,1005.11,44.86
2025-12-22T09:49:12+00:00,23.76,1005.15,44.81
2025-12-22T09:49:27+00:00,23.86,1005.12,44.79
2025-12-22T09:49:42+00:00,23.95,1005.08,44.85
2025-12-22T09:49:57+00:00,24.01,1005.04,43.90
2025-12-22T09:50:12+00:00,24.12,1005.08,43.68
2025-12-22T09:50:27+00:00,24.24,1005.07,43.57
2025-12-22T09:50:42+00:00,24.35,1005.04,43.77
2025-12-22T09:50:57+00:00,24.32,1004.95,43.53
2025-12-22T09:51:12+00:00,24.27,1005.04,42.13
2025-12-22T09:51:27+00:00,24.37,1005.04,41.78
2025-12-22T09:51:42+00:00,24.39,1005.08,41.80
2025-12-22T09:51:57+00:00,24.38,1005.14,41.11
2025-12-22T09:52:12+00:00,24.40,1005.11,41.36
2025-12-22T09:52:27+00:00,24.41,1005.05,41.08
2025-12-22T09:52:42+00:00,24.43,1005.00,41.16
2025-12-22T09:52:57+00:00,24.33,1005.06,41.22
2025-12-22T09:53:12+00:00,24.18,1005.09,41.33
2025-12-22T09:53:27+00:00,23.96,1005.07,41.72
2025-12-22T09:53:42+00:00,23.87,1005.00,42.22
2025-12-22T09:53:57+00:00,23.83,1005.05,42.47
2025-12-22T09:54:12+00:00,23.82,1005.06,43.14
2025-12-22T09:54:27+00:00,23.77,1005.04,43.26
2025-12-22T09:54:42+00:00,23.80,1005.01,43.19
2025-12-22T09:54:57+00:00,23.85,1005.00,43.16
2025-12-22T09:55:12+00:00,23.91,1005.03,43.11
2025-12-22T09:55:27+00:00,23.95,1005.04,43.29
2025-12-22T09:55:42+00:00,24.01,1005.00,43.36
2025-12-22T09:55:57+00:00,24.04,1005.05,43.47
2025-12-22T09:56:12+00:00,24.08,1005.04,43.23
2025-12-22T09:56:27+00:00,23.99,1005.00,42.51
2025-12-22T09:56:42+00:00,23.74,1005.02,42.10
2025-12-22T09:56:57+00:00,23.59,1004.93,42.20
2025-12-22T09:57:12+00:00,23.43,1005.06,42.43
2025-12-22T09:57:27+00:00,23.35,1004.95,42.64
2025-12-22T09:57:42+00:00,23.31,1005.05,43.11
2025-12-22T09:57:57+00:00,23.21,1004.97,43.58
2025-12-22T09:58:12+00:00,23.08,1005.00,43.40
2025-12-22T09:58:27+00:00,22.99,1004.99,43.55
2025-12-22T09:58:42+00:00,22.93,1004.97,43.74
2025-12-22T09:58:57+00:00,22.90,1004.98,43.98
2025-12-22T09:59:12+00:00,22.87,1005.03,44.02
2025-12-22T09:59:27+00:00,22.85,1005.00,44.11
2025-12-22T09:59:42+00:00,22.77,1005.04,44.13
2025-12-22T09:59:57+00:00,22.78,1005.03,44.43
2025-12-22T10:00:12+00:00,22.74,1004.97,44.77
2025-12-22T10:00:27+00:00,22.75,1005.00,44.41
2025-12-22T10:00:42+00:00,22.70,1005.04,44.53
2025-12-22T10:00:57+00:00,22.51,1005.00,44.65
2025-12-22T10:01:12+00:00,22.39,1005.06,44.70
2025-12-22T10:01:27+00:00,22.32,1005.05,44.68
2025-12-22T10:01:42+00:00,22.10,1005.00,44.83
2025-12-22T10:01:57+00:00,21.99,1005.04,44.98
2025-12-22T10:02:12+00:00,21.79,1005.04,45.85
2025-12-22T10:02:27+00:00,21.62,1005.02,45.76
2025-12-22T10:02:42+00:00,21.50,1004.94,45.76
2025-12-22T10:02:57+00:00,21.40,1004.91,45.93
2025-12-22T10:03:12+00:00,21.26,1004.93,46.24
2025-12-22T10:03:27+00:00,21.13,1004.98,46.65
2025-12-22T10:03:42+00:00,20.98,1004.83,47.11
2025-12-22T10:03:57+00:00,21.03,1004.93,47.19
2025-12-22T10:04:12+00:00,21.04,1005.00,47.37
2025-12-22T10:04:27+00:00,21.05,1005.02,47.14
2025-12-22T10:04:42+00:00,21.12,1004.92,46.82
2025-12-22T10:04:57+00:00,21.23,1004.96,46.94
2025-12-22T10:05:12+00:00,21.31,1004.95,47.09
2025-12-22T10:05:27+00:00,21.45,1004.90,47.01
2025-12-22T10:05:42+00:00,21.58,1004.87,46.79
2025-12-22T10:05:57+00:00,21.73,1004.86,47.09
2025-12-22T10:06:12+00:00,21.85,1004.95,47.55
2025-12-22T10:06:27+00:00,21.89,1004.95,47.65
2025-12-22T10:06:42+00:00,21.98,1004.96,47.51
2025-12-22T10:06:57+00:00,22.04,1004.98,46.96
2025-12-22T10:07:12+00:00,22.03,1004.96,47.11
2025-12-22T10:07:27+00:00,21.98,1004.92,46.13
2025-12-22T10:07:42+00:00,21.94,1004.87,45.69
2025-12-22T10:07:57+00:00,21.94,1004.92,46.10
2025-12-22T10:08:12+00:00,21.96,1004.97,46.30
2025-12-22T10:08:27+00:00,21.92,1004.98,46.25
2025-12-22T10:08:42+00:00,21.96,1004.88,45.83
2025-12-22T10:08:57+00:00,22.02,1004.98,45.80
2025-12-22T10:09:12+00:00,22.05,1004.88,45.73
2025-12-22T10:09:27+00:00,22.05,1004.99,45.28
2025-12-22T10:09:42+00:00,22.13,1004.96,45.08
2025-12-22T10:09:57+00:00,22.25,1004.92,44.98
2025-12-22T10:10:12+00:00,22.22,1004.91,44.96
2025-12-22T10:10:27+00:00,22.29,1004.95,45.33
2025-12-22T10:10:42+00:00,22.31,1004.87,45.27
2025-12-22T10:10:57+00:00,22.40,1004.95,45.13
2025-12-22T10:11:12+00:00,22.44,1004.88,45.34
2025-12-22T10:11:27+00:00,22.45,1004.92,45.60
2025-12-22T10:11:42+00:00,22.44,1004.92,45.60
2025-12-22T10:11:57+00:00,22.38,1004.98,45.78
2025-12-22T10:12:12+00:00,22.28,1004.93,46.00
2025-12-22T10:12:27+00:00,22.12,1004.92,45.90
2025-12-22T10:12:42+00:00,21.88,1004.91,45.88
2025-12-22T10:12:57+00:00,21.70,1004.93,45.93
2025-12-22T10:13:12+00:00,21.46,1004.87,46.43
2025-12-22T10:13:27+00:00,21.33,1004.91,46.72
2025-12-22T10:13:42+00:00,21.22,1004.86,47.42
2025-12-22T10:13:57+00:00,21.16,1004.90,47.94
2025-12-22T10:14:12+00:00,21.07,1004.92,48.58
2025-12-22T10:14:27+00:00,20.96,1004.88,47.57
2025-12-22T10:14:42+00:00,20.89,1004.85,47.33
2025-12-22T10:14:57+00:00,20.87,1004.84,47.58
2025-12-22T10:15:12+00:00,20.82,1004.92,48.15
2025-12-22T10:15:27+00:00,20.74,1004.86,48.22
2025-12-22T10:15:42+00:00,20.72,1004.85,48.16
2025-12-22T10:15:57+00:00,20.62,1004.82,48.37
2025-12-22T10:16:12+00:00,20.49,1004.88,48.60
2025-12-22T10:16:27+00:00,20.45,1004.92,48.98
2025-12-22T10:16:42+00:00,20.26,1004.83,49.44
2025-12-22T10:16:57+00:00,20.14,1004.87,50.10
2025-12-22T10:17:12+00:00,20.11,1004.92,50.54
2025-12-22T10:17:27+00:00,20.05,1004.94,50.70
2025-12-22T10:17:42+00:00,20.03,1004.85,50.74
2025-12-22T10:17:57+00:00,19.92,1004.95,50.50
2025-12-22T10:18:12+00:00,19.95,1004.78,50.37
2025-12-22T10:18:27+00:00,19.97,1004.84,50.29
2025-12-22T10:18:42+00:00,19.92,1004.84,50.33
2025-12-22T10:18:57+00:00,19.93,1004.87,50.31
2025-12-22T10:19:12+00:00,20.02,1004.89,50.17
2025-12-22T10:19:27+00:00,20.19,1004.85,49.88
2025-12-22T10:19:42+00:00,20.32,1004.82,49.90
2025-12-22T10:19:57+00:00,20.57,1004.84,49.75
2025-12-22T10:20:12+00:00,20.82,1004.90,49.29
2025-12-22T10:20:27+00:00,20.87,1004.96,48.69
2025-12-22T10:20:42+00:00,21.12,1004.78,48.05
2025-12-22T10:20:57+00:00,21.33,1004.80,48.15
2025-12-22T10:21:12+00:00,21.44,1004.75,47.98
2025-12-22T10:21:27+00:00,21.56,1004.87,47.46
2025-12-22T10:21:42+00:00,21.69,1004.85,47.16
2025-12-22T10:21:57+00:00,21.68,1004.88,47.18
2025-12-22T10:22:12+00:00,21.74,1004.87,47.48
2025-12-22T10:22:27+00:00,21.72,1004.81,47.31
2025-12-22T10:22:42+00:00,21.67,1004.79,47.13
2025-12-22T10:22:57+00:00,21.55,1004.79,47.15
2025-12-22T10:23:12+00:00,21.38,1004.79,47.94
2025-12-22T10:23:27+00:00,21.28,1004.85,48.55
2025-12-22T10:23:42+00:00,21.19,1004.81,48.76
2025-12-22T10:23:57+00:00,21.07,1004.80,49.38
2025-12-22T10:24:12+00:00,20.93,1004.86,49.44
2025-12-22T10:24:27+00:00,20.82,1004.88,48.85
2025-12-22T10:24:42+00:00,20.70,1004.78,49.18
2025-12-22T10:24:57+00:00,20.60,1004.73,49.25
2025-12-22T10:25:12+00:00,20.52,1004.82,49.36
2025-12-22T10:25:27+00:00,20.44,1004.79,49.89
2025-12-22T10:25:42+00:00,20.34,1004.78,49.83
2025-12-22T10:25:57+00:00,20.18,1004.75,49.81
2025-12-22T10:26:12+00:00,20.05,1004.78,49.96
2025-12-22T10:26:27+00:00,20.04,1004.76,50.08
2025-12-22T10:26:42+00:00,20.04,1004.82,50.36
2025-12-22T10:26:57+00:00,20.05,1004.72,50.40
2025-12-22T10:27:12+00:00,20.10,1004.77,50.32
2025-12-22T10:27:27+00:00,20.12,1004.78,50.32
2025-12-22T10:27:42+00:00,20.12,1004.78,50.29
2025-12-22T10:27:57+00:00,20.26,1004.76,50.18
2025-12-22T10:28:12+00:00,20.35,1004.82,50.46
2025-12-22T10:28:27+00:00,20.41,1004.80,50.72
2025-12-22T10:28:42+00:00,20.44,1004.79,50.15
2025-12-22T10:28:57+00:00,20.45,1004.74,49.89
2025-12-22T10:29:12+00:00,20.45,1004.74,49.78
2025-12-22T10:29:27+00:00,20.43,1004.67,49.92
2025-12-22T10:29:42+00:00,20.45,1004.73,49.70
2025-12-22T10:29:57+00:00,20.48,1004.73,49.49
2025-12-22T10:30:12+00:00,20.41,1004.75,49.61
2025-12-22T10:30:27+00:00,20.35,1004.65,49.63
2025-12-22T10:30:42+00:00,20.24,1004.69,49.51
2025-12-22T10:30:57+00:00,20.18,1004.65,49.56
2025-12-22T10:31:12+00:00,20.17,1004.72,49.75
2025-12-22T10:31:27+00:00,20.19,1004.66,49.95
2025-12-22T10:31:42+00:00,20.24,1004.74,50.05
2025-12-22T10:31:57+00:00,20.21,1004.72,49.56
2025-12-22T10:32:12+00:00,20.21,1004.70,49.49
2025-12-22T10:32:27+00:00,20.19,1004.71,49.72
2025-12-22T10:32:42+00:00,20.20,1004.68,49.52
2025-12-22T10:32:57+00:00,20.30,1004.67,49.53
2025-12-22T10:33:12+00:00,20.30,1004.67,49.51
2025-12-22T10:33:27+00:00,20.35,1004.74,49.54
2025-12-22T10:33:42+00:00,20.41,1004.80,49.55
2025-12-22T10:33:57+00:00,20.39,1004.74,48.94
2025-12-22T10:34:12+00:00,20.44,1004.64,49.30
2025-12-22T10:34:27+00:00,20.54,1004.63,49.30
2025-12-22T10:34:42+00:00,20.54,1004.63,49.33
2025-12-22T10:34:57+00:00,20.49,1004.66,49.37
2025-12-22T10:35:12+00:00,20.32,1004.62,49.41
2025-12-22T10:35:27+00:00,20.16,1004.63,49.83
2025-12-22T10:35:42+00:00,20.08,1004.73,50.21
2025-12-22T10:35:57+00:00,19.95,1004.64,50.09
2025-12-22T10:36:12+00:00,19.80,1004.64,50.07
2025-12-22T10:36:27+00:00,19.62,1004.70,50.39
2025-12-22T10:36:42+00:00,19.55,1004.59,50.55
2025-12-22T10:36:57+00:00,19.54,1004.62,50.90
2025-12-22T10:37:12+00:00,19.44,1004.65,50.77
2025-12-22T10:37:27+00:00,19.28,1004.62,51.35
2025-12-22T10:37:42+00:00,19.22,1004.62,51.32
2025-12-22T10:37:57+00:00,19.10,1004.60,51.63
2025-12-22T10:38:12+00:00,18.87,1004.66,51.91
2025-12-22T10:38:27+00:00,18.90,1004.65,52.00
2025-12-22T10:38:42+00:00,18.87,1004.60,52.23
2025-12-22T10:38:57+00:00,18.86,1004.64,52.38
2025-12-22T10:39:12+00:00,18.78,1004.56,52.23
2025-12-22T10:39:27+00:00,18.64,1004.70,52.19
2025-12-22T10:39:42+00:00,18.51,1004.67,52.62
2025-12-22T10:39:57+00:00,18.56,1004.56,52.69
2025-12-22T10:40:12+00:00,18.60,1004.66,52.79
2025-12-22T10:40:27+00:00,18.60,1004.61,52.88
2025-12-22T10:40:42+00:00,18.66,1004.57,52.69
2025-12-22T10:40:57+00:00,18.72,1004.62,52.63
2025-12-22T10:41:12+00:00,18.77,1004.71,52.81
2025-12-22T10:41:27+00:00,18.81,1004.64,53.07
2025-12-22T10:41:42+00:00,18.81,1004.67,52.93
2025-12-22T10:41:57+00:00,18.81,1004.62,52.83
2025-12-22T10:42:12+00:00,18.88,1004.59,52.43
2025-12-22T10:42:27+00:00,18.89,1004.52,52.37
2025-12-22T10:42:42+00:00,18.88,1004.54,52.08
2025-12-22T10:42:57+00:00,18.84,1004.56,52.22
2025-12-22T10:43:12+00:00,18.81,1004.55,52.33
2025-12-22T10:43:27+00:00,18.77,1004.65,52.13
2025-12-22T10:43:42+00:00,18.81,1004.62,52.16
2025-12-22T10:43:57+00:00,18.85,1004.62,52.46
2025-12-22T10:44:12+00:00,18.90,1004.59,52.04
2025-12-22T10:44:27+00:00,18.95,1004.56,52.12
2025-12-22T10:44:42+00:00,18.95,1004.62,52.02
2025-12-22T10:44:57+00:00,18.95,1004.59,52.06
2025-12-22T10:45:12+00:00,18.99,1004.50,52.04
2025-12-22T10:45:27+00:00,19.03,1004.58,52.07
2025-12-22T10:45:42+00:00,18.97,1004.55,52.33
2025-12-22T10:45:57+00:00,18.96,1004.55,52.09
2025-12-22T10:46:12+00:00,18.92,1004.57,52.11
2025-12-22T10:46:27+00:00,18.89,1004.66,52.06
2025-12-22T10:46:42+00:00,18.90,1004.56,52.23
2025-12-22T10:46:57+00:00,18.93,1004.54,52.40
2025-12-22T10:47:12+00:00,18.95,1004.45,52.52
2025-12-22T10:47:27+00:00,18.90,1004.54,52.48
2025-12-22T10:47:42+00:00,18.95,1004.59,52.41
2025-12-22T10:47:57+00:00,19.00,1004.59,52.26
2025-12-22T10:48:12+00:00,18.97,1004.44,52.05
2025-12-22T10:48:27+00:00,18.94,1004.47,52.33
2025-12-22T10:48:42+00:00,18.97,1004.51,52.30
2025-12-22T10:48:57+00:00,18.96,1004.58,52.02
2025-12-22T10:49:12+00:00,19.04,1004.50,51.95
2025-12-22T10:49:27+00:00,19.09,1004.53,51.86
2025-12-22T10:49:42+00:00,19.16,1004.55,52.12
2025-12-22T10:49:57+00:00,19.23,1004.50,52.07
2025-12-22T10:50:12+00:00,19.28,1004.45,51.82
2025-12-22T10:50:27+00:00,19.39,1004.52,52.03
2025-12-22T10:50:42+00:00,19.52,1004.47,52.14
2025-12-22T10:50:57+00:00,19.65,1004.50,51.90
2025-12-22T10:51:12+00:00,19.77,1004.54,51.50
2025-12-22T10:51:27+00:00,19.88,1004.47,51.14
2025-12-22T10:51:42+00:00,20.06,1004.48,51.05
2025-12-22T10:51:57+00:00,20.19,1004.47,50.77
2025-12-22T10:52:12+00:00,20.34,1004.47,50.35
2025-12-22T10:52:27+00:00,20.53,1004.54,50.08
2025-12-22T10:52:42+00:00,20.69,1004.49,49.96
2025-12-22T10:52:57+00:00,20.87,1004.56,49.50
2025-12-22T10:53:12+00:00,20.94,1004.48,48.86
2025-12-22T10:53:27+00:00,21.02,1004.53,48.63
2025-12-22T10:53:42+00:00,21.27,1004.45,48.33
2025-12-22T10:53:57+00:00,21.40,1004.49,48.06
2025-12-22T10:54:12+00:00,21.45,1004.47,47.71
2025-12-22T10:54:27+00:00,21.44,1004.39,47.40
2025-12-22T10:54:42+00:00,21.50,1004.47,47.53
2025-12-22T10:54:57+00:00,21.54,1004.52,47.88
2025-12-22T10:55:12+00:00,21.56,1004.53,47.76
2025-12-22T10:55:27+00:00,21.54,1004.50,47.47
2025-12-22T10:55:42+00:00,21.58,1004.49,47.67
2025-12-22T10:55:57+00:00,21.65,1004.48,47.82
2025-12-22T10:56:12+00:00,21.70,1004.48,47.12
2025-12-22T10:56:27+00:00,21.66,1004.46,46.66
2025-12-22T10:56:42+00:00,21.66,1004.46,46.78
2025-12-22T10:56:57+00:00,21.70,1004.57,47.02
2025-12-22T10:57:12+00:00,21.66,1004.47,47.35
2025-12-22T10:57:27+00:00,21.65,1004.47,47.67
2025-12-22T10:57:42+00:00,21.64,1004.52,47.81
2025-12-22T10:57:57+00:00,21.52,1004.41,47.26
2025-12-22T10:58:12+00:00,21.40,1004.50,47.45
2025-12-22T10:58:27+00:00,21.35,1004.47,47.60
2025-12-22T10:58:42+00:00,21.27,1004.41,47.64
2025-12-22T10:58:57+00:00,21.09,1004.51,47.75
2025-12-22T10:59:12+00:00,21.10,1004.42,48.20
2025-12-22T10:59:27+00:00,21.14,1004.42,48.48
2025-12-22T10:59:42+00:00,21.15,1004.36,48.41
2025-12-22T10:59:57+00:00,21.12,1004.37,48.38
2025-12-22T11:00:12+00:00,21.07,1004.39,48.53
2025-12-22T11:00:27+00:00,21.10,1004.36,48.43
2025-12-22T11:00:42+00:00,21.14,1004.36,48.43
2025-12-22T11:00:57+00:00,21.12,1004.37,48.28
2025-12-22T11:01:12+00:00,21.09,1004.34,48.26
2025-12-22T11:01:27+00:00,21.11,1004.37,48.27
2025-12-22T11:01:42+00:00,21.11,1004.35,48.51
2025-12-22T11:01:57+00:00,21.18,1004.41,48.52
2025-12-22T11:02:12+00:00,21.23,1004.41,48.43
2025-12-22T11:02:27+00:00,21.32,1004.30,48.49
2025-12-22T11:02:42+00:00,21.37,1004.41,48.07
2025-12-22T11:02:57+00:00,21.41,1004.40,48.14
2025-12-22T11:03:12+00:00,21.40,1004.38,48.38
2025-12-22T11:03:27+00:00,21.44,1004.42,47.99
2025-12-22T11:03:42+00:00,21.44,1004.39,47.57
2025-12-22T11:03:57+00:00,21.43,1004.38,47.22
2025-12-22T11:04:12+00:00,21.44,1004.39,47.45
2025-12-22T11:04:27+00:00,21.40,1004.47,47.91
2025-12-22T11:04:42+00:00,21.28,1004.49,47.91
2025-12-22T11:04:57+00:00,21.32,1004.44,47.86
2025-12-22T11:05:12+00:00,21.26,1004.48,47.61
2025-12-22T11:05:27+00:00,21.15,1004.32,47.60
2025-12-22T11:05:42+00:00,21.18,1004.35,48.01
2025-12-22T11:05:57+00:00,21.25,1004.30,48.14
2025-12-22T11:06:12+00:00,21.14,1004.37,47.58
2025-12-22T11:06:27+00:00,20.99,1004.40,47.73
2025-12-22T11:06:42+00:00,20.96,1004.34,47.83
2025-12-22T11:06:57+00:00,20.95,1004.35,48.33
2025-12-22T11:07:12+00:00,21.03,1004.33,48.33
2025-12-22T11:07:27+00:00,21.13,1004.30,48.27
2025-12-22T11:07:42+00:00,21.27,1004.33,48.29
2025-12-22T11:07:57+00:00,21.39,1004.36,48.16
2025-12-22T11:08:12+00:00,21.55,1004.38,48.33
2025-12-22T11:08:27+00:00,21.68,1004.48,48.43
2025-12-22T11:08:42+00:00,21.83,1004.36,48.44
2025-12-22T11:08:57+00:00,21.84,1004.34,48.28
2025-12-22T11:09:12+00:00,21.79,1004.44,47.89
2025-12-22T11:09:27+00:00,21.73,1004.41,47.45
2025-12-22T11:09:42+00:00,21.65,1004.39,46.80
2025-12-22T11:09:57+00:00,21.63,1004.39,46.96
2025-12-22T11:10:12+00:00,21.68,1004.42,47.17
2025-12-22T11:10:27+00:00,21.72,1004.40,47.35
2025-12-22T11:10:42+00:00,21.67,1004.38,47.01
2025-12-22T11:10:57+00:00,21.68,1004.37,47.05
2025-12-22T11:11:12+00:00,21.71,1004.27,46.44
2025-12-22T11:11:27+00:00,21.75,1004.33,46.56
2025-12-22T11:11:42+00:00,21.87,1004.26,46.43
2025-12-22T11:11:57+00:00,21.92,1004.40,46.71
2025-12-22T11:12:12+00:00,21.94,1004.41,46.67
2025-12-22T11:12:27+00:00,21.88,1004.33,46.26
2025-12-22T11:12:42+00:00,22.04,1004.46,46.29
2025-12-22T11:12:57+00:00,22.09,1004.46,46.25
2025-12-22T11:13:12+00:00,22.24,1004.42,46.26
2025-12-22T11:13:27+00:00,22.47,1004.40,45.92
2025-12-22T11:13:42+00:00,22.64,1004.36,45.71
2025-12-22T11:13:57+00:00,22.80,1004.33,45.63
2025-12-22T11:14:12+00:00,22.98,1004.33,45.27
2025-12-22T11:14:27+00:00,23.16,1004.20,44.67
2025-12-22T11:14:42+00:00,23.45,1004.37,44.84
2025-12-22T11:14:57+00:00,23.70,1004.43,44.73
2025-12-22T11:15:12+00:00,23.76,1004.38,44.20
2025-12-22T11:15:27+00:00,23.89,1004.36,42.95
2025-12-22T11:15:42+00:00,23.96,1004.39,43.30
2025-12-22T11:15:57+00:00,24.16,1004.36,43.27
2025-12-22T11:16:12+00:00,24.05,1004.38,42.51
2025-12-22T11:16:27+00:00,23.86,1004.39,42.73
2025-12-22T11:16:42+00:00,23.73,1004.36,42.78
2025-12-22T11:16:57+00:00,23.66,1004.42,43.16
2025-12-22T11:17:12+00:00,23.56,1004.41,43.36
2025-12-22T11:17:27+00:00,23.54,1004.40,43.81
2025-12-22T11:17:42+00:00,23.56,1004.30,44.01
2025-12-22T11:17:57+00:00,23.48,1004.36,44.07
2025-12-22T11:18:12+00:00,23.39,1004.41,44.12
2025-12-22T11:18:27+00:00,23.19,1004.42,43.85
2025-12-22T11:18:42+00:00,23.08,1004.33,43.69
2025-12-22T11:18:57+00:00,23.03,1004.39,43.88
2025-12-22T11:19:12+00:00,22.96,1004.33,43.91
2025-12-22T11:19:27+00:00,22.92,1004.43,44.25
2025-12-22T11:19:42+00:00,22.79,1004.35,44.62
2025-12-22T11:19:57+00:00,22.73,1004.39,44.70
2025-12-22T11:20:12+00:00,22.72,1004.38,44.89
2025-12-22T11:20:27+00:00,22.64,1004.40,44.91
2025-12-22T11:20:42+00:00,22.59,1004.38,44.73
2025-12-22T11:20:57+00:00,22.47,1004.40,44.89
2025-12-22T11:21:12+00:00,22.38,1004.37,45.09
2025-12-22T11:21:27+00:00,22.31,1004.35,45.46
2025-12-22T11:21:42+00:00,22.41,1004.37,45.59
2025-12-22T11:21:57+00:00,22.47,1004.52,45.74
2025-12-22T11:22:12+00:00,22.47,1004.40,45.50
2025-12-22T11:22:27+00:00,22.48,1004.32,45.36
2025-12-22T11:22:42+00:00,22.58,1004.34,45.39
2025-12-22T11:22:57+00:00,22.70,1004.40,45.28
2025-12-22T11:23:12+00:00,22.84,1004.35,45.04
2025-12-22T11:23:27+00:00,22.81,1004.36,45.00
2025-12-22T11:23:42+00:00,22.73,1004.39,44.85
2025-12-22T11:23:57+00:00,22.67,1004.34,44.84
2025-12-22T11:24:12+00:00,22.65,1004.32,44.58
2025-12-22T11:24:27+00:00,22.60,1004.35,45.02
2025-12-22T11:24:42+00:00,22.65,1004.37,44.86
2025-12-22T11:24:57+00:00,22.68,1004.40,44.74
2025-12-22T11:25:12+00:00,22.87,1004.29,44.46
2025-12-22T11:25:27+00:00,22.94,1004.30,44.40
2025-12-22T11:25:42+00:00,23.07,1004.29,44.19
2025-12-22T11:25:57+00:00,23.15,1004.29,44.14
2025-12-22T11:26:12+00:00,23.17,1004.27,43.54
2025-12-22T11:26:27+00:00,23.11,1004.18,43.50
2025-12-22T11:26:42+00:00,23.15,1004.29,43.52
2025-12-22T11:26:57+00:00,23.01,1004.26,43.67
2025-12-22T11:27:12+00:00,22.95,1004.28,43.87
2025-12-22T11:27:27+00:00,23.01,1004.29,44.09
2025-12-22T11:27:42+00:00,23.07,1004.29,44.21
2025-12-22T11:27:57+00:00,23.09,1004.28,43.93
2025-12-22T11:28:12+00:00,23.09,1004.24,44.01
2025-12-22T11:28:27+00:00,23.12,1004.24,44.16
2025-12-22T11:28:42+00:00,23.12,1004.24,44.35
2025-12-22T11:28:57+00:00,23.16,1004.22,44.51
2025-12-22T11:29:12+00:00,23.18,1004.27,44.44
2025-12-22T11:29:27+00:00,23.28,1004.34,44.37
2025-12-22T11:29:42+00:00,23.45,1004.26,43.99
2025-12-22T11:29:57+00:00,23.56,1004.33,43.56
2025-12-22T11:30:12+00:00,23.72,1004.24,43.15
2025-12-22T11:30:27+00:00,23.88,1004.24,43.13
2025-12-22T11:30:42+00:00,23.95,1004.24,43.13
2025-12-22T11:30:57+00:00,24.09,1004.33,43.26
2025-12-22T11:31:12+00:00,24.24,1004.29,42.63
2025-12-22T11:31:27+00:00,24.27,1004.24,42.41
2025-12-22T11:31:42+00:00,24.26,1004.33,42.66
2025-12-22T11:31:57+00:00,24.24,1004.18,42.30
2025-12-22T11:32:12+00:00,24.30,1004.25,42.54
2025-12-22T11:32:27+00:00,24.40,1004.29,42.67
2025-12-22T11:32:42+00:00,24.41,1004.30,42.25
2025-12-22T11:32:57+00:00,24.44,1004.19,42.14
2025-12-22T11:33:12+00:00,24.35,1004.25,42.00
2025-12-22T11:33:27+00:00,24.27,1004.20,42.48
2025-12-22T11:33:42+00:00,24.17,1004.21,42.92
2025-12-22T11:33:57+00:00,24.00,1004.30,42.97
2025-12-22T11:34:12+00:00,23.88,1004.20,43.44
2025-12-22T11:34:27+00:00,23.72,1004.23,43.59
2025-12-22T11:34:42+00:00,23.49,1004.18,43.03
2025-12-22T11:34:57+00:00,23.35,1004.29,43.43
2025-12-22T11:35:12+00:00,23.12,1004.13,44.08
2025-12-22T11:35:27+00:00,23.04,1004.15,44.28
2025-12-22T11:35:42+00:00,22.94,1004.13,44.20
2025-12-22T11:35:57+00:00,22.85,1004.22,44.37
2025-12-22T11:36:12+00:00,22.69,1004.27,44.67
2025-12-22T11:36:27+00:00,22.53,1004.23,44.85
2025-12-22T11:36:42+00:00,22.41,1004.26,45.37
2025-12-22T11:36:57+00:00,22.17,1004.25,45.29
2025-12-22T11:37:12+00:00,21.84,1004.21,45.44
2025-12-22T11:37:27+00:00,21.70,1004.17,45.52
2025-12-22T11:37:42+00:00,21.59,1004.14,46.29
2025-12-22T11:37:57+00:00,21.53,1004.24,46.68
2025-12-22T11:38:12+00:00,21.42,1004.17,46.81
2025-12-22T11:38:27+00:00,21.36,1004.20,47.12
2025-12-22T11:38:42+00:00,21.19,1004.12,46.78
2025-12-22T11:38:57+00:00,21.07,1004.22,47.15
2025-12-22T11:39:12+00:00,20.96,1004.16,46.97
2025-12-22T11:39:27+00:00,20.89,1004.10,47.28
2025-12-22T11:39:42+00:00,20.84,1004.15,47.57
2025-12-22T11:39:57+00:00,20.74,1004.16,47.35
2025-12-22T11:40:12+00:00,20.72,1004.24,47.46
2025-12-22T11:40:27+00:00,20.72,1004.16,47.41
2025-12-22T11:40:42+00:00,20.70,1004.23,47.81
2025-12-22T11:40:57+00:00,20.68,1004.20,48.19
2025-12-22T11:41:12+00:00,20.67,1004.18,48.28
2025-12-22T11:41:27+00:00,20.57,1004.18,48.41
2025-12-22T11:41:42+00:00,20.62,1004.10,48.21
2025-12-22T11:41:57+00:00,20.57,1004.11,47.97
2025-12-22T11:42:12+00:00,20.51,1004.25,48.40
2025-12-22T11:42:27+00:00,20.54,1004.19,48.62
2025-12-22T11:42:42+00:00,20.57,1004.26,48.75
2025-12-22T11:42:57+00:00,20.50,1004.06,48.87
2025-12-22T11:43:12+00:00,20.48,1004.18,48.73
2025-12-22T11:43:27+00:00,20.46,1004.06,49.22
2025-12-22T11:43:42+00:00,20.40,1004.18,49.26
2025-12-22T11:43:57+00:00,20.41,1004.11,49.15
2025-12-22T11:44:12+00:00,20.38,1004.17,49.44
2025-12-22T11:44:27+00:00,20.36,1004.11,49.46
2025-12-22T11:44:42+00:00,20.40,1004.18,49.66
2025-12-22T11:44:57+00:00,20.38,1004.14,49.80
2025-12-22T11:45:12+00:00,20.43,1004.23,49.55
2025-12-22T11:45:27+00:00,20.44,1004.20,49.60
2025-12-22T11:45:42+00:00,20.42,1004.16,49.58
2025-12-22T11:45:57+00:00,20.44,1004.20,49.56
2025-12-22T11:46:12+00:00,20.48,1004.20,49.72
2025-12-22T11:46:27+00:00,20.42,1004.19,49.69
2025-12-22T11:46:42+00:00,20.41,1004.17,49.77
2025-12-22T11:46:57+00:00,20.44,1004.10,49.88
2025-12-22T11:47:12+00:00,20.48,1004.14,49.81
2025-12-22T11:47:27+00:00,20.51,1004.14,49.99
2025-12-22T11:47:42+00:00,20.45,1004.07,49.85
2025-12-22T11:47:57+00:00,20.48,1004.14,49.67
2025-12-22T11:48:12+00:00,20.52,1004.26,49.93
2025-12-22T11:48:27+00:00,20.49,1004.11,49.75
2025-12-22T11:48:42+00:00,20.42,1004.13,49.93
2025-12-22T11:48:57+00:00,20.28,1004.15,49.61
2025-12-22T11:49:12+00:00,20.21,1004.12,49.68
2025-12-22T11:49:27+00:00,20.16,1004.18,49.92
2025-12-22T11:49:42+00:00,20.14,1004.12,50.07
2025-12-22T11:49:57+00:00,20.09,1004.12,50.10
2025-12-22T11:50:12+00:00,20.11,1004.20,50.23
2025-12-22T11:50:27+00:00,20.07,1004.15,50.40
2025-12-22T11:50:42+00:00,19.96,1004.05,50.19
2025-12-22T11:50:57+00:00,19.86,1004.10,50.51
2025-12-22T11:51:12+00:00,19.79,1004.13,50.82
2025-12-22T11:51:27+00:00,19.80,1004.16,50.94
2025-12-22T11:51:42+00:00,19.81,1004.19,50.98
2025-12-22T11:51:57+00:00,19.85,1004.17,50.95
2025-12-22T11:52:12+00:00,19.84,1004.12,51.05
2025-12-22T11:52:27+00:00,19.88,1004.10,50.84
2025-12-22T11:52:42+00:00,19.95,1004.11,50.82
2025-12-22T11:52:57+00:00,20.03,1004.07,50.69
2025-12-22T11:53:12+00:00,20.08,1004.11,50.70
2025-12-22T11:53:27+00:00,20.16,1004.07,50.71
2025-12-22T11:53:42+00:00,20.19,1004.08,50.54
2025-12-22T11:53:57+00:00,20.27,1004.11,50.33
2025-12-22T11:54:12+00:00,20.49,1004.13,49.87
2025-12-22T11:54:27+00:00,20.58,1004.09,49.66
2025-12-22T11:54:42+00:00,20.69,1004.13,49.39
2025-12-22T11:54:57+00:00,20.77,1003.99,49.26
2025-12-22T11:55:12+00:00,20.98,1004.08,49.07
2025-12-22T11:55:27+00:00,21.08,1004.11,49.00
2025-12-22T11:55:42+00:00,21.13,1004.05,48.92
2025-12-22T11:55:57+00:00,21.19,1004.04,48.99
2025-12-22T11:56:12+00:00,21.25,1004.05,48.72
2025-12-22T11:56:27+00:00,21.21,1004.02,48.57
2025-12-22T11:56:42+00:00,21.17,1004.14,48.33
2025-12-22T11:56:57+00:00,21.07,1004.01,47.93
2025-12-22T11:57:12+00:00,21.02,1004.00,48.07
2025-12-22T11:57:27+00:00,20.96,1003.96,48.56
2025-12-22T11:57:42+00:00,21.00,1004.02,48.17
2025-12-22T11:57:57+00:00,21.05,1003.97,48.07
2025-12-22T11:58:12+00:00,21.13,1004.08,48.23
2025-12-22T11:58:27+00:00,21.27,1004.06,48.46
2025-12-22T11:58:42+00:00,21.39,1004.03,48.38
2025-12-22T11:58:57+00:00,21.32,1004.06,48.09
2025-12-22T11:59:12+00:00,21.44,1004.09,47.76
2025-12-22T11:59:27+00:00,21.52,1004.11,47.76
2025-12-22T11:59:42+00:00,21.50,1004.08,47.46
2025-12-22T11:59:57+00:00,21.49,1004.08,47.35
2025-12-22T12:00:12+00:00,21.43,1004.05,47.08
2025-12-22T12:00:27+00:00,21.44,1004.08,47.22
2025-12-22T12:00:42+00:00,21.49,1004.05,47.42
2025-12-22T12:00:57+00:00,21.57,1004.10,47.33
2025-12-22T12:01:12+00:00,21.71,1004.11,47.26
2025-12-22T12:01:27+00:00,21.78,1004.08,46.97
2025-12-22T12:01:42+00:00,21.85,1004.06,46.75
2025-12-22T12:01:57+00:00,21.99,1004.10,46.65
2025-12-22T12:02:12+00:00,22.14,1004.07,46.36
2025-12-22T12:02:27+00:00,22.29,1004.15,46.22
2025-12-22T12:02:42+00:00,22.47,1004.08,45.86
2025-12-22T12:02:57+00:00,22.60,1004.07,45.61
2025-12-22T12:03:12+00:00,22.57,1004.04,45.68
2025-12-22T12:03:27+00:00,22.55,1004.07,45.50
2025-12-22T12:03:42+00:00,22.47,1004.07,45.52
2025-12-22T12:03:57+00:00,22.33,1004.02,45.82
2025-12-22T12:04:12+00:00,22.24,1004.06,46.04
2025-12-22T12:04:27+00:00,22.03,1004.02,46.23
2025-12-22T12:04:42+00:00,21.95,1004.05,46.47
2025-12-22T12:04:57+00:00,21.88,1004.05,46.51
2025-12-22T12:05:12+00:00,21.81,1004.02,46.77
2025-12-22T12:05:27+00:00,21.83,1004.00,46.61
2025-12-22T12:05:42+00:00,21.81,1004.08,46.59
2025-12-22T12:05:57+00:00,21.71,1004.06,46.80
2025-12-22T12:06:12+00:00,21.70,1004.04,46.93
2025-12-22T12:06:27+00:00,21.60,1004.10,46.91
2025-12-22T12:06:42+00:00,21.61,1004.04,47.05
2025-12-22T12:06:57+00:00,21.56,1004.03,46.99
2025-12-22T12:07:12+00:00,21.53,1004.04,47.19
2025-12-22T12:07:27+00:00,21.40,1004.02,47.38
2025-12-22T12:07:42+00:00,21.44,1004.00,47.41
2025-12-22T12:07:57+00:00,21.47,1004.06,47.50
2025-12-22T12:08:12+00:00,21.51,1004.01,47.51
2025-12-22T12:08:27+00:00,21.44,1004.09,47.14
2025-12-22T12:08:42+00:00,21.45,1004.00,47.12
2025-12-22T12:08:57+00:00,21.61,1004.07,47.34
2025-12-22T12:09:12+00:00,21.73,1004.05,46.98
2025-12-22T12:09:27+00:00,21.82,1004.02,46.52
2025-12-22T12:09:42+00:00,22.10,1004.05,46.06
2025-12-22T12:09:57+00:00,22.42,1004.05,45.47
2025-12-22T12:10:12+00:00,22.71,1003.97,44.70
2025-12-22T12:10:27+00:00,22.94,1004.02,44.20
2025-12-22T12:10:42+00:00,23.19,1003.97,44.05
2025-12-22T12:10:57+00:00,23.48,1004.00,43.86
2025-12-22T12:11:12+00:00,23.74,1004.09,43.65
2025-12-22T12:11:27+00:00,23.81,1003.94,42.72
2025-12-22T12:11:42+00:00,23.97,1004.02,42.56
2025-12-22T12:11:57+00:00,23.99,1004.11,42.34
2025-12-22T12:12:12+00:00,24.23,1004.06,42.06
2025-12-22T12:12:27+00:00,24.42,1003.93,42.14
2025-12-22T12:12:42+00:00,24.61,1004.07,41.91
2025-12-22T12:12:57+00:00,24.68,1004.01,41.71
2025-12-22T12:13:12+00:00,24.89,1003.97,41.49
2025-12-22T12:13:27+00:00,25.08,1004.05,41.26
2025-12-22T12:13:42+00:00,25.16,1004.01,40.91
2025-12-22T12:13:57+00:00,25.18,1004.05,40.49
2025-12-22T12:14:12+00:00,25.22,1003.97,40.43
2025-12-22T12:14:27+00:00,25.20,1004.08,40.60
2025-12-22T12:14:42+00:00,25.12,1003.98,40.89
2025-12-22T12:14:57+00:00,25.09,1004.01,40.53
2025-12-22T12:15:12+00:00,25.23,1003.96,40.55
2025-12-22T12:15:27+00:00,25.37,1003.89,40.60
2025-12-22T12:15:42+00:00,25.36,1003.98,40.88
2025-12-22T12:15:57+00:00,25.42,1003.93,40.59
2025-12-22T12:16:12+00:00,25.62,1004.02,40.42
2025-12-22T12:16:27+00:00,25.71,1004.02,39.91
2025-12-22T12:16:42+00:00,25.77,1004.10,39.70
2025-12-22T12:16:57+00:00,25.74,1004.01,39.58
2025-12-22T12:17:12+00:00,25.80,1003.98,39.22
2025-12-22T12:17:27+00:00,25.75,1003.92,39.07
2025-12-22T12:17:42+00:00,25.69,1003.96,39.56
2025-12-22T12:17:57+00:00,25.62,1004.04,39.49
2025-12-22T12:18:12+00:00,25.69,1003.96,39.35
2025-12-22T12:18:27+00:00,25.68,1003.97,39.48
2025-12-22T12:18:42+00:00,25.63,1003.98,39.62
2025-12-22T12:18:57+00:00,25.62,1003.91,39.51
2025-12-22T12:19:12+00:00,25.71,1003.91,39.30
2025-12-22T12:19:27+00:00,25.68,1004.00,39.49
2025-12-22T12:19:42+00:00,25.85,1003.97,39.64
2025-12-22T12:19:57+00:00,26.03,1003.98,39.66
2025-12-22T12:20:12+00:00,26.20,1003.97,39.36
2025-12-22T12:20:27+00:00,26.25,1003.94,39.16
2025-12-22T12:20:42+00:00,26.25,1004.00,39.22
2025-12-22T12:20:57+00:00,26.26,1004.02,38.93
2025-12-22T12:21:12+00:00,25.99,1004.00,38.93
2025-12-22T12:21:27+00:00,25.77,1003.98,39.31
2025-12-22T12:21:42+00:00,25.34,1003.92,39.62
2025-12-22T12:21:57+00:00,24.98,1004.00,40.16
2025-12-22T12:22:12+00:00,24.69,1003.91,40.59
2025-12-22T12:22:27+00:00,24.42,1003.96,41.11
2025-12-22T12:22:42+00:00,24.19,1003.96,41.14
2025-12-22T12:22:57+00:00,23.80,1003.86,41.97
2025-12-22T12:23:12+00:00,23.58,1003.83,42.42
2025-12-22T12:23:27+00:00,23.39,1004.02,42.85
2025-12-22T12:23:42+00:00,23.17,1003.83,43.22
2025-12-22T12:23:57+00:00,23.19,1003.84,43.30
2025-12-22T12:24:12+00:00,23.17,1003.94,43.61
2025-12-22T12:24:27+00:00,23.09,1003.93,43.94
2025-12-22T12:24:42+00:00,22.94,1003.88,44.32
2025-12-22T12:24:57+00:00,22.81,1003.88,44.62
2025-12-22T12:25:12+00:00,22.74,1003.88,44.75
2025-12-22T12:25:27+00:00,22.70,1003.93,44.88
2025-12-22T12:25:42+00:00,22.69,1003.88,44.94
2025-12-22T12:25:57+00:00,22.73,1003.91,44.84
2025-12-22T12:26:12+00:00,22.88,1003.92,44.72
2025-12-22T12:26:27+00:00,23.20,1003.88,44.38
2025-12-22T12:26:42+00:00,23.48,1003.94,43.82
2025-12-22T12:26:57+00:00,23.66,1003.94,43.27
2025-12-22T12:27:12+00:00,23.75,1003.90,43.19
2025-12-22T12:27:27+00:00,23.68,1003.89,43.12
2025-12-22T12:27:42+00:00,23.73,1003.88,43.41
2025-12-22T12:27:57+00:00,23.92,1003.88,43.57
2025-12-22T12:28:12+00:00,24.02,1003.89,43.26
2025-12-22T12:28:27+00:00,24.26,1003.94,42.69
2025-12-22T12:28:42+00:00,24.37,1003.93,42.55
2025-12-22T12:28:57+00:00,24.21,1003.98,42.64
2025-12-22T12:29:12+00:00,24.21,1003.94,42.81
2025-12-22T12:29:27+00:00,24.12,1003.88,42.72
2025-12-22T12:29:42+00:00,24.06,1003.92,42.82
2025-12-22T12:29:57+00:00,23.89,1003.91,42.82
2025-12-22T12:30:12+00:00,23.74,1003.87,43.10
2025-12-22T12:30:27+00:00,23.69,1003.85,43.35
2025-12-22T12:30:42+00:00,23.81,1003.88,43.42
2025-12-22T12:30:57+00:00,23.86,1003.95,43.12
2025-12-22T12:31:12+00:00,23.82,1003.90,43.17
2025-12-22T12:31:27+00:00,23.78,1003.86,43.24
2025-12-22T12:31:42+00:00,23.98,1003.95,43.09
2025-12-22T12:31:57+00:00,24.17,1003.91,42.90
2025-12-22T12:32:12+00:00,24.31,1003.85,42.54
2025-12-22T12:32:27+00:00,24.28,1003.83,42.48
2025-12-22T12:32:42+00:00,24.37,1003.79,42.44
2025-12-22T12:32:57+00:00,24.42,1003.92,42.25
2025-12-22T12:33:12+00:00,24.45,1003.84,41.78
2025-12-22T12:33:27+00:00,24.49,1003.88,41.89
2025-12-22T12:33:42+00:00,24.65,1003.88,42.08
2025-12-22T12:33:57+00:00,24.77,1003.88,41.85
2025-12-22T12:34:12+00:00,24.92,1003.82,41.37
2025-12-22T12:34:27+00:00,25.08,1003.88,40.98
2025-12-22T12:34:42+00:00,25.06,1003.85,40.69
2025-12-22T12:34:57+00:00,25.17,1003.86,40.58
2025-12-22T12:35:12+00:00,25.21,1003.87,40.52
2025-12-22T12:35:27+00:00,25.14,1003.79,40.85
2025-12-22T12:35:42+00:00,25.02,1003.81,40.75
2025-12-22T12:35:57+00:00,24.98,1003.83,40.79
2025-12-22T12:36:12+00:00,25.01,1003.85,40.99
2025-12-22T12:36:27+00:00,25.07,1003.87,41.04
2025-12-22T12:36:42+00:00,25.20,1003.80,40.93
2025-12-22T12:36:57+00:00,25.14,1003.80,40.72
2025-12-22T12:37:12+00:00,25.23,1003.75,40.78
2025-12-22T12:37:27+00:00,25.29,1003.78,40.56
2025-12-22T12:37:42+00:00,25.26,1003.79,40.72
2025-12-22T12:37:57+00:00,25.14,1003.77,40.59
2025-12-22T12:38:12+00:00,24.57,1003.83,40.73
2025-12-22T12:38:27+00:00,24.26,1003.74,41.14
2025-12-22T12:38:42+00:00,24.05,1003.71,41.60
2025-12-22T12:38:57+00:00,23.94,1003.80,42.19
2025-12-22T12:39:12+00:00,23.68,1003.78,42.76
2025-12-22T12:39:27+00:00,23.62,1003.81,42.94
2025-12-22T12:39:42+00:00,23.53,1003.80,42.94
2025-12-22T12:39:57+00:00,23.43,1003.70,43.10
2025-12-22T12:40:12+00:00,23.39,1003.75,43.20
2025-12-22T12:40:27+00:00,23.16,1003.65,43.62
2025-12-22T12:40:42+00:00,22.90,1003.70,43.74
2025-12-22T12:40:57+00:00,22.65,1003.74,44.10
2025-12-22T12:41:12+00:00,22.54,1003.74,44.42
2025-12-22T12:41:27+00:00,22.44,1003.74,44.78
2025-12-22T12:41:42+00:00,22.22,1003.84,45.31
2025-12-22T12:41:57+00:00,22.10,1003.84,45.27
2025-12-22T12:42:12+00:00,21.83,1003.77,45.33
2025-12-22T12:42:27+00:00,21.76,1003.86,45.52
2025-12-22T12:42:42+00:00,21.65,1003.82,45.82
2025-12-22T12:42:57+00:00,21.50,1003.75,46.23
2025-12-22T12:43:12+00:00,21.42,1003.81,46.34
2025-12-22T12:43:27+00:00,21.38,1003.73,46.68
2025-12-22T12:43:42+00:00,21.29,1003.84,47.10
2025-12-22T12:43:57+00:00,21.18,1003.80,46.76
2025-12-22T12:44:12+00:00,21.02,1003.73,46.97
2025-12-22T12:44:27+00:00,20.82,1003.77,47.34
2025-12-22T12:44:42+00:00,20.68,1003.65,47.49
2025-12-22T12:44:57+00:00,20.57,1003.74,48.09
2025-12-22T12:45:12+00:00,20.54,1003.77,48.55
2025-12-22T12:45:27+00:00,20.49,1003.78,48.65
2025-12-22T12:45:42+00:00,20.44,1003.70,48.80
2025-12-22T12:45:57+00:00,20.45,1003.71,48.92
2025-12-22T12:46:12+00:00,20.54,1003.72,49.03
2025-12-22T12:46:27+00:00,20.61,1003.75,48.96
2025-12-22T12:46:42+00:00,20.66,1003.69,48.91
2025-12-22T12:46:57+00:00,20.76,1003.72,48.78
2025-12-22T12:47:12+00:00,20.84,1003.74,48.60
2025-12-22T12:47:27+00:00,20.81,1003.73,48.54
2025-12-22T12:47:42+00:00,20.84,1003.68,48.57
2025-12-22T12:47:57+00:00,20.88,1003.75,48.54
2025-12-22T12:48:12+00:00,20.93,1003.78,48.60
2025-12-22T12:48:27+00:00,21.01,1003.73,48.54
2025-12-22T12:48:42+00:00,21.03,1003.72,48.59
2025-12-22T12:48:57+00:00,21.12,1003.73,48.12
2025-12-22T12:49:12+00:00,21.13,1003.77,47.73
2025-12-22T12:49:27+00:00,21.11,1003.71,47.57
2025-12-22T12:49:42+00:00,21.06,1003.73,47.64
2025-12-22T12:49:57+00:00,20.96,1003.77,47.74
2025-12-22T12:50:12+00:00,20.91,1003.76,47.87
2025-12-22T12:50:27+00:00,20.82,1003.71,47.59
2025-12-22T12:50:42+00:00,20.78,1003.70,47.82
2025-12-22T12:50:57+00:00,20.75,1003.77,48.20
2025-12-22T12:51:12+00:00,20.74,1003.71,48.45
2025-12-22T12:51:27+00:00,20.68,1003.68,48.81
2025-12-22T12:51:42+00:00,20.63,1003.73,48.36
2025-12-22T12:51:57+00:00,20.64,1003.69,48.34
2025-12-22T12:52:12+00:00,20.59,1003.72,48.22
2025-12-22T12:52:27+00:00,20.58,1003.70,48.07
2025-12-22T12:52:42+00:00,20.59,1003.69,48.28
2025-12-22T12:52:57+00:00,20.55,1003.70,48.40
2025-12-22T12:53:12+00:00,20.49,1003.72,48.55
2025-12-22T12:53:27+00:00,20.50,1003.74,48.57
2025-12-22T12:53:42+00:00,20.50,1003.68,48.87
2025-12-22T12:53:57+00:00,20.44,1003.69,48.99
2025-12-22T12:54:12+00:00,20.40,1003.68,49.13
2025-12-22T12:54:27+00:00,20.42,1003.72,49.23
2025-12-22T12:54:42+00:00,20.37,1003.68,49.38
2025-12-22T12:54:57+00:00,20.23,1003.73,49.10
2025-12-22T12:55:12+00:00,20.09,1003.73,49.01
2025-12-22T12:55:27+00:00,20.06,1003.74,49.27
2025-12-22T12:55:42+00:00,20.05,1003.67,49.44
2025-12-22T12:55:57+00:00,20.00,1003.76,49.64
2025-12-22T12:56:12+00:00,19.91,1003.69,49.74
2025-12-22T12:56:27+00:00,19.80,1003.72,50.00
2025-12-22T12:56:42+00:00,19.74,1003.76,50.08
2025-12-22T12:56:57+00:00,19.76,1003.71,50.24
2025-12-22T12:57:12+00:00,19.78,1003.69,50.66
2025-12-22T12:57:27+00:00,19.84,1003.71,50.59
2025-12-22T12:57:42+00:00,19.91,1003.74,50.39
2025-12-22T12:57:57+00:00,19.99,1003.71,50.48
2025-12-22T12:58:12+00:00,20.00,1003.73,50.41
2025-12-22T12:58:27+00:00,20.07,1003.67,50.12
2025-12-22T12:58:42+00:00,20.08,1003.69,50.01
2025-12-22T12:58:57+00:00,20.08,1003.71,50.08
2025-12-22T12:59:12+00:00,20.06,1003.69,50.09
2025-12-22T12:59:27+00:00,20.06,1003.62,50.37
2025-12-22T12:59:42+00:00,20.06,1003.71,50.41
2025-12-22T12:59:57+00:00,20.10,1003.81,50.58
2025-12-22T13:00:12+00:00,20.10,1003.72,50.52
2025-12-22T13:00:27+00:00,20.07,1003.76,50.57
2025-12-22T13:00:42+00:00,20.03,1003.75,50.21
2025-12-22T13:00:57+00:00,20.01,1003.71,49.76
2025-12-22T13:01:12+00:00,20.13,1003.67,49.67
2025-12-22T13:01:27+00:00,20.47,1003.66,49.25
2025-12-22T13:01:42+00:00,20.64,1003.63,49.12
2025-12-22T13:01:57+00:00,20.69,1003.69,48.68
2025-12-22T13:02:12+00:00,20.65,1003.71,48.15
2025-12-22T13:02:27+00:00,20.75,1003.76,48.13
2025-12-22T13:02:42+00:00,21.01,1003.69,47.91
2025-12-22T13:02:57+00:00,21.52,1003.70,47.32
2025-12-22T13:03:12+00:00,22.05,1003.83,46.54
2025-12-22T13:03:27+00:00,22.55,1003.68,46.02
2025-12-22T13:03:42+00:00,22.94,1003.74,45.20
2025-12-22T13:03:57+00:00,23.34,1003.78,44.27
2025-12-22T13:04:12+00:00,23.72,1003.74,43.48
2025-12-22T13:04:27+00:00,23.89,1003.81,43.13
2025-12-22T13:04:42+00:00,24.12,1003.76,42.63
2025-12-22T13:04:57+00:00,24.23,1003.76,42.30
2025-12-22T13:05:12+00:00,24.15,1003.85,42.32
2025-12-22T13:05:27+00:00,23.94,1003.78,42.52
2025-12-22T13:05:42+00:00,23.69,1003.87,42.90
2025-12-22T13:05:57+00:00,23.57,1003.87,43.24
2025-12-22T13:06:12+00:00,23.25,1003.77,43.78
2025-12-22T13:06:27+00:00,23.03,1003.75,44.02
2025-12-22T13:06:42+00:00,22.90,1003.75,44.34
2025-12-22T13:06:57+00:00,22.79,1003.74,44.40
2025-12-22T13:07:12+00:00,22.42,1003.79,44.57
2025-12-22T13:07:27+00:00,22.25,1003.78,44.62
2025-12-22T13:07:42+00:00,22.23,1003.86,44.71
2025-12-22T13:07:57+00:00,22.42,1003.77,44.26
2025-12-22T13:08:12+00:00,22.59,1003.75,44.34
2025-12-22T13:08:27+00:00,22.89,1003.82,43.88
2025-12-22T13:08:42+00:00,23.29,1003.81,43.63
2025-12-22T13:08:57+00:00,23.72,1003.78,43.01
2025-12-22T13:09:12+00:00,24.03,1003.79,42.75
2025-12-22T13:09:27+00:00,24.40,1003.81,42.14
2025-12-22T13:09:42+00:00,24.73,1003.81,41.48
2025-12-22T13:09:57+00:00,24.92,1003.80,41.16
2025-12-22T13:10:12+00:00,24.86,1003.80,41.08
2025-12-22T13:10:27+00:00,24.68,1003.84,41.27
2025-12-22T13:10:42+00:00,24.58,1003.84,41.12
2025-12-22T13:10:57+00:00,24.40,1003.81,41.16
2025-12-22T13:11:12+00:00,24.17,1003.80,41.48
2025-12-22T13:11:27+00:00,23.75,1003.89,42.01
2025-12-22T13:11:42+00:00,23.55,1003.79,42.64
2025-12-22T13:11:57+00:00,23.41,1003.87,42.98
2025-12-22T13:12:12+00:00,23.34,1003.88,43.04
2025-12-22T13:12:27+00:00,23.37,1003.88,42.57
2025-12-22T13:12:42+00:00,23.37,1003.85,42.63
2025-12-22T13:12:57+00:00,23.50,1003.85,42.75
2025-12-22T13:13:12+00:00,23.50,1003.79,42.65
2025-12-22T13:13:27+00:00,23.78,1003.92,41.92
2025-12-22T13:13:42+00:00,23.75,1003.90,41.80
2025-12-22T13:13:57+00:00,23.71,1003.86,42.19
2025-12-22T13:14:12+00:00,23.70,1003.81,42.15
2025-12-22T13:14:27+00:00,23.84,1003.90,41.84
2025-12-22T13:14:42+00:00,23.68,1003.92,42.15
2025-12-22T13:14:57+00:00,23.57,1003.91,42.60
2025-12-22T13:15:12+00:00,23.48,1003.94,42.84
2025-12-22T13:15:27+00:00,23.26,1003.86,43.04
2025-12-22T13:15:42+00:00,23.09,1003.95,43.29
2025-12-22T13:15:57+00:00,22.94,1003.84,43.73
2025-12-22T13:16:12+00:00,22.66,1003.91,43.85
2025-12-22T13:16:27+00:00,22.42,1003.99,44.21
2025-12-22T13:16:42+00:00,22.32,1003.84,44.67
2025-12-22T13:16:57+00:00,22.10,1003.98,45.22
2025-12-22T13:17:12+00:00,21.91,1004.00,45.47
2025-12-22T13:17:27+00:00,21.76,1003.97,45.63
2025-12-22T13:17:42+00:00,21.54,1003.89,45.88
2025-12-22T13:17:57+00:00,21.43,1003.99,46.29
2025-12-22T13:18:12+00:00,21.29,1003.92,46.73
2025-12-22T13:18:27+00:00,21.14,1003.89,46.91
2025-12-22T13:18:42+00:00,20.93,1003.94,47.35
2025-12-22T13:18:57+00:00,20.82,1003.93,47.85
2025-12-22T13:19:12+00:00,20.72,1003.91,48.06
2025-12-22T13:19:27+00:00,20.65,1003.98,48.03
2025-12-22T13:19:42+00:00,20.62,1003.96,48.14
2025-12-22T13:19:57+00:00,20.57,1003.93,48.20
2025-12-22T13:20:12+00:00,20.49,1003.97,48.65
2025-12-22T13:20:27+00:00,20.39,1003.94,48.96
2025-12-22T13:20:42+00:00,20.26,1003.95,48.99
2025-12-22T13:20:57+00:00,20.15,1003.95,48.78
2025-12-22T13:21:12+00:00,20.05,1003.97,49.14
2025-12-22T13:21:27+00:00,19.97,1003.98,49.23
2025-12-22T13:21:42+00:00,19.88,1003.94,49.50
2025-12-22T13:21:57+00:00,19.73,1003.96,49.88
2025-12-22T13:22:12+00:00,19.64,1003.91,49.87
2025-12-22T13:22:27+00:00,19.54,1003.96,50.10
2025-12-22T13:22:42+00:00,19.44,1003.88,50.58
2025-12-22T13:22:57+00:00,19.32,1003.97,51.13
2025-12-22T13:23:12+00:00,19.23,1003.95,51.30
2025-12-22T13:23:27+00:00,19.14,1003.91,51.40
2025-12-22T13:23:42+00:00,19.07,1003.99,51.61
2025-12-22T13:23:57+00:00,18.92,1003.94,51.89
2025-12-22T13:24:12+00:00,18.78,1003.93,52.20
2025-12-22T13:24:27+00:00,18.76,1004.00,52.37
2025-12-22T13:24:42+00:00,18.71,1003.95,52.62
2025-12-22T13:24:57+00:00,18.64,1003.89,52.91
2025-12-22T13:25:12+00:00,18.62,1003.93,53.03
2025-12-22T13:25:27+00:00,18.57,1003.98,53.32
2025-12-22T13:25:42+00:00,18.50,1003.98,53.35
2025-12-22T13:25:57+00:00,18.44,1003.96,52.90
2025-12-22T13:26:12+00:00,18.29,1004.03,53.42
2025-12-22T13:26:27+00:00,18.28,1004.02,53.66
2025-12-22T13:26:42+00:00,18.23,1004.02,54.09
2025-12-22T13:26:57+00:00,18.21,1003.99,54.16
2025-12-22T13:27:12+00:00,18.18,1003.96,54.15
2025-12-22T13:27:27+00:00,18.19,1004.01,54.32
2025-12-22T13:27:42+00:00,18.15,1004.02,54.33
2025-12-22T13:27:57+00:00,18.12,1003.95,54.47
2025-12-22T13:28:12+00:00,18.11,1003.96,54.52
2025-12-22T13:28:27+00:00,18.10,1004.00,54.62
2025-12-22T13:28:42+00:00,18.12,1003.95,54.62
2025-12-22T13:28:57+00:00,18.13,1004.00,54.74
2025-12-22T13:29:12+00:00,18.11,1004.02,54.96
2025-12-22T13:29:27+00:00,18.15,1004.05,55.02
2025-12-22T13:29:42+00:00,18.11,1003.98,55.10
2025-12-22T13:29:57+00:00,18.13,1004.03,55.03
2025-12-22T13:30:12+00:00,18.13,1004.05,54.96
2025-12-22T13:30:27+00:00,18.14,1003.96,54.85
2025-12-22T13:30:42+00:00,18.15,1004.05,55.02
2025-12-22T13:30:57+00:00,18.15,1004.02,54.97
2025-12-22T13:31:12+00:00,18.15,1003.95,55.02
2025-12-22T13:31:27+00:00,18.14,1003.93,54.94
2025-12-22T13:31:42+00:00,18.11,1004.02,54.64
2025-12-22T13:31:57+00:00,18.13,1004.08,54.79
2025-12-22T13:32:12+00:00,18.15,1003.98,54.80
2025-12-22T13:32:27+00:00,18.12,1004.03,54.68
2025-12-22T13:32:42+00:00,18.10,1004.05,54.73
2025-12-22T13:32:57+00:00,18.09,1003.98,54.49
2025-12-22T13:33:12+00:00,18.09,1003.95,54.58
2025-12-22T13:33:27+00:00,18.11,1003.97,54.73
2025-12-22T13:33:42+00:00,18.12,1003.98,54.79
2025-12-22T13:33:57+00:00,18.17,1004.00,54.91
2025-12-22T13:34:12+00:00,18.19,1003.92,55.02
2025-12-22T13:34:27+00:00,18.18,1004.04,54.94
2025-12-22T13:34:42+00:00,18.10,1003.89,54.08
2025-12-22T13:34:57+00:00,18.07,1003.93,54.10
2025-12-22T13:35:12+00:00,18.04,1003.93,54.51
2025-12-22T13:35:27+00:00,18.01,1003.93,54.46
2025-12-22T13:35:42+00:00,18.03,1003.94,54.45
2025-12-22T13:35:57+00:00,18.00,1003.94,54.66
2025-12-22T13:36:12+00:00,18.04,1003.95,54.67
2025-12-22T13:36:27+00:00,18.05,1003.92,54.70
2025-12-22T13:36:42+00:00,18.10,1003.94,54.75
2025-12-22T13:36:57+00:00,18.13,1003.91,54.89
2025-12-22T13:37:12+00:00,18.15,1003.97,54.83
2025-12-22T13:37:27+00:00,18.18,1003.92,54.94
2025-12-22T13:37:42+00:00,18.17,1003.95,54.97
2025-12-22T13:37:57+00:00,18.18,1003.91,54.74
2025-12-22T13:38:12+00:00,18.17,1003.93,54.46
2025-12-22T13:38:27+00:00,18.12,1003.90,54.30
2025-12-22T13:38:42+00:00,18.10,1003.89,54.26
2025-12-22T13:38:57+00:00,18.05,1003.94,54.49
2025-12-22T13:39:12+00:00,18.08,1003.92,54.61
2025-12-22T13:39:27+00:00,18.08,1003.92,54.76
2025-12-22T13:39:42+00:00,18.11,1003.97,54.68
2025-12-22T13:39:57+00:00,18.11,1003.80,54.83
2025-12-22T13:40:12+00:00,18.12,1003.93,54.75
2025-12-22T13:40:27+00:00,18.13,1003.89,54.58
2025-12-22T13:40:42+00:00,18.13,1003.88,54.53
2025-12-22T13:40:57+00:00,18.14,1003.90,54.59
2025-12-22T13:41:12+00:00,18.13,1003.91,54.83
2025-12-22T13:41:27+00:00,18.16,1003.88,54.86
2025-12-22T13:41:42+00:00,18.20,1003.87,54.96
2025-12-22T13:41:57+00:00,18.20,1003.92,54.88
2025-12-22T13:42:12+00:00,18.22,1003.95,54.70
2025-12-22T13:42:27+00:00,18.21,1003.90,54.80
2025-12-22T13:42:42+00:00,18.21,1003.88,54.65
2025-12-22T13:42:57+00:00,18.20,1003.91,55.01
2025-12-22T13:43:12+00:00,18.18,1003.86,55.03
2025-12-22T13:43:27+00:00,18.14,1003.88,54.67
2025-12-22T13:43:42+00:00,18.15,1003.92,54.50
2025-12-22T13:43:57+00:00,18.17,1003.84,54.46
2025-12-22T13:44:12+00:00,18.15,1003.89,54.52
2025-12-22T13:44:27+00:00,18.16,1003.88,54.48
2025-12-22T13:44:42+00:00,18.17,1003.90,54.56
2025-12-22T13:44:57+00:00,18.17,1003.89,54.72
2025-12-22T13:45:12+00:00,18.13,1003.77,54.98
2025-12-22T13:45:27+00:00,18.13,1003.83,54.70
2025-12-22T13:45:42+00:00,18.16,1003.82,54.84
2025-12-22T13:45:57+00:00,18.17,1003.79,55.02
2025-12-22T13:46:12+00:00,18.19,1003.90,55.23
2025-12-22T13:46:27+00:00,18.17,1003.89,55.35
2025-12-22T13:46:42+00:00,18.16,1003.85,55.15
2025-12-22T13:46:57+00:00,18.15,1003.89,54.83
2025-12-22T13:47:12+00:00,18.06,1003.85,55.13
2025-12-22T13:47:27+00:00,17.97,1003.84,55.01
2025-12-22T13:47:42+00:00,17.94,1003.85,55.19
2025-12-22T13:47:57+00:00,17.90,1003.78,55.13
2025-12-22T13:48:12+00:00,17.85,1003.82,55.21
2025-12-22T13:48:27+00:00,17.83,1003.92,55.07
2025-12-22T13:48:42+00:00,17.81,1003.91,55.32
2025-12-22T13:48:57+00:00,17.81,1003.92,55.26
2025-12-22T13:49:12+00:00,17.82,1003.93,55.34
2025-12-22T13:49:27+00:00,17.82,1003.91,55.37
2025-12-22T13:49:42+00:00,17.81,1003.86,55.40
2025-12-22T13:49:57+00:00,17.83,1003.94,55.54
2025-12-22T13:50:12+00:00,17.85,1003.84,55.51
2025-12-22T13:50:27+00:00,17.84,1003.91,55.68
2025-12-22T13:50:42+00:00,17.85,1003.89,55.82
2025-12-22T13:50:57+00:00,17.84,1003.79,55.75
2025-12-22T13:51:12+00:00,17.86,1003.77,55.71
2025-12-22T13:51:27+00:00,17.86,1003.86,55.77
2025-12-22T13:51:42+00:00,17.87,1003.82,55.92
2025-12-22T13:51:57+00:00,17.85,1003.82,56.09
2025-12-22T13:52:12+00:00,17.85,1003.92,56.18
2025-12-22T13:52:27+00:00,17.84,1003.88,56.23
2025-12-22T13:52:42+00:00,17.81,1003.91,56.09
2025-12-22T13:52:57+00:00,17.76,1003.86,56.06
2025-12-22T13:53:12+00:00,17.75,1003.85,56.14
2025-12-22T13:53:27+00:00,17.74,1003.85,56.34
2025-12-22T13:53:42+00:00,17.73,1003.89,56.59
2025-12-22T13:53:57+00:00,17.72,1003.91,56.42
2025-12-22T13:54:12+00:00,17.72,1003.84,56.39
2025-12-22T13:54:27+00:00,17.67,1003.84,56.17
2025-12-22T13:54:42+00:00,17.68,1003.84,56.15
2025-12-22T13:54:57+00:00,17.68,1003.83,56.40
2025-12-22T13:55:12+00:00,17.63,1003.87,56.79
2025-12-22T13:55:27+00:00,17.64,1003.82,56.59
2025-12-22T13:55:42+00:00,17.59,1003.85,56.62
2025-12-22T13:55:57+00:00,17.58,1003.89,56.70
2025-12-22T13:56:12+00:00,17.56,1003.86,56.81
2025-12-22T13:56:27+00:00,17.55,1003.81,57.01
2025-12-22T13:56:42+00:00,17.56,1003.94,57.14
2025-12-22T13:56:57+00:00,17.52,1003.94,57.00
2025-12-22T13:57:12+00:00,17.52,1003.87,56.98
2025-12-22T13:57:27+00:00,17.53,1003.84,57.07
2025-12-22T13:57:42+00:00,17.51,1003.86,57.22
2025-12-22T13:57:57+00:00,17.52,1003.87,57.40
2025-12-22T13:58:12+00:00,17.50,1003.89,57.46
2025-12-22T13:58:27+00:00,17.47,1003.88,57.63
2025-12-22T13:58:42+00:00,17.43,1003.81,57.61
2025-12-22T13:58:57+00:00,17.41,1003.80,57.53
2025-12-22T13:59:12+00:00,17.40,1003.79,57.55
2025-12-22T13:59:27+00:00,17.42,1003.87,57.57
2025-12-22T13:59:42+00:00,17.40,1003.84,57.67
2025-12-22T13:59:57+00:00,17.40,1003.84,57.71
2025-12-22T14:00:12+00:00,17.35,1003.87,57.43
2025-12-22T14:00:27+00:00,17.32,1003.88,57.39
2025-12-22T14:00:42+00:00,17.31,1003.84,57.59
2025-12-22T14:00:57+00:00,17.31,1003.86,57.82
2025-12-22T14:01:12+00:00,17.29,1003.88,57.86
2025-12-22T14:01:27+00:00,17.30,1003.89,57.71
2025-12-22T14:01:42+00:00,17.31,1003.86,57.77
2025-12-22T14:01:57+00:00,17.30,1003.82,57.73
2025-12-22T14:02:12+00:00,17.28,1003.90,57.95
2025-12-22T14:02:27+00:00,17.26,1003.88,57.97
2025-12-22T14:02:42+00:00,17.25,1003.79,57.81
2025-12-22T14:02:57+00:00,17.27,1003.84,57.79
2025-12-22T14:03:12+00:00,17.25,1003.82,57.68
2025-12-22T14:03:27+00:00,17.25,1003.81,57.98
2025-12-22T14:03:42+00:00,17.25,1003.84,58.12
2025-12-22T14:03:57+00:00,17.24,1003.77,58.01
2025-12-22T14:04:12+00:00,17.21,1003.86,57.96
2025-12-22T14:04:27+00:00,17.23,1003.83,58.05
2025-12-22T14:04:42+00:00,17.23,1003.81,58.09
2025-12-22T14:04:57+00:00,17.23,1003.81,58.12
2025-12-22T14:05:12+00:00,17.23,1003.78,58.10
2025-12-22T14:05:27+00:00,17.23,1003.81,58.13
2025-12-22T14:05:42+00:00,17.24,1003.82,58.27
2025-12-22T14:05:57+00:00,17.21,1003.79,58.59
2025-12-22T14:06:12+00:00,17.24,1003.82,58.63
2025-12-22T14:06:27+00:00,17.23,1003.84,58.76
2025-12-22T14:06:42+00:00,17.22,1003.74,58.82
2025-12-22T14:06:57+00:00,17.23,1003.79,58.72
2025-12-22T14:07:12+00:00,17.24,1003.85,58.72
2025-12-22T14:07:27+00:00,17.23,1003.83,58.71
2025-12-22T14:07:42+00:00,17.19,1003.73,58.39
2025-12-22T14:07:57+00:00,17.19,1003.81,58.33
2025-12-22T14:08:12+00:00,17.16,1003.81,58.27
2025-12-22T14:08:27+00:00,17.16,1003.79,58.29
2025-12-22T14:08:42+00:00,17.18,1003.79,58.51
2025-12-22T14:08:57+00:00,17.19,1003.81,58.65
2025-12-22T14:09:12+00:00,17.21,1003.71,58.54
2025-12-22T14:09:27+00:00,17.19,1003.78,58.48
2025-12-22T14:09:42+00:00,17.21,1003.82,58.14
2025-12-22T14:09:57+00:00,17.24,1003.83,58.37
2025-12-22T14:10:12+00:00,17.23,1003.75,58.38
2025-12-22T14:10:27+00:00,17.20,1003.79,58.13
2025-12-22T14:10:42+00:00,17.20,1003.80,58.12
2025-12-22T14:10:57+00:00,17.18,1003.79,58.29
2025-12-22T14:11:12+00:00,17.21,1003.82,58.34
2025-12-22T14:11:27+00:00,17.24,1003.86,58.19
2025-12-22T14:11:42+00:00,17.25,1003.81,58.21
2025-12-22T14:11:57+00:00,17.24,1003.80,58.39
2025-12-22T14:12:12+00:00,17.22,1003.85,58.27
2025-12-22T14:12:27+00:00,17.23,1003.81,58.36
2025-12-22T14:12:42+00:00,17.23,1003.83,58.04
2025-12-22T14:12:57+00:00,17.20,1003.80,57.77
2025-12-22T14:13:12+00:00,17.17,1003.83,57.94
2025-12-22T14:13:27+00:00,17.18,1003.82,58.13
2025-12-22T14:13:42+00:00,17.19,1003.86,58.16
2025-12-22T14:13:57+00:00,17.20,1003.79,58.29
2025-12-22T14:14:12+00:00,17.19,1003.78,58.55
2025-12-22T14:14:27+00:00,17.20,1003.80,58.24
2025-12-22T14:14:42+00:00,17.18,1003.77,58.20
2025-12-22T14:14:57+00:00,17.18,1003.84,58.25
2025-12-22T14:15:12+00:00,17.18,1003.84,58.34
2025-12-22T14:15:27+00:00,17.17,1003.83,58.40
2025-12-22T14:15:42+00:00,17.17,1003.80,58.46
2025-12-22T14:15:57+00:00,17.14,1003.78,58.14
2025-12-22T14:16:12+00:00,17.13,1003.82,58.18
2025-12-22T14:16:27+00:00,17.11,1003.87,58.46
2025-12-22T14:16:42+00:00,17.11,1003.82,58.62
2025-12-22T14:16:57+00:00,17.11,1003.81,58.63
2025-12-22T14:17:12+00:00,17.10,1003.83,58.59
2025-12-22T14:17:27+00:00,17.07,1003.77,58.41
2025-12-22T14:17:42+00:00,17.04,1003.73,58.47
2025-12-22T14:17:57+00:00,17.00,1003.79,58.70
2025-12-22T14:18:12+00:00,17.00,1003.83,58.72
2025-12-22T14:18:27+00:00,16.98,1003.82,58.95
2025-12-22T14:18:42+00:00,16.97,1003.85,58.58
2025-12-22T14:18:57+00:00,16.95,1003.87,58.69
2025-12-22T14:19:12+00:00,16.94,1003.84,58.69
2025-12-22T14:19:27+00:00,16.96,1003.78,58.72
2025-12-22T14:19:42+00:00,16.95,1003.76,58.87
2025-12-22T14:19:57+00:00,16.95,1003.83,58.96
2025-12-22T14:20:12+00:00,16.96,1003.84,59.15
2025-12-22T14:20:27+00:00,16.95,1003.88,59.09
2025-12-22T14:20:42+00:00,16.95,1003.74,59.03
2025-12-22T14:20:57+00:00,16.95,1003.82,59.17
2025-12-22T14:21:12+00:00,16.93,1003.81,59.10
2025-12-22T14:21:27+00:00,16.92,1003.85,58.92
2025-12-22T14:21:42+00:00,16.88,1003.77,58.99
2025-12-22T14:21:57+00:00,16.87,1003.83,58.89
2025-12-22T14:22:12+00:00,16.87,1003.80,58.71
2025-12-22T14:22:27+00:00,16.86,1003.84,58.64
2025-12-22T14:22:42+00:00,16.85,1003.80,58.45
2025-12-22T14:22:57+00:00,16.84,1003.81,58.52
2025-12-22T14:23:12+00:00,16.85,1003.77,58.49
2025-12-22T14:23:27+00:00,16.85,1003.74,58.84
2025-12-22T14:23:42+00:00,16.84,1003.76,58.78
2025-12-22T14:23:57+00:00,16.84,1003.78,58.82
2025-12-22T14:24:12+00:00,16.86,1003.84,58.84
2025-12-22T14:24:27+00:00,16.83,1003.82,58.78
2025-12-22T14:24:42+00:00,16.81,1003.76,58.77
2025-12-22T14:24:57+00:00,16.79,1003.69,58.68
2025-12-22T14:25:12+00:00,16.75,1003.79,58.87
2025-12-22T14:25:27+00:00,16.73,1003.77,58.98
2025-12-22T14:25:42+00:00,16.70,1003.80,59.41
2025-12-22T14:25:57+00:00,16.69,1003.78,59.63
2025-12-22T14:26:12+00:00,16.68,1003.81,59.68
2025-12-22T14:26:27+00:00,16.65,1003.76,59.82
2025-12-22T14:26:42+00:00,16.62,1003.75,60.48
2025-12-22T14:26:57+00:00,16.58,1003.77,60.35
2025-12-22T14:27:12+00:00,16.54,1003.80,60.43
2025-12-22T14:27:27+00:00,16.51,1003.83,60.71
2025-12-22T14:27:42+00:00,16.43,1003.77,60.78
2025-12-22T14:27:57+00:00,16.38,1003.76,60.59
2025-12-22T14:28:12+00:00,16.31,1003.81,60.50
2025-12-22T14:28:27+00:00,16.27,1003.76,60.19
2025-12-22T14:28:42+00:00,16.24,1003.78,60.37
2025-12-22T14:28:57+00:00,16.13,1003.76,60.26
2025-12-22T14:29:12+00:00,16.09,1003.75,60.33
2025-12-22T14:29:27+00:00,16.03,1003.77,60.43
2025-12-22T14:29:42+00:00,16.01,1003.68,60.57
2025-12-22T14:29:57+00:00,15.95,1003.83,60.50
2025-12-22T14:30:12+00:00,15.93,1003.74,60.63
2025-12-22T14:30:27+00:00,15.89,1003.81,60.28
2025-12-22T14:30:42+00:00,15.85,1003.83,60.19
2025-12-22T14:30:57+00:00,15.84,1003.75,60.22
2025-12-22T14:31:12+00:00,15.83,1003.84,60.41
2025-12-22T14:31:27+00:00,15.80,1003.74,60.43
2025-12-22T14:31:42+00:00,15.80,1003.74,60.43
2025-12-22T14:31:57+00:00,15.79,1003.73,60.78
2025-12-22T14:32:12+00:00,15.78,1003.77,60.70
2025-12-22T14:32:27+00:00,15.78,1003.87,60.79
2025-12-22T14:32:42+00:00,15.77,1003.84,60.76
2025-12-22T14:32:57+00:00,15.73,1003.83,60.75
2025-12-22T14:33:12+00:00,15.73,1003.80,60.53
2025-12-22T14:33:27+00:00,15.71,1003.77,60.68
2025-12-22T14:33:42+00:00,15.70,1003.91,60.64
2025-12-22T14:33:57+00:00,15.68,1003.74,60.38
2025-12-22T14:34:12+00:00,15.68,1003.80,60.44
2025-12-22T14:34:27+00:00,15.69,1003.90,60.46
2025-12-22T14:34:42+00:00,15.67,1003.82,60.77
2025-12-22T14:34:57+00:00,15.66,1003.77,60.84
2025-12-22T14:35:12+00:00,15.67,1003.87,60.94
2025-12-22T14:35:27+00:00,15.68,1003.77,61.07
2025-12-22T14:35:42+00:00,15.66,1003.74,61.08
2025-12-22T14:35:57+00:00,15.66,1003.85,61.13
2025-12-22T14:36:12+00:00,15.64,1003.81,61.39
2025-12-22T14:36:27+00:00,15.61,1003.83,61.51
2025-12-22T14:36:42+00:00,15.59,1003.78,61.30
2025-12-22T14:36:57+00:00,15.57,1003.76,61.32
2025-12-22T14:37:12+00:00,15.54,1003.76,61.40
2025-12-22T14:37:27+00:00,15.52,1003.81,61.33
2025-12-22T14:37:42+00:00,15.51,1003.85,61.13
2025-12-22T14:37:57+00:00,15.49,1003.76,61.20
2025-12-22T14:38:12+00:00,15.53,1003.80,61.25
2025-12-22T14:38:27+00:00,15.53,1003.80,61.33
2025-12-22T14:38:42+00:00,15.54,1003.81,61.42
2025-12-22T14:38:57+00:00,15.53,1003.78,61.50
2025-12-22T14:39:12+00:00,15.51,1003.72,61.45
2025-12-22T14:39:27+00:00,15.51,1003.77,61.33
2025-12-22T14:39:42+00:00,15.53,1003.80,61.36
2025-12-22T14:39:57+00:00,15.53,1003.80,61.37
2025-12-22T14:40:12+00:00,15.56,1003.79,61.40
2025-12-22T14:40:27+00:00,15.56,1003.80,61.51
2025-12-22T14:40:42+00:00,15.57,1003.70,61.56
2025-12-22T14:40:57+00:00,15.56,1003.79,61.39
2025-12-22T14:41:12+00:00,15.57,1003.78,61.20
2025-12-22T14:41:27+00:00,15.56,1003.80,61.30
2025-12-22T14:41:42+00:00,15.57,1003.81,61.26
2025-12-22T14:41:57+00:00,15.58,1003.83,61.13
2025-12-22T14:42:12+00:00,15.58,1003.83,61.10
2025-12-22T14:42:27+00:00,15.59,1003.79,61.12
2025-12-22T14:42:42+00:00,15.60,1003.75,61.23
2025-12-22T14:42:57+00:00,15.62,1003.90,61.19
2025-12-22T14:43:12+00:00,15.62,1003.76,60.64
2025-12-22T14:43:27+00:00,15.62,1003.67,60.62
2025-12-22T14:43:42+00:00,15.63,1003.80,60.83
2025-12-22T14:43:57+00:00,15.65,1003.84,60.89
2025-12-22T14:44:12+00:00,15.65,1003.81,60.90
2025-12-22T14:44:27+00:00,15.69,1003.76,60.83
2025-12-22T14:44:42+00:00,15.70,1003.72,60.68
2025-12-22T14:44:57+00:00,15.71,1003.83,60.54
2025-12-22T14:45:12+00:00,15.72,1003.79,60.26
2025-12-22T14:45:27+00:00,15.74,1003.79,60.32
2025-12-22T14:45:42+00:00,15.76,1003.73,60.37
2025-12-22T14:45:57+00:00,15.78,1003.82,60.56
2025-12-22T14:46:12+00:00,15.76,1003.74,60.60
2025-12-22T14:46:27+00:00,15.78,1003.79,60.23
2025-12-22T14:46:42+00:00,15.76,1003.73,60.18
2025-12-22T14:46:57+00:00,15.74,1003.77,60.23
2025-12-22T14:47:12+00:00,15.78,1003.79,60.29
2025-12-22T14:47:27+00:00,15.80,1003.85,60.24
2025-12-22T14:47:42+00:00,15.81,1003.79,60.18
2025-12-22T14:47:57+00:00,15.81,1003.76,60.27
2025-12-22T14:48:12+00:00,15.81,1003.76,60.54
2025-12-22T14:48:27+00:00,15.82,1003.81,60.60
2025-12-22T14:48:42+00:00,15.82,1003.78,60.49
2025-12-22T14:48:57+00:00,15.83,1003.79,60.46
2025-12-22T14:49:12+00:00,15.82,1003.81,60.25
2025-12-22T14:49:27+00:00,15.82,1003.81,60.18
2025-12-22T14:49:42+00:00,15.82,1003.83,60.13
2025-12-22T14:49:57+00:00,15.81,1003.76,60.15
2025-12-22T14:50:12+00:00,15.80,1003.77,60.13
2025-12-22T14:50:27+00:00,15.81,1003.78,60.20
2025-12-22T14:50:42+00:00,15.81,1003.78,60.16
2025-12-22T14:50:57+00:00,15.80,1003.79,60.25
2025-12-22T14:51:12+00:00,15.77,1003.81,60.35
2025-12-22T14:51:27+00:00,15.76,1003.73,60.40
2025-12-22T14:51:42+00:00,15.74,1003.71,60.52
2025-12-22T14:51:57+00:00,15.74,1003.81,60.66
2025-12-22T14:52:12+00:00,15.74,1003.76,60.75
2025-12-22T14:52:27+00:00,15.72,1003.76,60.62
2025-12-22T14:52:42+00:00,15.71,1003.77,60.50
2025-12-22T14:52:57+00:00,15.68,1003.80,60.29
2025-12-22T14:53:12+00:00,15.67,1003.76,60.51
2025-12-22T14:53:27+00:00,15.67,1003.84,60.52
2025-12-22T14:53:42+00:00,15.67,1003.78,60.59
2025-12-22T14:53:57+00:00,15.64,1003.79,60.64
2025-12-22T14:54:12+00:00,15.64,1003.88,60.56
2025-12-22T14:54:27+00:00,15.63,1003.74,60.59
2025-12-22T14:54:42+00:00,15.62,1003.76,60.57
2025-12-22T14:54:57+00:00,15.62,1003.79,60.54
2025-12-22T14:55:12+00:00,15.59,1003.79,60.59
2025-12-22T14:55:27+00:00,15.57,1003.78,60.77
2025-12-22T14:55:42+00:00,15.58,1003.80,60.74
2025-12-22T14:55:57+00:00,15.57,1003.79,60.65
2025-12-22T14:56:12+00:00,15.58,1003.78,60.77
2025-12-22T14:56:27+00:00,15.59,1003.79,60.80
2025-12-22T14:56:42+00:00,15.58,1003.85,60.80
2025-12-22T14:56:57+00:00,15.58,1003.80,60.75
2025-12-22T14:57:12+00:00,15.58,1003.82,60.97
2025-12-22T14:57:27+00:00,15.58,1003.80,61.21
2025-12-22T14:57:42+00:00,15.58,1003.72,61.30
2025-12-22T14:57:57+00:00,15.58,1003.72,61.48
2025-12-22T14:58:12+00:00,15.57,1003.76,61.63
2025-12-22T14:58:27+00:00,15.57,1003.78,61.68
2025-12-22T14:58:42+00:00,15.56,1003.74,61.66
2025-12-22T14:58:57+00:00,15.56,1003.83,61.63
2025-12-22T14:59:12+00:00,15.54,1003.71,61.54
2025-12-22T14:59:27+00:00,15.56,1003.74,61.56
2025-12-22T14:59:42+00:00,15.54,1003.77,61.50
2025-12-22T14:59:57+00:00,15.55,1003.77,61.47
2025-12-22T15:00:12+00:00,15.53,1003.86,61.50
2025-12-22T15:00:27+00:00,15.52,1003.79,61.36
2025-12-22T15:00:42+00:00,15.52,1003.73,61.28
2025-12-22T15:00:57+00:00,15.51,1003.76,61.55
2025-12-22T15:01:12+00:00,15.52,1003.73,61.60
2025-12-22T15:01:27+00:00,15.51,1003.72,61.55
2025-12-22T15:01:42+00:00,15.49,1003.76,61.50
2025-12-22T15:01:57+00:00,15.47,1003.70,61.48
2025-12-22T15:02:12+00:00,15.46,1003.69,61.62
2025-12-22T15:02:27+00:00,15.45,1003.73,61.76
2025-12-22T15:02:42+00:00,15.45,1003.77,61.74
2025-12-22T15:02:57+00:00,15.44,1003.71,61.85
2025-12-22T15:03:12+00:00,15.42,1003.70,61.91
2025-12-22T15:03:27+00:00,15.41,1003.71,62.09
2025-12-22T15:03:42+00:00,15.40,1003.64,62.16
2025-12-22T15:03:57+00:00,15.38,1003.72,62.44
2025-12-22T15:04:12+00:00,15.34,1003.67,62.67
2025-12-22T15:04:27+00:00,15.30,1003.72,62.53
2025-12-22T15:04:42+00:00,15.28,1003.71,62.66
2025-12-22T15:04:57+00:00,15.26,1003.63,62.99
2025-12-22T15:05:12+00:00,15.23,1003.75,63.26
2025-12-22T15:05:27+00:00,15.21,1003.73,63.33
2025-12-22T15:05:42+00:00,15.17,1003.65,63.43
2025-12-22T15:05:57+00:00,15.15,1003.72,63.47
2025-12-22T15:06:12+00:00,15.09,1003.68,63.42
2025-12-22T15:06:27+00:00,15.07,1003.75,63.24
2025-12-22T15:06:42+00:00,15.04,1003.67,63.35
2025-12-22T15:06:57+00:00,15.02,1003.72,63.44
2025-12-22T15:07:12+00:00,14.96,1003.68,63.54
2025-12-22T15:07:27+00:00,14.94,1003.74,63.60
2025-12-22T15:07:42+00:00,14.90,1003.70,63.93
2025-12-22T15:07:57+00:00,14.88,1003.69,63.83
2025-12-22T15:08:12+00:00,14.87,1003.75,63.90
2025-12-22T15:08:27+00:00,14.86,1003.71,64.05
2025-12-22T15:08:42+00:00,14.83,1003.67,64.15
2025-12-22T15:08:57+00:00,14.81,1003.71,64.28
2025-12-22T15:09:12+00:00,14.78,1003.66,64.36
2025-12-22T15:09:27+00:00,14.74,1003.66,64.36
2025-12-22T15:09:42+00:00,14.72,1003.68,64.41
2025-12-22T15:09:57+00:00,14.70,1003.67,64.44
2025-12-22T15:10:12+00:00,14.68,1003.72,64.64
2025-12-22T15:10:27+00:00,14.66,1003.73,64.65
2025-12-22T15:10:42+00:00,14.63,1003.75,64.72
2025-12-22T15:10:57+00:00,14.60,1003.67,64.62
2025-12-22T15:11:12+00:00,14.59,1003.67,64.67
2025-12-22T15:11:27+00:00,14.57,1003.64,64.73
2025-12-22T15:11:42+00:00,14.54,1003.65,64.98
2025-12-22T15:11:57+00:00,14.53,1003.71,65.08
2025-12-22T15:12:12+00:00,14.51,1003.71,65.18
2025-12-22T15:12:27+00:00,14.47,1003.65,65.10
2025-12-22T15:12:42+00:00,14.46,1003.71,65.14
2025-12-22T15:12:57+00:00,14.45,1003.69,65.37
2025-12-22T15:13:12+00:00,14.42,1003.72,65.57
2025-12-22T15:13:27+00:00,14.41,1003.70,65.64
2025-12-22T15:13:42+00:00,14.37,1003.67,65.79
2025-12-22T15:13:57+00:00,14.36,1003.71,65.80
2025-12-22T15:14:12+00:00,14.35,1003.66,65.78
2025-12-22T15:14:27+00:00,14.31,1003.68,65.96
2025-12-22T15:14:42+00:00,14.30,1003.69,65.99
2025-12-22T15:14:57+00:00,14.29,1003.65,65.93
2025-12-22T15:15:12+00:00,14.27,1003.64,66.03
2025-12-22T15:15:27+00:00,14.27,1003.69,66.07
2025-12-22T15:15:42+00:00,14.23,1003.67,66.29
2025-12-22T15:15:57+00:00,14.22,1003.65,66.38
2025-12-22T15:16:12+00:00,14.21,1003.68,66.51
2025-12-22T15:16:27+00:00,14.18,1003.70,66.54
2025-12-22T15:16:42+00:00,14.17,1003.65,66.55
2025-12-22T15:16:57+00:00,14.16,1003.65,66.47
2025-12-22T15:17:12+00:00,14.14,1003.68,66.61
2025-12-22T15:17:27+00:00,14.11,1003.72,66.73
2025-12-22T15:17:42+00:00,14.09,1003.74,66.63
2025-12-22T15:17:57+00:00,14.07,1003.62,66.56
2025-12-22T15:18:12+00:00,14.05,1003.67,66.61
2025-12-22T15:18:27+00:00,14.04,1003.71,66.55
2025-12-22T15:18:42+00:00,14.04,1003.66,66.57
2025-12-22T15:18:57+00:00,14.03,1003.67,66.54
2025-12-22T15:19:12+00:00,14.04,1003.65,66.60
2025-12-22T15:19:27+00:00,14.03,1003.69,66.66
2025-12-22T15:19:42+00:00,14.00,1003.67,66.82
2025-12-22T15:19:57+00:00,14.00,1003.62,66.85
2025-12-22T15:20:12+00:00,13.99,1003.67,66.94
2025-12-22T15:20:27+00:00,13.98,1003.61,66.96
2025-12-22T15:20:42+00:00,13.97,1003.70,66.76
2025-12-22T15:20:57+00:00,13.97,1003.68,66.74
2025-12-22T15:21:12+00:00,13.97,1003.68,66.86
2025-12-22T15:21:27+00:00,13.98,1003.68,66.95
2025-12-22T15:21:42+00:00,13.98,1003.67,67.11
2025-12-22T15:21:57+00:00,13.98,1003.67,66.93
2025-12-22T15:22:12+00:00,13.98,1003.64,66.83
2025-12-22T15:22:27+00:00,14.00,1003.58,66.85
2025-12-22T15:22:42+00:00,14.01,1003.66,66.80
2025-12-22T15:22:57+00:00,14.02,1003.64,66.81
2025-12-22T15:23:12+00:00,14.04,1003.65,66.79
2025-12-22T15:23:27+00:00,14.04,1003.74,66.78
2025-12-22T15:23:42+00:00,14.05,1003.66,66.75
2025-12-22T15:23:57+00:00,14.05,1003.59,66.82
2025-12-22T15:24:12+00:00,14.08,1003.66,66.72
2025-12-22T15:24:27+00:00,14.08,1003.66,66.73
2025-12-22T15:24:42+00:00,14.09,1003.63,66.73
2025-12-22T15:24:57+00:00,14.10,1003.64,66.76
2025-12-22T15:25:12+00:00,14.11,1003.61,66.57
2025-12-22T15:25:27+00:00,14.12,1003.64,66.52
2025-12-22T15:25:42+00:00,14.12,1003.60,66.45
2025-12-22T15:25:57+00:00,14.13,1003.58,66.32
2025-12-22T15:26:12+00:00,14.16,1003.68,66.22
2025-12-22T15:26:27+00:00,14.16,1003.64,66.31
2025-12-22T15:26:42+00:00,14.18,1003.69,66.27
2025-12-22T15:26:57+00:00,14.19,1003.65,66.22
2025-12-22T15:27:12+00:00,14.20,1003.69,66.17
2025-12-22T15:27:27+00:00,14.21,1003.61,66.09
2025-12-22T15:27:42+00:00,14.23,1003.69,66.05
2025-12-22T15:27:57+00:00,14.24,1003.68,66.04
2025-12-22T15:28:12+00:00,14.25,1003.67,66.01
2025-12-22T15:28:27+00:00,14.27,1003.69,66.02
2025-12-22T15:28:42+00:00,14.29,1003.70,66.05
2025-12-22T15:28:57+00:00,14.29,1003.67,66.04
2025-12-22T15:29:12+00:00,14.30,1003.71,66.04
2025-12-22T15:29:27+00:00,14.29,1003.72,66.00
2025-12-22T15:29:42+00:00,14.29,1003.62,66.03
2025-12-22T15:29:57+00:00,14.30,1003.72,65.95
2025-12-22T15:30:12+00:00,14.31,1003.70,65.87
2025-12-22T15:30:27+00:00,14.32,1003.69,65.85
2025-12-22T15:30:42+00:00,14.32,1003.65,65.85
2025-12-22T15:30:57+00:00,14.33,1003.68,65.96
2025-12-22T15:31:12+00:00,14.33,1003.69,65.93
2025-12-22T15:31:27+00:00,14.33,1003.72,65.85
2025-12-22T15:31:42+00:00,14.34,1003.64,65.85
2025-12-22T15:31:57+00:00,14.33,1003.69,65.88
2025-12-22T15:32:12+00:00,14.35,1003.71,65.94
2025-12-22T15:32:27+00:00,14.35,1003.71,65.99
2025-12-22T15:32:42+00:00,14.35,1003.77,66.01
2025-12-22T15:32:57+00:00,14.33,1003.72,66.06
2025-12-22T15:33:12+00:00,14.35,1003.71,66.08
2025-12-22T15:33:27+00:00,14.34,1003.68,66.14
2025-12-22T15:33:42+00:00,14.33,1003.74,66.09
2025-12-22T15:33:57+00:00,14.32,1003.66,66.15
2025-12-22T15:34:12+00:00,14.34,1003.70,66.16
2025-12-22T15:34:27+00:00,14.33,1003.74,66.17
2025-12-22T15:34:42+00:00,14.33,1003.71,65.86
2025-12-22T15:34:57+00:00,14.33,1003.74,65.73
2025-12-22T15:35:12+00:00,14.33,1003.74,65.86
2025-12-22T15:35:27+00:00,14.34,1003.75,65.94
2025-12-22T15:35:42+00:00,14.33,1003.69,66.04
2025-12-22T15:35:57+00:00,14.33,1003.69,66.10
2025-12-22T15:36:12+00:00,14.33,1003.71,66.12
2025-12-22T15:36:27+00:00,14.33,1003.68,65.99
2025-12-22T15:36:42+00:00,14.33,1003.74,66.02
2025-12-22T15:36:57+00:00,14.34,1003.64,65.99
2025-12-22T15:37:12+00:00,14.34,1003.70,65.96
2025-12-22T15:37:27+00:00,14.34,1003.71,65.98
2025-12-22T15:37:42+00:00,14.33,1003.69,66.02
2025-12-22T15:37:57+00:00,14.34,1003.67,66.06
2025-12-22T15:38:12+00:00,14.34,1003.67,66.14
2025-12-22T15:38:27+00:00,14.34,1003.64,66.12
2025-12-22T15:38:42+00:00,14.34,1003.70,66.10
2025-12-22T15:38:57+00:00,14.34,1003.73,66.16
2025-12-22T15:39:12+00:00,14.34,1003.62,66.16
2025-12-22T15:39:27+00:00,14.35,1003.74,66.20
2025-12-22T15:39:42+00:00,14.34,1003.71,66.28
2025-12-22T15:39:57+00:00,14.33,1003.74,66.03
2025-12-22T15:40:12+00:00,14.33,1003.74,65.45
2025-12-22T15:40:27+00:00,14.34,1003.68,65.49
2025-12-22T15:40:42+00:00,14.35,1003.71,65.51
2025-12-22T15:40:57+00:00,14.35,1003.71,65.51
2025-12-22T15:41:12+00:00,14.36,1003.68,65.53
2025-12-22T15:41:27+00:00,14.37,1003.72,65.57
2025-12-22T15:41:42+00:00,14.37,1003.67,65.70
2025-12-22T15:41:57+00:00,14.37,1003.70,65.76
2025-12-22T15:42:12+00:00,14.38,1003.71,65.76
2025-12-22T15:42:27+00:00,14.38,1003.74,65.50
2025-12-22T15:42:42+00:00,14.38,1003.68,65.27
2025-12-22T15:42:57+00:00,14.39,1003.73,65.12
2025-12-22T15:43:12+00:00,14.39,1003.67,65.20
2025-12-22T15:43:27+00:00,14.40,1003.74,65.27
2025-12-22T15:43:42+00:00,14.40,1003.71,65.31
2025-12-22T15:43:57+00:00,14.40,1003.71,65.37
2025-12-22T15:44:12+00:00,14.40,1003.69,65.44
2025-12-22T15:44:27+00:00,14.40,1003.71,65.43
2025-12-22T15:44:42+00:00,14.40,1003.75,65.46
2025-12-22T15:44:57+00:00,14.41,1003.65,65.26
2025-12-22T15:45:12+00:00,14.41,1003.74,65.05
2025-12-22T15:45:27+00:00,14.41,1003.74,64.91
2025-12-22T15:45:42+00:00,14.41,1003.62,64.80
2025-12-22T15:45:57+00:00,14.43,1003.71,64.86
2025-12-22T15:46:12+00:00,14.43,1003.74,64.97
2025-12-22T15:46:27+00:00,14.43,1003.75,65.04
2025-12-22T15:46:42+00:00,14.43,1003.74,64.99
2025-12-22T15:46:57+00:00,14.43,1003.69,65.06
2025-12-22T15:47:12+00:00,14.43,1003.71,65.09
2025-12-22T15:47:27+00:00,14.43,1003.64,65.11
2025-12-22T15:47:42+00:00,14.44,1003.67,65.03
2025-12-22T15:47:57+00:00,14.44,1003.70,64.96
2025-12-22T15:48:12+00:00,14.44,1003.70,65.11
2025-12-22T15:48:27+00:00,14.43,1003.69,65.17
2025-12-22T15:48:42+00:00,14.44,1003.73,64.97
2025-12-22T15:48:57+00:00,14.43,1003.64,64.82
2025-12-22T15:49:12+00:00,14.45,1003.72,64.86
2025-12-22T15:49:27+00:00,14.44,1003.64,64.88
2025-12-22T15:49:42+00:00,14.43,1003.69,64.93
2025-12-22T15:49:57+00:00,14.44,1003.70,65.06
2025-12-22T15:50:12+00:00,14.43,1003.68,65.10
2025-12-22T15:50:27+00:00,14.43,1003.68,65.06
2025-12-22T15:50:42+00:00,14.43,1003.74,65.12
2025-12-22T15:50:57+00:00,14.42,1003.72,65.16
2025-12-22T15:51:12+00:00,14.41,1003.68,65.13
2025-12-22T15:51:27+00:00,14.40,1003.72,65.10
2025-12-22T15:51:42+00:00,14.40,1003.74,65.23
2025-12-22T15:51:57+00:00,14.41,1003.73,65.27
2025-12-22T15:52:12+00:00,14.39,1003.62,65.33
2025-12-22T15:52:27+00:00,14.39,1003.73,65.38
2025-12-22T15:52:42+00:00,14.39,1003.67,65.45
2025-12-22T15:52:57+00:00,14.39,1003.73,65.42
2025-12-22T15:53:12+00:00,14.37,1003.69,65.37
2025-12-22T15:53:27+00:00,14.38,1003.68,65.41
2025-12-22T15:53:42+00:00,14.37,1003.69,65.46
2025-12-22T15:53:57+00:00,14.37,1003.70,65.41
2025-12-22T15:54:12+00:00,14.37,1003.69,65.26
2025-12-22T15:54:27+00:00,14.36,1003.70,65.16
2025-12-22T15:54:42+00:00,14.36,1003.68,65.20
2025-12-22T15:54:57+00:00,14.36,1003.65,65.18
2025-12-22T15:55:12+00:00,14.36,1003.68,65.27
2025-12-22T15:55:27+00:00,14.36,1003.65,65.26
2025-12-22T15:55:42+00:00,14.35,1003.67,65.28
2025-12-22T15:55:57+00:00,14.36,1003.73,65.15
2025-12-22T15:56:12+00:00,14.35,1003.70,65.27
2025-12-22T15:56:27+00:00,14.35,1003.71,65.29
2025-12-22T15:56:42+00:00,14.34,1003.67,65.24
2025-12-22T15:56:57+00:00,14.34,1003.71,65.21
2025-12-22T15:57:12+00:00,14.34,1003.75,65.11
2025-12-22T15:57:27+00:00,14.34,1003.64,65.06
2025-12-22T15:57:42+00:00,14.34,1003.68,65.08
2025-12-22T15:57:57+00:00,14.33,1003.69,65.12
2025-12-22T15:58:12+00:00,14.34,1003.75,65.26
2025-12-22T15:58:27+00:00,14.33,1003.68,65.50
2025-12-22T15:58:42+00:00,14.33,1003.63,65.59
2025-12-22T15:58:57+00:00,14.33,1003.65,65.75
2025-12-22T15:59:12+00:00,14.32,1003.72,65.82
2025-12-22T15:59:27+00:00,14.30,1003.69,65.79
2025-12-22T15:59:42+00:00,14.29,1003.67,65.82
2025-12-22T15:59:57+00:00,14.29,1003.73,65.92
2025-12-22T16:00:12+00:00,14.29,1003.67,65.96
2025-12-22T16:00:27+00:00,14.27,1003.75,66.01
2025-12-22T16:00:42+00:00,14.27,1003.75,66.02
2025-12-22T16:00:57+00:00,14.24,1003.69,66.10
2025-12-22T16:01:12+00:00,14.23,1003.64,66.10
2025-12-22T16:01:27+00:00,14.22,1003.63,66.08
2025-12-22T16:01:42+00:00,14.21,1003.58,66.12
2025-12-22T16:01:57+00:00,14.20,1003.56,66.20
2025-12-22T16:02:12+00:00,14.19,1003.63,66.20
2025-12-22T16:02:27+00:00,14.17,1003.65,66.23
2025-12-22T16:02:42+00:00,14.18,1003.66,66.30
2025-12-22T16:02:57+00:00,14.16,1003.71,66.38
2025-12-22T16:03:12+00:00,14.15,1003.62,66.47
2025-12-22T16:03:27+00:00,14.15,1003.67,66.63
2025-12-22T16:03:42+00:00,14.13,1003.60,66.65
2025-12-22T16:03:57+00:00,14.11,1003.69,66.55
2025-12-22T16:04:12+00:00,14.11,1003.65,66.50
2025-12-22T16:04:27+00:00,14.09,1003.68,66.56
2025-12-22T16:04:42+00:00,14.09,1003.65,66.57
2025-12-22T16:04:57+00:00,14.08,1003.67,66.63
2025-12-22T16:05:12+00:00,14.07,1003.60,66.63
2025-12-22T16:05:27+00:00,14.06,1003.63,66.68
2025-12-22T16:05:42+00:00,14.06,1003.66,66.70
2025-12-22T16:05:57+00:00,14.05,1003.67,66.75
2025-12-22T16:06:12+00:00,14.05,1003.64,66.78
2025-12-22T16:06:27+00:00,14.05,1003.64,66.79
2025-12-22T16:06:42+00:00,14.03,1003.67,66.85
2025-12-22T16:06:57+00:00,14.02,1003.62,66.95
2025-12-22T16:07:12+00:00,14.03,1003.69,66.82
2025-12-22T16:07:27+00:00,14.01,1003.61,66.79
2025-12-22T16:07:42+00:00,14.02,1003.65,66.85
2025-12-22T16:07:57+00:00,14.02,1003.68,66.89
2025-12-22T16:08:12+00:00,14.01,1003.65,66.92
2025-12-22T16:08:27+00:00,13.99,1003.63,66.97
2025-12-22T16:08:42+00:00,13.99,1003.63,66.96
2025-12-22T16:08:57+00:00,13.99,1003.62,67.02
2025-12-22T16:09:12+00:00,13.98,1003.67,67.05
2025-12-22T16:09:27+00:00,13.98,1003.64,67.10
2025-12-22T16:09:42+00:00,13.98,1003.64,67.04
2025-12-22T16:09:57+00:00,13.97,1003.64,67.03
2025-12-22T16:10:12+00:00,13.96,1003.66,67.04
2025-12-22T16:10:27+00:00,13.97,1003.64,67.02
2025-12-22T16:10:42+00:00,13.96,1003.62,67.02
2025-12-22T16:10:57+00:00,13.97,1003.70,67.03
2025-12-22T16:11:12+00:00,13.96,1003.69,67.11
2025-12-22T16:11:27+00:00,13.96,1003.65,67.18
2025-12-22T16:11:42+00:00,13.94,1003.60,67.15
2025-12-22T16:11:57+00:00,13.95,1003.73,67.17
2025-12-22T16:12:12+00:00,13.95,1003.75,67.25
2025-12-22T16:12:27+00:00,13.95,1003.61,67.24
2025-12-22T16:12:42+00:00,13.94,1003.65,67.32
2025-12-22T16:12:57+00:00,13.94,1003.71,67.37
2025-12-22T16:13:12+00:00,13.93,1003.66,67.47
2025-12-22T16:13:27+00:00,13.93,1003.77,67.41
2025-12-22T16:13:42+00:00,13.93,1003.80,67.41
2025-12-22T16:13:57+00:00,13.92,1003.65,67.43
2025-12-22T16:14:12+00:00,13.92,1003.65,67.46
2025-12-22T16:14:27+00:00,13.92,1003.70,67.45
2025-12-22T16:14:42+00:00,13.92,1003.72,67.52
2025-12-22T16:14:57+00:00,13.91,1003.68,67.59
2025-12-22T16:15:12+00:00,13.91,1003.77,67.68
2025-12-22T16:15:27+00:00,13.91,1003.77,67.74
2025-12-22T16:15:42+00:00,13.89,1003.65,67.76
2025-12-22T16:15:57+00:00,13.88,1003.75,67.70
2025-12-22T16:16:12+00:00,13.89,1003.73,67.68
2025-12-22T16:16:27+00:00,13.88,1003.74,67.75
2025-12-22T16:16:42+00:00,13.88,1003.71,67.79
2025-12-22T16:16:57+00:00,13.86,1003.74,67.75
2025-12-22T16:17:12+00:00,13.85,1003.75,67.50
2025-12-22T16:17:27+00:00,13.85,1003.72,67.49
2025-12-22T16:17:42+00:00,13.85,1003.72,67.47
2025-12-22T16:17:57+00:00,13.86,1003.76,67.48
2025-12-22T16:18:12+00:00,13.85,1003.78,67.46
2025-12-22T16:18:27+00:00,13.85,1003.78,67.49
2025-12-22T16:18:42+00:00,13.84,1003.76,67.43
2025-12-22T16:18:57+00:00,13.84,1003.82,67.37
2025-12-22T16:19:12+00:00,13.85,1003.83,67.42
2025-12-22T16:19:27+00:00,13.85,1003.83,67.46
2025-12-22T16:19:42+00:00,13.85,1003.81,67.43
2025-12-22T16:19:57+00:00,13.85,1003.81,67.49
2025-12-22T16:20:12+00:00,13.85,1003.81,67.45
2025-12-22T16:20:27+00:00,13.85,1003.83,67.46
2025-12-22T16:20:42+00:00,13.86,1003.88,67.44
2025-12-22T16:20:57+00:00,13.85,1003.92,67.44
2025-12-22T16:21:12+00:00,13.85,1003.83,67.45
2025-12-22T16:21:27+00:00,13.85,1003.88,67.44
2025-12-22T16:21:42+00:00,13.86,1003.84,67.43
2025-12-22T16:21:57+00:00,13.85,1003.81,67.48
2025-12-22T16:22:12+00:00,13.85,1003.81,67.44
2025-12-22T16:22:27+00:00,13.85,1003.81,67.41
2025-12-22T16:22:42+00:00,13.86,1003.81,67.37
2025-12-22T16:22:57+00:00,13.85,1003.83,67.39
2025-12-22T16:23:12+00:00,13.86,1003.81,67.42
2025-12-22T16:23:27+00:00,13.85,1003.83,67.46
2025-12-22T16:23:42+00:00,13.86,1003.84,67.52
2025-12-22T16:23:57+00:00,13.86,1003.92,67.58
2025-12-22T16:24:12+00:00,13.86,1003.84,67.70
2025-12-22T16:24:27+00:00,13.84,1003.87,67.73
2025-12-22T16:24:42+00:00,13.84,1003.87,67.77
2025-12-22T16:24:57+00:00,13.84,1003.86,67.73
2025-12-22T16:25:12+00:00,13.83,1003.87,67.64
2025-12-22T16:25:27+00:00,13.82,1003.88,67.55
2025-12-22T16:25:42+00:00,13.82,1003.83,67.58
2025-12-22T16:25:57+00:00,13.82,1003.84,67.60
2025-12-22T16:26:12+00:00,13.81,1003.81,67.60
2025-12-22T16:26:27+00:00,13.82,1003.86,67.64
2025-12-22T16:26:42+00:00,13.82,1003.88,67.72
2025-12-22T16:26:57+00:00,13.82,1003.88,67.85
2025-12-22T16:27:12+00:00,13.81,1003.88,67.90
2025-12-22T16:27:27+00:00,13.80,1003.85,67.91
2025-12-22T16:27:42+00:00,13.79,1003.84,67.88
2025-12-22T16:27:57+00:00,13.79,1003.92,67.91
2025-12-22T16:28:12+00:00,13.77,1003.86,68.00
2025-12-22T16:28:27+00:00,13.77,1003.84,67.98
2025-12-22T16:28:42+00:00,13.77,1003.86,67.92
2025-12-22T16:28:57+00:00,13.78,1003.91,67.90
2025-12-22T16:29:12+00:00,13.76,1003.90,67.91
2025-12-22T16:29:27+00:00,13.77,1003.84,67.89
2025-12-22T16:29:42+00:00,13.77,1003.91,67.96
2025-12-22T16:29:57+00:00,13.76,1003.85,67.98
2025-12-22T16:30:12+00:00,13.76,1003.84,67.92
2025-12-22T16:30:27+00:00,13.77,1003.86,67.97
2025-12-22T16:30:42+00:00,13.75,1003.86,68.06
2025-12-22T16:30:57+00:00,13.76,1003.93,68.07
2025-12-22T16:31:12+00:00,13.76,1003.96,68.06
2025-12-22T16:31:27+00:00,13.75,1003.96,68.02
2025-12-22T16:31:42+00:00,13.75,1003.71,68.04
2025-12-22T16:31:57+00:00,13.75,1003.83,68.16
2025-12-22T16:32:12+00:00,13.75,1003.91,68.20
2025-12-22T16:32:27+00:00,13.74,1003.90,68.16
2025-12-22T16:32:42+00:00,13.74,1003.90,68.35
2025-12-22T16:32:57+00:00,13.75,1003.91,68.37
2025-12-22T16:33:12+00:00,13.75,1003.82,68.33
2025-12-22T16:33:27+00:00,13.73,1003.83,68.29
2025-12-22T16:33:42+00:00,13.74,1003.86,68.29
2025-12-22T16:33:57+00:00,13.74,1003.90,68.33
2025-12-22T16:34:12+00:00,13.74,1003.92,68.32
2025-12-22T16:34:27+00:00,13.73,1003.87,68.35
2025-12-22T16:34:42+00:00,13.73,1003.83,68.31
2025-12-22T16:34:57+00:00,13.72,1003.89,68.43
2025-12-22T16:35:12+00:00,13.71,1003.87,68.48
2025-12-22T16:35:27+00:00,13.71,1003.81,68.15
2025-12-22T16:35:42+00:00,13.70,1003.78,68.14
2025-12-22T16:35:57+00:00,13.70,1003.86,68.04
2025-12-22T16:36:12+00:00,13.70,1003.80,67.97
2025-12-22T16:36:27+00:00,13.71,1003.84,68.04
2025-12-22T16:36:42+00:00,13.71,1003.84,68.13
2025-12-22T16:36:57+00:00,13.71,1003.87,68.22
2025-12-22T16:37:12+00:00,13.70,1003.86,68.36
2025-12-22T16:37:27+00:00,13.71,1003.95,68.67
2025-12-22T16:37:42+00:00,13.70,1003.91,68.75
2025-12-22T16:37:57+00:00,13.69,1003.79,68.41
2025-12-22T16:38:12+00:00,13.69,1003.83,68.20
2025-12-22T16:38:27+00:00,13.69,1003.86,68.30
2025-12-22T16:38:42+00:00,13.68,1003.83,68.20
2025-12-22T16:38:57+00:00,13.69,1003.83,68.21
2025-12-22T16:39:12+00:00,13.68,1003.77,68.20
2025-12-22T16:39:27+00:00,13.68,1003.76,68.15
2025-12-22T16:39:42+00:00,13.68,1003.84,68.35
2025-12-22T16:39:57+00:00,13.67,1003.78,68.39
2025-12-22T16:40:12+00:00,13.67,1003.84,68.33
2025-12-22T16:40:27+00:00,13.66,1003.85,68.08
2025-12-22T16:40:42+00:00,13.66,1003.87,67.90
2025-12-22T16:40:57+00:00,13.68,1003.82,67.80
2025-12-22T16:41:12+00:00,13.68,1003.77,67.79
2025-12-22T16:41:27+00:00,13.70,1003.77,67.87
2025-12-22T16:41:42+00:00,13.69,1003.70,67.93
2025-12-22T16:41:57+00:00,13.70,1003.77,68.05
2025-12-22T16:42:12+00:00,13.69,1003.79,68.22
2025-12-22T16:42:27+00:00,13.68,1003.72,68.25
2025-12-22T16:42:42+00:00,13.68,1003.76,68.32
2025-12-22T16:42:57+00:00,13.66,1003.74,68.34
2025-12-22T16:43:12+00:00,13.66,1003.74,68.04
2025-12-22T16:43:27+00:00,13.67,1003.80,67.97
2025-12-22T16:43:42+00:00,13.66,1003.79,68.00
2025-12-22T16:43:57+00:00,13.66,1003.79,68.04
2025-12-22T16:44:12+00:00,13.67,1003.75,68.01
2025-12-22T16:44:27+00:00,13.67,1003.78,67.96
2025-12-22T16:44:42+00:00,13.67,1003.75,67.94
2025-12-22T16:44:57+00:00,13.68,1003.74,67.74
2025-12-22T16:45:12+00:00,13.70,1003.80,67.71
2025-12-22T16:45:27+00:00,13.70,1003.71,67.59
2025-12-22T16:45:42+00:00,13.71,1003.68,67.64
2025-12-22T16:45:57+00:00,13.71,1003.68,67.66
2025-12-22T16:46:12+00:00,13.72,1003.73,67.78
2025-12-22T16:46:27+00:00,13.73,1003.80,67.65
2025-12-22T16:46:42+00:00,13.74,1003.76,67.62
2025-12-22T16:46:57+00:00,13.75,1003.74,67.62
2025-12-22T16:47:12+00:00,13.74,1003.73,67.70
2025-12-22T16:47:27+00:00,13.74,1003.76,67.67
2025-12-22T16:47:42+00:00,13.75,1003.72,67.65
2025-12-22T16:47:57+00:00,13.76,1003.79,67.43
2025-12-22T16:48:12+00:00,13.77,1003.76,67.30
2025-12-22T16:48:27+00:00,13.78,1003.82,67.32
2025-12-22T16:48:42+00:00,13.79,1003.78,67.14
2025-12-22T16:48:57+00:00,13.79,1003.76,67.17
2025-12-22T16:49:12+00:00,13.81,1003.70,67.21
2025-12-22T16:49:27+00:00,13.82,1003.78,67.11
2025-12-22T16:49:42+00:00,13.82,1003.69,67.09
2025-12-22T16:49:57+00:00,13.85,1003.82,67.00
2025-12-22T16:50:12+00:00,13.84,1003.79,66.98
2025-12-22T16:50:27+00:00,13.85,1003.78,66.93
2025-12-22T16:50:42+00:00,13.86,1003.81,66.99
2025-12-22T16:50:57+00:00,13.86,1003.77,66.82
2025-12-22T16:51:12+00:00,13.87,1003.84,66.79
2025-12-22T16:51:27+00:00,13.88,1003.74,66.76
2025-12-22T16:51:42+00:00,13.89,1003.78,66.95
2025-12-22T16:51:57+00:00,13.91,1003.84,67.13
2025-12-22T16:52:12+00:00,13.89,1003.71,67.07
2025-12-22T16:52:27+00:00,13.90,1003.75,67.06
2025-12-22T16:52:42+00:00,13.90,1003.78,67.05
2025-12-22T16:52:57+00:00,13.90,1003.75,66.91
2025-12-22T16:53:12+00:00,13.90,1003.81,66.90
2025-12-22T16:53:27+00:00,13.90,1003.78,66.91
2025-12-22T16:53:42+00:00,13.91,1003.82,66.97
2025-12-22T16:53:57+00:00,13.92,1003.69,66.96
2025-12-22T16:54:12+00:00,13.92,1003.72,66.80
2025-12-22T16:54:27+00:00,13.91,1003.71,66.79
2025-12-22T16:54:42+00:00,13.92,1003.76,66.78
2025-12-22T16:54:57+00:00,13.93,1003.79,66.87
2025-12-22T16:55:12+00:00,13.93,1003.75,66.88
2025-12-22T16:55:27+00:00,13.93,1003.72,66.79
2025-12-22T16:55:42+00:00,13.94,1003.71,66.61
2025-12-22T16:55:57+00:00,13.95,1003.73,66.72
2025-12-22T16:56:12+00:00,13.96,1003.69,66.82
2025-12-22T16:56:27+00:00,13.96,1003.76,67.01
2025-12-22T16:56:42+00:00,13.96,1003.68,66.99
2025-12-22T16:56:57+00:00,13.95,1003.73,66.93
2025-12-22T16:57:12+00:00,13.95,1003.78,66.81
2025-12-22T16:57:27+00:00,13.94,1003.71,66.75
2025-12-22T16:57:42+00:00,13.95,1003.73,66.73
2025-12-22T16:57:57+00:00,13.95,1003.72,66.71
2025-12-22T16:58:12+00:00,13.94,1003.65,66.63
2025-12-22T16:58:27+00:00,13.93,1003.71,66.66
2025-12-22T16:58:42+00:00,13.93,1003.77,66.70
2025-12-22T16:58:57+00:00,13.94,1003.76,66.75
2025-12-22T16:59:12+00:00,13.93,1003.68,66.89
2025-12-22T16:59:27+00:00,13.93,1003.77,66.98
2025-12-22T16:59:42+00:00,13.92,1003.73,67.03
2025-12-22T16:59:57+00:00,13.91,1003.76,66.93
2025-12-22T17:00:12+00:00,13.91,1003.76,66.93
2025-12-22T17:00:27+00:00,13.90,1003.72,66.93
2025-12-22T17:00:42+00:00,13.89,1003.76,66.82
2025-12-22T17:00:57+00:00,13.88,1003.72,66.82
2025-12-22T17:01:12+00:00,13.89,1003.63,66.80
2025-12-22T17:01:27+00:00,13.88,1003.69,66.78
2025-12-22T17:01:42+00:00,13.89,1003.79,66.80
2025-12-22T17:01:57+00:00,13.87,1003.70,66.99
2025-12-22T17:02:12+00:00,13.87,1003.70,66.97
2025-12-22T17:02:27+00:00,13.85,1003.74,67.21
2025-12-22T17:02:42+00:00,13.84,1003.71,67.20
2025-12-22T17:02:57+00:00,13.82,1003.76,67.08
2025-12-22T17:03:12+00:00,13.81,1003.63,67.11
2025-12-22T17:03:27+00:00,13.80,1003.70,67.15
2025-12-22T17:03:42+00:00,13.78,1003.71,67.23
2025-12-22T17:03:57+00:00,13.76,1003.68,67.30
2025-12-22T17:04:12+00:00,13.76,1003.66,67.37
2025-12-22T17:04:27+00:00,13.75,1003.72,67.41
2025-12-22T17:04:42+00:00,13.74,1003.65,67.56
2025-12-22T17:04:57+00:00,13.72,1003.73,67.64
2025-12-22T17:05:12+00:00,13.70,1003.69,67.69
2025-12-22T17:05:27+00:00,13.68,1003.71,67.62
2025-12-22T17:05:42+00:00,13.67,1003.69,67.67
2025-12-22T17:05:57+00:00,13.65,1003.61,67.76
2025-12-22T17:06:12+00:00,13.64,1003.65,67.73
2025-12-22T17:06:27+00:00,13.63,1003.74,67.78
2025-12-22T17:06:42+00:00,13.64,1003.73,67.85
2025-12-22T17:06:57+00:00,13.62,1003.67,67.88
2025-12-22T17:07:12+00:00,13.62,1003.73,67.87
2025-12-22T17:07:27+00:00,13.63,1003.68,67.90
2025-12-22T17:07:42+00:00,13.61,1003.71,67.78
2025-12-22T17:07:57+00:00,13.62,1003.66,67.76
2025-12-22T17:08:12+00:00,13.62,1003.70,67.84
2025-12-22T17:08:27+00:00,13.63,1003.71,67.83
2025-12-22T17:08:42+00:00,13.63,1003.68,67.92
2025-12-22T17:08:57+00:00,13.63,1003.69,67.95
2025-12-22T17:09:12+00:00,13.63,1003.74,67.95
2025-12-22T17:09:27+00:00,13.62,1003.69,67.89
2025-12-22T17:09:42+00:00,13.61,1003.76,67.83
2025-12-22T17:09:57+00:00,13.61,1003.68,67.92
2025-12-22T17:10:12+00:00,13.60,1003.75,68.03
2025-12-22T17:10:27+00:00,13.60,1003.71,68.16
2025-12-22T17:10:42+00:00,13.58,1003.74,68.17
2025-12-22T17:10:57+00:00,13.57,1003.75,68.24
2025-12-22T17:11:12+00:00,13.58,1003.79,68.29
2025-12-22T17:11:27+00:00,13.55,1003.74,68.37
2025-12-22T17:11:42+00:00,13.53,1003.76,68.32
2025-12-22T17:11:57+00:00,13.51,1003.65,68.32
2025-12-22T17:12:12+00:00,13.50,1003.72,68.33
2025-12-22T17:12:27+00:00,13.48,1003.71,68.32
2025-12-22T17:12:42+00:00,13.47,1003.70,68.38
2025-12-22T17:12:57+00:00,13.47,1003.75,68.42
2025-12-22T17:13:12+00:00,13.45,1003.64,68.52
2025-12-22T17:13:27+00:00,13.44,1003.70,68.56
2025-12-22T17:13:42+00:00,13.43,1003.72,68.59
2025-12-22T17:13:57+00:00,13.42,1003.72,68.59
2025-12-22T17:14:12+00:00,13.42,1003.72,68.59
2025-12-22T17:14:27+00:00,13.43,1003.66,68.57
2025-12-22T17:14:42+00:00,13.43,1003.66,68.62
2025-12-22T17:14:57+00:00,13.42,1003.73,68.68
2025-12-22T17:15:12+00:00,13.40,1003.67,68.63
2025-12-22T17:15:27+00:00,13.42,1003.67,68.66
2025-12-22T17:15:42+00:00,13.41,1003.63,68.77
2025-12-22T17:15:57+00:00,13.41,1003.68,68.84
2025-12-22T17:16:12+00:00,13.40,1003.63,68.91
2025-12-22T17:16:27+00:00,13.39,1003.67,68.94
2025-12-22T17:16:42+00:00,13.39,1003.73,68.98
2025-12-22T17:16:57+00:00,13.36,1003.66,69.07
2025-12-22T17:17:12+00:00,13.36,1003.71,69.12
2025-12-22T17:17:27+00:00,13.35,1003.67,69.13
2025-12-22T17:17:42+00:00,13.33,1003.69,69.26
2025-12-22T17:17:57+00:00,13.33,1003.75,69.13
2025-12-22T17:18:12+00:00,13.34,1003.75,68.97
2025-12-22T17:18:27+00:00,13.35,1003.74,69.02
2025-12-22T17:18:42+00:00,13.35,1003.74,69.00
2025-12-22T17:18:57+00:00,13.36,1003.73,68.99
2025-12-22T17:19:12+00:00,13.38,1003.74,69.02
2025-12-22T17:19:27+00:00,13.37,1003.69,69.04
2025-12-22T17:19:42+00:00,13.37,1003.78,69.13
2025-12-22T17:19:57+00:00,13.39,1003.75,69.08
2025-12-22T17:20:12+00:00,13.39,1003.76,69.05
2025-12-22T17:20:27+00:00,13.39,1003.78,69.11
2025-12-22T17:20:42+00:00,13.40,1003.74,69.12
2025-12-22T17:20:57+00:00,13.40,1003.77,69.29
2025-12-22T17:21:12+00:00,13.39,1003.79,69.18
2025-12-22T17:21:27+00:00,13.40,1003.78,69.14
2025-12-22T17:21:42+00:00,13.41,1003.71,69.04
2025-12-22T17:21:57+00:00,13.43,1003.77,69.02
2025-12-22T17:22:12+00:00,13.42,1003.79,69.02
2025-12-22T17:22:27+00:00,13.44,1003.78,69.04
2025-12-22T17:22:42+00:00,13.44,1003.76,69.05
2025-12-22T17:22:57+00:00,13.45,1003.72,68.91
2025-12-22T17:23:12+00:00,13.46,1003.79,68.86
2025-12-22T17:23:27+00:00,13.46,1003.79,68.81
2025-12-22T17:23:42+00:00,13.47,1003.81,68.77
2025-12-22T17:23:57+00:00,13.48,1003.69,68.76
2025-12-22T17:24:12+00:00,13.48,1003.77,68.61
2025-12-22T17:24:27+00:00,13.50,1003.83,68.65
2025-12-22T17:24:42+00:00,13.51,1003.82,68.74
2025-12-22T17:24:57+00:00,13.52,1003.83,68.83
2025-12-22T17:25:12+00:00,13.51,1003.80,68.89
2025-12-22T17:25:27+00:00,13.52,1003.72,68.97
2025-12-22T17:25:42+00:00,13.51,1003.80,69.05
2025-12-22T17:25:57+00:00,13.52,1003.81,69.00
2025-12-22T17:26:12+00:00,13.51,1003.80,69.00
2025-12-22T17:26:27+00:00,13.51,1003.74,69.01
2025-12-22T17:26:42+00:00,13.51,1003.80,69.01
2025-12-22T17:26:57+00:00,13.51,1003.71,69.01
2025-12-22T17:27:12+00:00,13.51,1003.79,69.03
2025-12-22T17:27:27+00:00,13.50,1003.83,69.09
2025-12-22T17:27:42+00:00,13.50,1003.81,68.87
2025-12-22T17:27:57+00:00,13.51,1003.82,68.71
2025-12-22T17:28:12+00:00,13.51,1003.87,68.68
2025-12-22T17:28:27+00:00,13.51,1003.71,68.64
2025-12-22T17:28:42+00:00,13.54,1003.78,68.59
2025-12-22T17:28:57+00:00,13.54,1003.87,68.56
2025-12-22T17:29:12+00:00,13.55,1003.77,68.54
2025-12-22T17:29:27+00:00,13.56,1003.89,68.71
2025-12-22T17:29:42+00:00,13.56,1003.81,68.69
2025-12-22T17:29:57+00:00,13.57,1003.88,68.68
2025-12-22T17:30:12+00:00,13.58,1003.82,68.58
2025-12-22T17:30:27+00:00,13.57,1003.83,68.45
2025-12-22T17:30:42+00:00,13.58,1003.85,68.39
2025-12-22T17:30:57+00:00,13.59,1003.84,68.38
2025-12-22T17:31:12+00:00,13.61,1003.87,68.37
2025-12-22T17:31:27+00:00,13.62,1003.92,68.32
2025-12-22T17:31:42+00:00,13.62,1003.81,68.30
2025-12-22T17:31:57+00:00,13.64,1003.90,68.21
2025-12-22T17:32:12+00:00,13.65,1003.82,68.10
2025-12-22T17:32:27+00:00,13.65,1003.86,68.09
2025-12-22T17:32:42+00:00,13.67,1003.86,68.06
2025-12-22T17:32:57+00:00,13.68,1003.85,68.12
2025-12-22T17:33:12+00:00,13.68,1003.88,68.18
2025-12-22T17:33:27+00:00,13.69,1003.83,68.23
2025-12-22T17:33:42+00:00,13.69,1003.87,68.29
2025-12-22T17:33:57+00:00,13.70,1003.86,68.31
2025-12-22T17:34:12+00:00,13.69,1003.84,68.34
2025-12-22T17:34:27+00:00,13.70,1003.86,68.35
2025-12-22T17:34:42+00:00,13.69,1003.84,68.36
2025-12-22T17:34:57+00:00,13.69,1003.90,68.40
2025-12-22T17:35:12+00:00,13.69,1003.87,68.49
2025-12-22T17:35:27+00:00,13.68,1003.85,68.55
2025-12-22T17:35:42+00:00,13.68,1003.91,68.38
2025-12-22T17:35:57+00:00,13.66,1003.93,68.23
2025-12-22T17:36:12+00:00,13.67,1003.88,68.06
2025-12-22T17:36:27+00:00,13.66,1003.92,68.07
2025-12-22T17:36:42+00:00,13.67,1003.89,68.11
2025-12-22T17:36:57+00:00,13.68,1003.90,68.17
2025-12-22T17:37:12+00:00,13.67,1003.86,68.14
2025-12-22T17:37:27+00:00,13.67,1003.92,68.19
2025-12-22T17:37:42+00:00,13.69,1003.92,68.15
2025-12-22T17:37:57+00:00,13.68,1003.93,68.21
2025-12-22T17:38:12+00:00,13.69,1003.89,68.24
2025-12-22T17:38:27+00:00,13.67,1003.89,68.15
2025-12-22T17:38:42+00:00,13.68,1003.88,68.20
2025-12-22T17:38:57+00:00,13.68,1003.93,68.30
2025-12-22T17:39:12+00:00,13.68,1003.88,68.36
2025-12-22T17:39:27+00:00,13.69,1003.94,68.46
2025-12-22T17:39:42+00:00,13.68,1003.93,68.51
2025-12-22T17:39:57+00:00,13.67,1003.88,68.61
2025-12-22T17:40:12+00:00,13.67,1003.91,68.49
2025-12-22T17:40:27+00:00,13.66,1003.90,68.49
2025-12-22T17:40:42+00:00,13.66,1003.93,68.35
2025-12-22T17:40:57+00:00,13.66,1003.90,68.11
2025-12-22T17:41:12+00:00,13.66,1003.92,68.13
2025-12-22T17:41:27+00:00,13.66,1003.89,68.14
2025-12-22T17:41:42+00:00,13.65,1003.86,68.21
2025-12-22T17:41:57+00:00,13.65,1003.94,68.29
2025-12-22T17:42:12+00:00,13.65,1003.88,68.29
2025-12-22T17:42:27+00:00,13.65,1003.97,68.32
2025-12-22T17:42:42+00:00,13.65,1003.93,68.31
2025-12-22T17:42:57+00:00,13.64,1003.89,68.37
2025-12-22T17:43:12+00:00,13.64,1003.90,68.35
2025-12-22T17:43:27+00:00,13.63,1003.91,68.35
2025-12-22T17:43:42+00:00,13.63,1003.98,68.41
2025-12-22T17:43:57+00:00,13.63,1003.91,68.32
2025-12-22T17:44:12+00:00,13.62,1003.99,68.40
2025-12-22T17:44:27+00:00,13.63,1003.90,68.43
2025-12-22T17:44:42+00:00,13.63,1003.93,68.48
2025-12-22T17:44:57+00:00,13.62,1003.96,68.47
2025-12-22T17:45:12+00:00,13.62,1003.88,68.41
2025-12-22T17:45:27+00:00,13.62,1003.91,68.37
2025-12-22T17:45:42+00:00,13.61,1003.98,68.38
2025-12-22T17:45:57+00:00,13.61,1003.96,68.38
2025-12-22T17:46:12+00:00,13.62,1003.94,68.38
2025-12-22T17:46:27+00:00,13.61,1003.96,68.41
2025-12-22T17:46:42+00:00,13.61,1003.97,68.46
2025-12-22T17:46:57+00:00,13.61,1003.89,68.61
2025-12-22T17:47:12+00:00,13.61,1003.96,68.65
2025-12-22T17:47:27+00:00,13.62,1003.83,68.47
2025-12-22T17:47:42+00:00,13.61,1003.98,68.44
2025-12-22T17:47:57+00:00,13.62,1003.88,68.40
2025-12-22T17:48:12+00:00,13.61,1003.96,68.32
2025-12-22T17:48:27+00:00,13.62,1003.89,68.36
2025-12-22T17:48:42+00:00,13.62,1003.92,68.39
2025-12-22T17:48:57+00:00,13.63,1003.93,68.36
2025-12-22T17:49:12+00:00,13.62,1003.89,68.44
2025-12-22T17:49:27+00:00,13.63,1003.90,68.50
2025-12-22T17:49:42+00:00,13.63,1003.93,68.58
2025-12-22T17:49:57+00:00,13.61,1003.89,68.43
2025-12-22T17:50:12+00:00,13.63,1003.91,68.39
2025-12-22T17:50:27+00:00,13.62,1003.97,68.28
2025-12-22T17:50:42+00:00,13.62,1003.89,68.32
2025-12-22T17:50:57+00:00,13.62,1004.00,68.36
2025-12-22T17:51:12+00:00,13.62,1003.92,68.31
2025-12-22T17:51:27+00:00,13.63,1003.95,68.19
2025-12-22T17:51:42+00:00,13.63,1003.93,68.19
2025-12-22T17:51:57+00:00,13.63,1003.96,68.22
2025-12-22T17:52:12+00:00,13.63,1004.02,68.33
2025-12-22T17:52:27+00:00,13.63,1003.98,68.45
2025-12-22T17:52:42+00:00,13.62,1003.89,68.50
2025-12-22T17:52:57+00:00,13.62,1003.88,68.38
2025-12-22T17:53:12+00:00,13.61,1003.98,68.35
2025-12-22T17:53:27+00:00,13.62,1003.89,68.37
2025-12-22T17:53:42+00:00,13.63,1004.01,68.44
2025-12-22T17:53:57+00:00,13.62,1003.91,68.47
2025-12-22T17:54:12+00:00,13.61,1003.85,68.46
2025-12-22T17:54:27+00:00,13.61,1003.98,68.47
2025-12-22T17:54:42+00:00,13.61,1003.89,68.54
2025-12-22T17:54:57+00:00,13.59,1003.95,68.65
2025-12-22T17:55:12+00:00,13.59,1004.00,68.68
2025-12-22T17:55:27+00:00,13.58,1003.99,68.68
2025-12-22T17:55:42+00:00,13.58,1003.99,68.68
2025-12-22T17:55:57+00:00,13.58,1004.03,68.73
2025-12-22T17:56:12+00:00,13.57,1004.00,68.76
2025-12-22T17:56:27+00:00,13.57,1003.97,68.82
2025-12-22T17:56:42+00:00,13.55,1003.97,68.69
2025-12-22T17:56:57+00:00,13.55,1004.05,68.57
2025-12-22T17:57:12+00:00,13.55,1003.99,68.61
2025-12-22T17:57:27+00:00,13.54,1003.97,68.61
2025-12-22T17:57:42+00:00,13.54,1003.98,68.62
2025-12-22T17:57:57+00:00,13.55,1003.97,68.59
2025-12-22T17:58:12+00:00,13.54,1003.95,68.45
2025-12-22T17:58:27+00:00,13.54,1004.00,68.48
2025-12-22T17:58:42+00:00,13.55,1003.98,68.56
2025-12-22T17:58:57+00:00,13.54,1004.00,68.58
2025-12-22T17:59:12+00:00,13.54,1003.98,68.64
2025-12-22T17:59:27+00:00,13.54,1003.97,68.66
2025-12-22T17:59:42+00:00,13.53,1003.99,68.77
2025-12-22T17:59:57+00:00,13.52,1003.97,68.87
2025-12-22T18:00:12+00:00,13.52,1004.00,68.94
2025-12-22T18:00:27+00:00,13.50,1003.96,68.99
2025-12-22T18:00:42+00:00,13.48,1003.91,68.83
2025-12-22T18:00:57+00:00,13.47,1003.97,68.72
2025-12-22T18:01:12+00:00,13.48,1003.99,68.78
2025-12-22T18:01:27+00:00,13.48,1003.99,68.83
2025-12-22T18:01:42+00:00,13.47,1004.00,69.02
2025-12-22T18:01:57+00:00,13.47,1003.98,69.05
2025-12-22T18:02:12+00:00,13.46,1003.91,69.15
2025-12-22T18:02:27+00:00,13.45,1003.94,69.29
2025-12-22T18:02:42+00:00,13.44,1003.98,69.27
2025-12-22T18:02:57+00:00,13.45,1004.00,69.20
2025-12-22T18:03:12+00:00,13.44,1003.96,69.19
2025-12-22T18:03:27+00:00,13.44,1004.00,69.14
2025-12-22T18:03:42+00:00,13.44,1003.97,69.13
2025-12-22T18:03:57+00:00,13.43,1003.99,69.17
2025-12-22T18:04:12+00:00,13.43,1004.01,69.21
2025-12-22T18:04:27+00:00,13.42,1004.00,69.36
2025-12-22T18:04:42+00:00,13.42,1004.00,69.46
2025-12-22T18:04:57+00:00,13.40,1003.96,69.53
2025-12-22T18:05:12+00:00,13.38,1003.87,69.59
2025-12-22T18:05:27+00:00,13.37,1003.89,69.65
2025-12-22T18:05:42+00:00,13.37,1004.03,69.74
2025-12-22T18:05:57+00:00,13.36,1003.95,69.78
2025-12-22T18:06:12+00:00,13.35,1003.99,69.81
2025-12-22T18:06:27+00:00,13.35,1003.96,69.88
2025-12-22T18:06:42+00:00,13.33,1004.01,69.89
2025-12-22T18:06:57+00:00,13.32,1004.02,69.81
2025-12-22T18:07:12+00:00,13.30,1004.02,69.76
2025-12-22T18:07:27+00:00,13.31,1003.98,69.79
2025-12-22T18:07:42+00:00,13.31,1003.98,69.86
2025-12-22T18:07:57+00:00,13.30,1004.02,69.99
2025-12-22T18:08:12+00:00,13.29,1003.94,70.01
2025-12-22T18:08:27+00:00,13.28,1003.99,70.05
2025-12-22T18:08:42+00:00,13.27,1003.97,70.04
2025-12-22T18:08:57+00:00,13.26,1003.95,70.08
2025-12-22T18:09:12+00:00,13.25,1003.96,70.10
2025-12-22T18:09:27+00:00,13.25,1003.97,70.13
2025-12-22T18:09:42+00:00,13.24,1004.01,70.17
2025-12-22T18:09:57+00:00,13.25,1004.01,70.18
2025-12-22T18:10:12+00:00,13.23,1003.98,70.22
2025-12-22T18:10:27+00:00,13.21,1003.96,70.23
2025-12-22T18:10:42+00:00,13.22,1003.99,70.26
2025-12-22T18:10:57+00:00,13.21,1004.04,70.29
2025-12-22T18:11:12+00:00,13.20,1004.05,70.36
2025-12-22T18:11:27+00:00,13.18,1003.98,70.47
2025-12-22T18:11:42+00:00,13.18,1004.04,70.60
2025-12-22T18:11:57+00:00,13.16,1003.97,70.70
2025-12-22T18:12:12+00:00,13.16,1004.01,70.78
2025-12-22T18:12:27+00:00,13.15,1003.99,70.84
2025-12-22T18:12:42+00:00,13.15,1004.04,70.90
2025-12-22T18:12:57+00:00,13.14,1003.97,70.95
2025-12-22T18:13:12+00:00,13.13,1004.02,71.00
2025-12-22T18:13:27+00:00,13.12,1003.97,71.05
2025-12-22T18:13:42+00:00,13.12,1004.05,71.15
2025-12-22T18:13:57+00:00,13.11,1004.00,71.29
2025-12-22T18:14:12+00:00,13.11,1004.03,71.35
2025-12-22T18:14:27+00:00,13.09,1004.06,71.41
2025-12-22T18:14:42+00:00,13.08,1003.96,71.44
2025-12-22T18:14:57+00:00,13.07,1004.02,71.46
2025-12-22T18:15:12+00:00,13.06,1004.05,71.46
2025-12-22T18:15:27+00:00,13.05,1004.05,71.47
2025-12-22T18:15:42+00:00,13.06,1004.08,71.49
2025-12-22T18:15:57+00:00,13.04,1004.02,71.52
2025-12-22T18:16:12+00:00,13.03,1004.01,71.56
2025-12-22T18:16:27+00:00,13.03,1004.01,71.57
2025-12-22T18:16:42+00:00,13.02,1004.02,71.58
2025-12-22T18:16:57+00:00,13.01,1003.98,71.65
2025-12-22T18:17:12+00:00,13.01,1004.03,71.71
2025-12-22T18:17:27+00:00,13.01,1004.03,71.76
2025-12-22T18:17:42+00:00,13.00,1004.04,71.80
2025-12-22T18:17:57+00:00,12.99,1004.06,71.85
2025-12-22T18:18:12+00:00,12.99,1004.03,71.89
2025-12-22T18:18:27+00:00,12.99,1004.00,71.90
2025-12-22T18:18:42+00:00,12.98,1004.03,71.92
2025-12-22T18:18:57+00:00,12.97,1003.93,72.00
2025-12-22T18:19:12+00:00,12.96,1004.01,72.05
2025-12-22T18:19:27+00:00,12.95,1003.98,72.07
2025-12-22T18:19:42+00:00,12.95,1004.09,72.11
2025-12-22T18:19:57+00:00,12.93,1003.93,72.11
2025-12-22T18:20:12+00:00,12.94,1003.97,72.13
2025-12-22T18:20:27+00:00,12.93,1004.00,72.10
2025-12-22T18:20:42+00:00,12.92,1003.93,72.16
2025-12-22T18:20:57+00:00,12.92,1003.88,72.12
2025-12-22T18:21:12+00:00,12.92,1003.96,72.06
2025-12-22T18:21:27+00:00,12.90,1003.99,72.01
2025-12-22T18:21:42+00:00,12.91,1003.92,72.01
2025-12-22T18:21:57+00:00,12.91,1003.97,72.03
2025-12-22T18:22:12+00:00,12.91,1003.92,72.04
2025-12-22T18:22:27+00:00,12.90,1003.98,72.07
2025-12-22T18:22:42+00:00,12.90,1003.95,72.06
2025-12-22T18:22:57+00:00,12.90,1003.98,72.12
2025-12-22T18:23:12+00:00,12.91,1004.00,72.15
2025-12-22T18:23:27+00:00,12.89,1003.96,72.21
2025-12-22T18:23:42+00:00,12.89,1003.94,72.23
2025-12-22T18:23:57+00:00,12.89,1003.91,72.23
2025-12-22T18:24:12+00:00,12.87,1003.97,72.30
2025-12-22T18:24:27+00:00,12.87,1003.94,72.29
2025-12-22T18:24:42+00:00,12.88,1003.98,72.35
2025-12-22T18:24:57+00:00,12.86,1003.94,72.42
2025-12-22T18:25:12+00:00,12.84,1003.97,72.34
2025-12-22T18:25:27+00:00,12.86,1003.97,72.32
2025-12-22T18:25:42+00:00,12.84,1003.97,72.30
2025-12-22T18:25:57+00:00,12.83,1003.95,72.30
2025-12-22T18:26:12+00:00,12.83,1003.92,72.30
2025-12-22T18:26:27+00:00,12.83,1003.98,72.32
2025-12-22T18:26:42+00:00,12.83,1003.93,72.35
2025-12-22T18:26:57+00:00,12.83,1003.95,72.37
2025-12-22T18:27:12+00:00,12.82,1003.93,72.37
2025-12-22T18:27:27+00:00,12.83,1003.92,72.37
2025-12-22T18:27:42+00:00,12.81,1003.91,72.38
2025-12-22T18:27:57+00:00,12.80,1003.90,72.38
2025-12-22T18:28:12+00:00,12.79,1003.92,72.40
2025-12-22T18:28:27+00:00,12.80,1003.90,72.44
2025-12-22T18:28:42+00:00,12.78,1003.93,72.40
2025-12-22T18:28:57+00:00,12.77,1003.94,72.40
2025-12-22T18:29:12+00:00,12.76,1003.93,72.45
2025-12-22T18:29:27+00:00,12.77,1003.96,72.52
2025-12-22T18:29:42+00:00,12.76,1003.95,72.62
2025-12-22T18:29:57+00:00,12.75,1003.97,72.77
2025-12-22T18:30:12+00:00,12.74,1003.87,72.83
2025-12-22T18:30:27+00:00,12.73,1003.93,72.69
2025-12-22T18:30:42+00:00,12.73,1003.99,72.66
2025-12-22T18:30:57+00:00,12.73,1003.98,72.63
2025-12-22T18:31:12+00:00,12.73,1003.96,72.59
2025-12-22T18:31:27+00:00,12.73,1003.93,72.59
2025-12-22T18:31:42+00:00,12.74,1003.95,72.57
2025-12-22T18:31:57+00:00,12.74,1003.94,72.59
2025-12-22T18:32:12+00:00,12.73,1003.91,72.55
2025-12-22T18:32:27+00:00,12.74,1003.92,72.59
2025-12-22T18:32:42+00:00,12.74,1004.01,72.59
2025-12-22T18:32:57+00:00,12.75,1003.93,72.59
2025-12-22T18:33:12+00:00,12.74,1003.95,72.58
2025-12-22T18:33:27+00:00,12.74,1003.97,72.56
2025-12-22T18:33:42+00:00,12.75,1003.99,72.54
2025-12-22T18:33:57+00:00,12.75,1003.99,72.54
2025-12-22T18:34:12+00:00,12.75,1003.90,72.54
2025-12-22T18:34:27+00:00,12.76,1003.93,72.55
2025-12-22T18:34:42+00:00,12.75,1003.89,72.54
2025-12-22T18:34:57+00:00,12.76,1003.96,72.56
2025-12-22T18:35:12+00:00,12.76,1003.90,72.54
2025-12-22T18:35:27+00:00,12.77,1003.95,72.53
2025-12-22T18:35:42+00:00,12.77,1003.88,72.55
2025-12-22T18:35:57+00:00,12.77,1003.95,72.54
2025-12-22T18:36:12+00:00,12.76,1003.93,72.52
2025-12-22T18:36:27+00:00,12.76,1003.90,72.57
2025-12-22T18:36:42+00:00,12.77,1003.89,72.55
2025-12-22T18:36:57+00:00,12.78,1003.84,72.56
2025-12-22T18:37:12+00:00,12.78,1003.95,72.54
2025-12-22T18:37:27+00:00,12.78,1003.95,72.55
2025-12-22T18:37:42+00:00,12.80,1003.90,72.56
2025-12-22T18:37:57+00:00,12.81,1003.89,72.56
2025-12-22T18:38:12+00:00,12.81,1003.94,72.59
2025-12-22T18:38:27+00:00,12.82,1003.96,72.64
2025-12-22T18:38:42+00:00,12.82,1003.90,72.65
2025-12-22T18:38:57+00:00,12.81,1003.87,72.66
2025-12-22T18:39:12+00:00,12.82,1003.97,72.69
2025-12-22T18:39:27+00:00,12.82,1003.94,72.51
2025-12-22T18:39:42+00:00,12.83,1003.95,72.32
2025-12-22T18:39:57+00:00,12.83,1003.92,72.31
2025-12-22T18:40:12+00:00,12.83,1003.93,72.23
2025-12-22T18:40:27+00:00,12.84,1003.94,72.19
2025-12-22T18:40:42+00:00,12.86,1003.97,72.17
2025-12-22T18:40:57+00:00,12.85,1003.93,72.18
2025-12-22T18:41:12+00:00,12.87,1003.99,72.17
2025-12-22T18:41:27+00:00,12.87,1003.94,72.18
2025-12-22T18:41:42+00:00,12.89,1004.02,72.15
2025-12-22T18:41:57+00:00,12.88,1004.04,72.10
2025-12-22T18:42:12+00:00,12.89,1003.97,72.11
2025-12-22T18:42:27+00:00,12.90,1003.95,72.09
2025-12-22T18:42:42+00:00,12.90,1003.93,72.08
2025-12-22T18:42:57+00:00,12.91,1003.97,72.05
2025-12-22T18:43:12+00:00,12.91,1004.03,72.03
2025-12-22T18:43:27+00:00,12.92,1003.99,72.02
2025-12-22T18:43:42+00:00,12.94,1004.05,72.02
2025-12-22T18:43:57+00:00,12.93,1004.01,72.07
2025-12-22T18:44:12+00:00,12.94,1003.97,72.02
2025-12-22T18:44:27+00:00,12.94,1003.97,72.08
2025-12-22T18:44:42+00:00,12.94,1003.97,71.92
2025-12-22T18:44:57+00:00,12.95,1004.04,71.91
2025-12-22T18:45:12+00:00,12.97,1004.08,71.88
2025-12-22T18:45:27+00:00,12.97,1004.05,71.86
2025-12-22T18:45:42+00:00,12.98,1004.04,71.87
2025-12-22T18:45:57+00:00,12.98,1004.07,71.87
2025-12-22T18:46:12+00:00,12.98,1004.01,71.86
2025-12-22T18:46:27+00:00,13.00,1004.04,71.91
2025-12-22T18:46:42+00:00,12.99,1004.08,71.86
2025-12-22T18:46:57+00:00,13.00,1004.12,71.83
2025-12-22T18:47:12+00:00,13.01,1004.08,71.93
2025-12-22T18:47:27+00:00,13.01,1004.06,71.96
2025-12-22T18:47:42+00:00,13.01,1004.03,72.00
2025-12-22T18:47:57+00:00,13.00,1004.06,72.08
2025-12-22T18:48:12+00:00,13.00,1004.07,72.09
2025-12-22T18:48:27+00:00,13.00,1004.06,72.04
2025-12-22T18:48:42+00:00,12.99,1004.06,72.08
2025-12-22T18:48:57+00:00,12.98,1004.07,72.04
2025-12-22T18:49:12+00:00,12.98,1004.09,72.00
2025-12-22T18:49:27+00:00,12.97,1004.08,72.08
2025-12-22T18:49:42+00:00,12.98,1004.09,72.19
2025-12-22T18:49:57+00:00,12.96,1004.09,72.35
2025-12-22T18:50:12+00:00,12.97,1004.07,72.35
2025-12-22T18:50:27+00:00,12.97,1004.07,72.45
2025-12-22T18:50:42+00:00,12.95,1004.06,72.44
2025-12-22T18:50:57+00:00,12.94,1004.03,72.47
2025-12-22T18:51:12+00:00,12.94,1004.05,72.46
2025-12-22T18:51:27+00:00,12.92,1004.08,72.52
2025-12-22T18:51:42+00:00,12.92,1004.12,72.65
2025-12-22T18:51:57+00:00,12.90,1004.02,72.81
2025-12-22T18:52:12+00:00,12.90,1004.09,72.89
2025-12-22T18:52:27+00:00,12.90,1004.09,73.06
2025-12-22T18:52:42+00:00,12.87,1004.04,73.30
2025-12-22T18:52:57+00:00,12.85,1004.04,73.24
2025-12-22T18:53:12+00:00,12.86,1004.16,73.29
2025-12-22T18:53:27+00:00,12.84,1003.99,73.46
2025-12-22T18:53:42+00:00,12.83,1003.98,73.90
2025-12-22T18:53:57+00:00,12.82,1004.04,73.91
2025-12-22T18:54:12+00:00,12.81,1004.08,73.99
2025-12-22T18:54:27+00:00,12.80,1004.12,73.97
2025-12-22T18:54:42+00:00,12.78,1004.09,74.12
2025-12-22T18:54:57+00:00,12.77,1004.10,74.18
2025-12-22T18:55:12+00:00,12.76,1004.06,74.31
2025-12-22T18:55:27+00:00,12.75,1004.10,74.55
2025-12-22T18:55:42+00:00,12.73,1004.13,74.60
2025-12-22T18:55:57+00:00,12.73,1004.13,74.61
2025-12-22T18:56:12+00:00,12.72,1004.08,74.74
2025-12-22T18:56:27+00:00,12.71,1004.14,74.87
2025-12-22T18:56:42+00:00,12.71,1004.08,74.98
2025-12-22T18:56:57+00:00,12.71,1004.06,75.19
2025-12-22T18:57:12+00:00,12.71,1004.09,75.13
2025-12-22T18:57:27+00:00,12.70,1004.05,75.30
2025-12-22T18:57:42+00:00,12.69,1004.11,75.52
2025-12-22T18:57:57+00:00,12.68,1004.10,75.71
2025-12-22T18:58:12+00:00,12.69,1004.17,75.80
2025-12-22T18:58:27+00:00,12.68,1004.12,76.05
2025-12-22T18:58:42+00:00,12.68,1004.15,76.07
2025-12-22T18:58:57+00:00,12.69,1004.11,76.30
2025-12-22T18:59:12+00:00,12.70,1004.12,76.65
2025-12-22T18:59:27+00:00,12.69,1004.11,76.71
2025-12-22T18:59:42+00:00,12.68,1004.10,76.77
2025-12-22T18:59:57+00:00,12.68,1004.07,76.85
2025-12-22T19:00:12+00:00,12.69,1004.11,77.12
2025-12-22T19:00:27+00:00,12.68,1004.12,77.25
2025-12-22T19:00:42+00:00,12.67,1004.13,77.35
2025-12-22T19:00:57+00:00,12.68,1004.03,77.63
2025-12-22T19:01:12+00:00,12.66,1004.03,77.74
2025-12-22T19:01:27+00:00,12.67,1004.03,77.84
2025-12-22T19:01:42+00:00,12.66,1004.06,78.01
2025-12-22T19:01:57+00:00,12.66,1004.12,78.18
2025-12-22T19:02:12+00:00,12.65,1004.10,78.11
2025-12-22T19:02:27+00:00,12.65,1004.07,78.19
2025-12-22T19:02:42+00:00,12.65,1004.16,78.26
2025-12-22T19:02:57+00:00,12.67,1004.02,78.32
2025-12-22T19:03:12+00:00,12.68,1004.07,78.32
2025-12-22T19:03:27+00:00,12.70,1003.99,78.16
2025-12-22T19:03:42+00:00,12.73,1004.07,78.07
2025-12-22T19:03:57+00:00,12.75,1004.04,78.13
2025-12-22T19:04:12+00:00,12.77,1004.08,78.15
2025-12-22T19:04:27+00:00,12.79,1004.11,78.10
2025-12-22T19:04:42+00:00,12.80,1004.06,78.01
2025-12-22T19:04:57+00:00,12.80,1004.06,78.01
2025-12-22T19:05:12+00:00,12.81,1004.03,78.03
2025-12-22T19:05:27+00:00,12.80,1004.04,78.11
2025-12-22T19:05:42+00:00,12.81,1004.08,78.05
2025-12-22T19:05:57+00:00,12.81,1004.08,78.05
2025-12-22T19:06:12+00:00,12.81,1004.08,78.10
2025-12-22T19:06:27+00:00,12.82,1004.07,78.09
2025-12-22T19:06:42+00:00,12.82,1004.07,78.11
2025-12-22T19:06:57+00:00,12.81,1004.06,78.14
2025-12-22T19:07:12+00:00,12.82,1004.04,78.19
2025-12-22T19:07:27+00:00,12.81,1004.03,78.27
2025-12-22T19:07:42+00:00,12.81,1004.08,78.26
2025-12-22T19:07:57+00:00,12.82,1004.09,78.31
2025-12-22T19:08:12+00:00,12.82,1004.07,78.38
2025-12-22T19:08:27+00:00,12.83,1004.17,78.40
2025-12-22T19:08:42+00:00,12.85,1004.09,78.42
2025-12-22T19:08:57+00:00,12.85,1004.12,78.44
2025-12-22T19:09:12+00:00,12.86,1004.13,78.42
2025-12-22T19:09:27+00:00,12.87,1004.09,78.40
2025-12-22T19:09:42+00:00,12.89,1004.16,78.39
2025-12-22T19:09:57+00:00,12.91,1004.16,78.35
2025-12-22T19:10:12+00:00,12.92,1004.21,78.35
2025-12-22T19:10:27+00:00,12.94,1004.10,78.36
2025-12-22T19:10:42+00:00,12.94,1004.14,78.27
2025-12-22T19:10:57+00:00,12.96,1004.12,78.28
2025-12-22T19:11:12+00:00,13.00,1004.17,78.17
2025-12-22T19:11:27+00:00,13.01,1004.14,78.03
2025-12-22T19:11:42+00:00,13.03,1004.22,78.02
2025-12-22T19:11:57+00:00,13.04,1004.11,77.99
2025-12-22T19:12:12+00:00,13.07,1004.15,77.94
2025-12-22T19:12:27+00:00,13.06,1004.15,77.95
2025-12-22T19:12:42+00:00,13.08,1004.15,77.92
2025-12-22T19:12:57+00:00,13.10,1004.20,77.83
2025-12-22T19:13:12+00:00,13.11,1004.15,77.76
2025-12-22T19:13:27+00:00,13.12,1004.18,77.72
2025-12-22T19:13:42+00:00,13.14,1004.13,77.70
2025-12-22T19:13:57+00:00,13.14,1004.14,77.68
2025-12-22T19:14:12+00:00,13.14,1004.17,77.70
2025-12-22T19:14:27+00:00,13.14,1004.13,77.72
2025-12-22T19:14:42+00:00,13.15,1004.12,77.75
2025-12-22T19:14:57+00:00,13.15,1004.16,77.76
2025-12-22T19:15:12+00:00,13.15,1004.20,77.75
2025-12-22T19:15:27+00:00,13.16,1004.19,77.77
2025-12-22T19:15:42+00:00,13.17,1004.18,77.75
2025-12-22T19:15:57+00:00,13.17,1004.18,77.75
2025-12-22T19:16:12+00:00,13.18,1004.20,77.72
2025-12-22T19:16:27+00:00,13.19,1004.22,77.72
2025-12-22T19:16:42+00:00,13.20,1004.20,77.68
2025-12-22T19:16:57+00:00,13.19,1004.20,77.68
2025-12-22T19:17:12+00:00,13.21,1004.20,77.70
2025-12-22T19:17:27+00:00,13.20,1004.21,77.79
2025-12-22T19:17:42+00:00,13.20,1004.24,77.76
2025-12-22T19:17:57+00:00,13.21,1004.17,77.78
2025-12-22T19:18:12+00:00,13.20,1004.16,77.80
2025-12-22T19:18:27+00:00,13.20,1004.13,77.76
2025-12-22T19:18:42+00:00,13.21,1004.17,77.74
2025-12-22T19:18:57+00:00,13.22,1004.21,77.79
2025-12-22T19:19:12+00:00,13.22,1004.16,77.80
2025-12-22T19:19:27+00:00,13.22,1004.27,77.79
2025-12-22T19:19:42+00:00,13.21,1004.20,77.78
2025-12-22T19:19:57+00:00,13.22,1004.21,77.75
2025-12-22T19:20:12+00:00,13.22,1004.22,77.78
2025-12-22T19:20:27+00:00,13.23,1004.25,77.81
2025-12-22T19:20:42+00:00,13.24,1004.25,77.83
2025-12-22T19:20:57+00:00,13.23,1004.24,77.78
2025-12-22T19:21:12+00:00,13.24,1004.19,77.78
2025-12-22T19:21:27+00:00,13.24,1004.19,77.73
2025-12-22T19:21:42+00:00,13.25,1004.23,77.69
2025-12-22T19:21:57+00:00,13.26,1004.22,77.70
2025-12-22T19:22:12+00:00,13.26,1004.20,77.68
2025-12-22T19:22:27+00:00,13.26,1004.20,77.66
2025-12-22T19:22:42+00:00,13.27,1004.10,77.67
2025-12-22T19:22:57+00:00,13.27,1004.24,77.70
2025-12-22T19:23:12+00:00,13.27,1004.19,77.65
2025-12-22T19:23:27+00:00,13.27,1004.24,77.67
2025-12-22T19:23:42+00:00,13.28,1004.23,77.69
2025-12-22T19:23:57+00:00,13.28,1004.15,77.66
2025-12-22T19:24:12+00:00,13.27,1004.18,77.65
2025-12-22T19:24:27+00:00,13.27,1004.18,77.64
2025-12-22T19:24:42+00:00,13.28,1004.23,77.60
2025-12-22T19:24:57+00:00,13.29,1004.30,77.54
2025-12-22T19:25:12+00:00,13.28,1004.21,77.51
2025-12-22T19:25:27+00:00,13.30,1004.23,77.47
2025-12-22T19:25:42+00:00,13.29,1004.23,77.47
2025-12-22T19:25:57+00:00,13.30,1004.16,77.48
2025-12-22T19:26:12+00:00,13.30,1004.19,77.43
2025-12-22T19:26:27+00:00,13.32,1004.21,77.45
2025-12-22T19:26:42+00:00,13.31,1004.26,77.39
2025-12-22T19:26:57+00:00,13.32,1004.25,77.36
2025-12-22T19:27:12+00:00,13.32,1004.24,77.36
2025-12-22T19:27:27+00:00,13.33,1004.21,77.35
2025-12-22T19:27:42+00:00,13.32,1004.27,77.32
2025-12-22T19:27:57+00:00,13.33,1004.26,77.32
2025-12-22T19:28:12+00:00,13.33,1004.23,77.23
2025-12-22T19:28:27+00:00,13.33,1004.21,77.20
2025-12-22T19:28:42+00:00,13.34,1004.22,77.07
2025-12-22T19:28:57+00:00,13.35,1004.23,77.09
2025-12-22T19:29:12+00:00,13.35,1004.18,77.07
2025-12-22T19:29:27+00:00,13.36,1004.25,77.09
2025-12-22T19:29:42+00:00,13.36,1004.21,77.06
2025-12-22T19:29:57+00:00,13.35,1004.21,77.03
2025-12-22T19:30:12+00:00,13.35,1004.22,77.04
2025-12-22T19:30:27+00:00,13.35,1004.30,77.06
2025-12-22T19:30:42+00:00,13.34,1004.20,77.16
2025-12-22T19:30:57+00:00,13.34,1004.31,77.17
2025-12-22T19:31:12+00:00,13.34,1004.23,77.15
2025-12-22T19:31:27+00:00,13.35,1004.21,77.15
2025-12-22T19:31:42+00:00,13.34,1004.20,77.12
2025-12-22T19:31:57+00:00,13.34,1004.25,77.12
2025-12-22T19:32:12+00:00,13.34,1004.14,77.14
2025-12-22T19:32:27+00:00,13.35,1004.18,77.13
2025-12-22T19:32:42+00:00,13.34,1004.14,77.11
2025-12-22T19:32:57+00:00,13.35,1004.27,77.09
2025-12-22T19:33:12+00:00,13.35,1004.23,77.12
2025-12-22T19:33:27+00:00,13.35,1004.19,77.09
2025-12-22T19:33:42+00:00,13.36,1004.22,77.06
2025-12-22T19:33:57+00:00,13.36,1004.17,77.05
2025-12-22T19:34:12+00:00,13.35,1004.19,77.05
2025-12-22T19:34:27+00:00,13.36,1004.17,77.06
2025-12-22T19:34:42+00:00,13.36,1004.15,77.05
2025-12-22T19:34:57+00:00,13.36,1004.18,77.01
2025-12-22T19:35:12+00:00,13.36,1004.11,77.00
2025-12-22T19:35:27+00:00,13.37,1004.19,77.00
2025-12-22T19:35:42+00:00,13.37,1004.19,77.02
2025-12-22T19:35:57+00:00,13.37,1004.19,77.03
2025-12-22T19:36:12+00:00,13.37,1004.19,77.01
2025-12-22T19:36:27+00:00,13.37,1004.13,77.03
2025-12-22T19:36:42+00:00,13.37,1004.19,77.01
2025-12-22T19:36:57+00:00,13.38,1004.20,77.03
2025-12-22T19:37:12+00:00,13.37,1004.16,77.09
2025-12-22T19:37:27+00:00,13.36,1004.10,77.13
2025-12-22T19:37:42+00:00,13.36,1004.12,77.11
2025-12-22T19:37:57+00:00,13.36,1004.17,77.18
2025-12-22T19:38:12+00:00,13.36,1004.22,77.19
2025-12-22T19:38:27+00:00,13.34,1004.12,77.16
2025-12-22T19:38:42+00:00,13.35,1004.15,77.04
2025-12-22T19:38:57+00:00,13.35,1004.10,77.04
2025-12-22T19:39:12+00:00,13.36,1004.12,77.11
2025-12-22T19:39:27+00:00,13.36,1004.14,77.17
2025-12-22T19:39:42+00:00,13.35,1004.04,77.17
2025-12-22T19:39:57+00:00,13.35,1004.11,77.15
2025-12-22T19:40:12+00:00,13.35,1004.11,77.11
2025-12-22T19:40:27+00:00,13.35,1004.11,77.14
2025-12-22T19:40:42+00:00,13.35,1004.15,77.10
2025-12-22T19:40:57+00:00,13.34,1004.17,77.09
2025-12-22T19:41:12+00:00,13.35,1004.13,77.12
2025-12-22T19:41:27+00:00,13.34,1004.08,77.15
2025-12-22T19:41:42+00:00,13.34,1004.14,77.19
2025-12-22T19:41:57+00:00,13.33,1004.09,77.25
2025-12-22T19:42:12+00:00,13.33,1004.15,77.26
2025-12-22T19:42:27+00:00,13.31,1004.12,77.29
2025-12-22T19:42:42+00:00,13.33,1004.12,77.21
2025-12-22T19:42:57+00:00,13.32,1004.13,77.21
2025-12-22T19:43:12+00:00,13.33,1004.26,77.22
2025-12-22T19:43:27+00:00,13.34,1004.19,77.25
2025-12-22T19:43:42+00:00,13.34,1004.16,77.23
2025-12-22T19:43:57+00:00,13.35,1004.23,77.17
2025-12-22T19:44:12+00:00,13.34,1004.16,77.16
2025-12-22T19:44:27+00:00,13.34,1004.20,77.17
2025-12-22T19:44:42+00:00,13.35,1004.22,77.14
2025-12-22T19:44:57+00:00,13.36,1004.17,77.15
2025-12-22T19:45:12+00:00,13.35,1004.13,77.19
2025-12-22T19:45:27+00:00,13.35,1004.16,77.18
2025-12-22T19:45:42+00:00,13.36,1004.17,77.15
2025-12-22T19:45:57+00:00,13.37,1004.19,77.12
2025-12-22T19:46:12+00:00,13.37,1004.14,77.08
2025-12-22T19:46:27+00:00,13.38,1004.18,77.02
2025-12-22T19:46:42+00:00,13.39,1004.25,76.97
2025-12-22T19:46:57+00:00,13.40,1004.24,76.98
2025-12-22T19:47:12+00:00,13.41,1004.28,76.99
2025-12-22T19:47:27+00:00,13.40,1004.22,76.97
2025-12-22T19:47:42+00:00,13.41,1004.23,76.92
2025-12-22T19:47:57+00:00,13.41,1004.18,76.96
2025-12-22T19:48:12+00:00,13.42,1004.16,76.94
2025-12-22T19:48:27+00:00,13.43,1004.23,76.86
2025-12-22T19:48:42+00:00,13.43,1004.23,76.84
2025-12-22T19:48:57+00:00,13.43,1004.18,76.75
2025-12-22T19:49:12+00:00,13.44,1004.25,76.71
2025-12-22T19:49:27+00:00,13.45,1004.21,76.65
2025-12-22T19:49:42+00:00,13.45,1004.24,76.67
2025-12-22T19:49:57+00:00,13.45,1004.25,76.71
2025-12-22T19:50:12+00:00,13.46,1004.23,76.65
2025-12-22T19:50:27+00:00,13.46,1004.25,76.48
2025-12-22T19:50:42+00:00,13.47,1004.28,76.47
2025-12-22T19:50:57+00:00,13.47,1004.20,76.53
2025-12-22T19:51:12+00:00,13.47,1004.20,76.52
2025-12-22T19:51:27+00:00,13.48,1004.19,76.49
2025-12-22T19:51:42+00:00,13.48,1004.27,76.37
2025-12-22T19:51:57+00:00,13.50,1004.24,76.31
2025-12-22T19:52:12+00:00,13.50,1004.24,76.31
2025-12-22T19:52:27+00:00,13.50,1004.22,76.30
2025-12-22T19:52:42+00:00,13.50,1004.22,76.31
2025-12-22T19:52:57+00:00,13.52,1004.24,76.28
2025-12-22T19:53:12+00:00,13.52,1004.33,76.26
2025-12-22T19:53:27+00:00,13.51,1004.20,76.27
2025-12-22T19:53:42+00:00,13.51,1004.21,76.29
2025-12-22T19:53:57+00:00,13.51,1004.32,76.27
2025-12-22T19:54:12+00:00,13.51,1004.21,76.26
2025-12-22T19:54:27+00:00,13.51,1004.21,76.25
2025-12-22T19:54:42+00:00,13.53,1004.22,76.27
2025-12-22T19:54:57+00:00,13.51,1004.21,76.27
2025-12-22T19:55:12+00:00,13.52,1004.27,76.24
2025-12-22T19:55:27+00:00,13.51,1004.21,76.20
2025-12-22T19:55:42+00:00,13.51,1004.26,76.15
2025-12-22T19:55:57+00:00,13.51,1004.31,76.17
2025-12-22T19:56:12+00:00,13.51,1004.34,76.19
2025-12-22T19:56:27+00:00,13.51,1004.31,76.23
2025-12-22T19:56:42+00:00,13.49,1004.26,76.14
2025-12-22T19:56:57+00:00,13.50,1004.22,76.13
2025-12-22T19:57:12+00:00,13.50,1004.24,76.14
2025-12-22T19:57:27+00:00,13.50,1004.27,76.20
2025-12-22T19:57:42+00:00,13.50,1004.25,76.24
2025-12-22T19:57:57+00:00,13.50,1004.24,76.21
2025-12-22T19:58:12+00:00,13.50,1004.26,76.27
2025-12-22T19:58:27+00:00,13.49,1004.22,76.23
2025-12-22T19:58:42+00:00,13.48,1004.18,76.21
2025-12-22T19:58:57+00:00,13.48,1004.21,76.14
2025-12-22T19:59:12+00:00,13.48,1004.24,76.12
2025-12-22T19:59:27+00:00,13.50,1004.29,76.21
2025-12-22T19:59:42+00:00,13.50,1004.32,76.36
2025-12-22T19:59:57+00:00,13.49,1004.20,76.39
2025-12-22T20:00:12+00:00,13.48,1004.24,76.27
2025-12-22T20:00:27+00:00,13.50,1004.26,76.28
2025-12-22T20:00:42+00:00,13.50,1004.22,76.25
2025-12-22T20:00:57+00:00,13.51,1004.25,76.28
2025-12-22T20:01:12+00:00,13.51,1004.31,76.29
2025-12-22T20:01:27+00:00,13.51,1004.23,76.27
2025-12-22T20:01:42+00:00,13.51,1004.13,76.29
2025-12-22T20:01:57+00:00,13.51,1004.26,76.27
2025-12-22T20:02:12+00:00,13.53,1004.28,76.30
2025-12-22T20:02:27+00:00,13.52,1004.27,76.35
2025-12-22T20:02:42+00:00,13.53,1004.29,76.35
2025-12-22T20:02:57+00:00,13.51,1004.26,76.39
2025-12-22T20:03:12+00:00,13.53,1004.28,76.44
2025-12-22T20:03:27+00:00,13.52,1004.33,76.44
2025-12-22T20:03:42+00:00,13.52,1004.27,76.44
2025-12-22T20:03:57+00:00,13.51,1004.29,76.44
2025-12-22T20:04:12+00:00,13.50,1004.25,76.50
2025-12-22T20:04:27+00:00,13.51,1004.25,76.47
2025-12-22T20:04:42+00:00,13.50,1004.30,76.50
2025-12-22T20:04:57+00:00,13.51,1004.31,76.54
2025-12-22T20:05:12+00:00,13.51,1004.31,76.55
2025-12-22T20:05:27+00:00,13.50,1004.36,76.55
2025-12-22T20:05:42+00:00,13.50,1004.26,76.56
2025-12-22T20:05:57+00:00,13.50,1004.29,76.60
2025-12-22T20:06:12+00:00,13.49,1004.28,76.66
2025-12-22T20:06:27+00:00,13.50,1004.35,76.72
2025-12-22T20:06:42+00:00,13.47,1004.33,76.86
2025-12-22T20:06:57+00:00,13.46,1004.32,76.92
2025-12-22T20:07:12+00:00,13.47,1004.32,76.91
2025-12-22T20:07:27+00:00,13.46,1004.28,76.96
2025-12-22T20:07:42+00:00,13.45,1004.26,77.07
2025-12-22T20:07:57+00:00,13.43,1004.24,77.19
2025-12-22T20:08:12+00:00,13.44,1004.25,77.16
2025-12-22T20:08:27+00:00,13.42,1004.30,77.19
2025-12-22T20:08:42+00:00,13.40,1004.27,77.37
2025-12-22T20:08:57+00:00,13.40,1004.32,77.44
2025-12-22T20:09:12+00:00,13.37,1004.28,77.54
2025-12-22T20:09:27+00:00,13.36,1004.29,77.60
2025-12-22T20:09:42+00:00,13.37,1004.30,77.64
2025-12-22T20:09:57+00:00,13.35,1004.27,77.67
2025-12-22T20:10:12+00:00,13.34,1004.38,77.76
2025-12-22T20:10:27+00:00,13.34,1004.33,77.78
2025-12-22T20:10:42+00:00,13.33,1004.39,77.83
2025-12-22T20:10:57+00:00,13.33,1004.26,77.85
2025-12-22T20:11:12+00:00,13.32,1004.32,77.94
2025-12-22T20:11:27+00:00,13.31,1004.36,78.14
2025-12-22T20:11:42+00:00,13.29,1004.34,78.19
2025-12-22T20:11:57+00:00,13.30,1004.40,78.23
2025-12-22T20:12:12+00:00,13.28,1004.39,78.37
2025-12-22T20:12:27+00:00,13.28,1004.39,78.35
2025-12-22T20:12:42+00:00,13.27,1004.36,78.49
2025-12-22T20:12:57+00:00,13.25,1004.34,78.60
2025-12-22T20:13:12+00:00,13.24,1004.44,78.69
2025-12-22T20:13:27+00:00,13.23,1004.43,78.81
2025-12-22T20:13:42+00:00,13.23,1004.45,78.83
2025-12-22T20:13:57+00:00,13.22,1004.48,78.96
2025-12-22T20:14:12+00:00,13.22,1004.48,78.99
2025-12-22T20:14:27+00:00,13.20,1004.46,79.26
2025-12-22T20:14:42+00:00,13.18,1004.47,79.43
2025-12-22T20:14:57+00:00,13.15,1004.35,79.73
2025-12-22T20:15:12+00:00,13.14,1004.43,79.72
2025-12-22T20:15:27+00:00,13.11,1004.38,79.96
2025-12-22T20:15:42+00:00,13.09,1004.39,80.06
2025-12-22T20:15:57+00:00,13.07,1004.45,80.34
2025-12-22T20:16:12+00:00,13.05,1004.48,80.33
2025-12-22T20:16:27+00:00,13.03,1004.48,80.56
2025-12-22T20:16:42+00:00,13.01,1004.52,80.58
2025-12-22T20:16:57+00:00,12.98,1004.56,80.83
2025-12-22T20:17:12+00:00,12.95,1004.48,81.15
2025-12-22T20:17:27+00:00,12.93,1004.52,81.24
2025-12-22T20:17:42+00:00,12.89,1004.49,81.61
2025-12-22T20:17:57+00:00,12.87,1004.50,81.85
2025-12-22T20:18:12+00:00,12.84,1004.49,82.00
2025-12-22T20:18:27+00:00,12.81,1004.47,82.10
2025-12-22T20:18:42+00:00,12.79,1004.49,82.31
2025-12-22T20:18:57+00:00,12.77,1004.51,82.58
2025-12-22T20:19:12+00:00,12.74,1004.52,82.87
2025-12-22T20:19:27+00:00,12.71,1004.47,82.98
2025-12-22T20:19:42+00:00,12.69,1004.49,83.20
2025-12-22T20:19:57+00:00,12.67,1004.48,83.29
2025-12-22T20:20:12+00:00,12.64,1004.47,83.61
2025-12-22T20:20:27+00:00,12.62,1004.49,83.46
2025-12-22T20:20:42+00:00,12.59,1004.44,83.77
2025-12-22T20:20:57+00:00,12.58,1004.48,83.93
2025-12-22T20:21:12+00:00,12.56,1004.50,83.97
2025-12-22T20:21:27+00:00,12.53,1004.45,84.30
2025-12-22T20:21:42+00:00,12.52,1004.46,84.26
2025-12-22T20:21:57+00:00,12.49,1004.48,84.62
2025-12-22T20:22:12+00:00,12.47,1004.51,84.45
2025-12-22T20:22:27+00:00,12.47,1004.50,84.53
