timestamp_utc,temperature_c,pressure_hpa,humidity_percent
2025-12-24T11:33:42+00:00,13.86,999.41,79.14
2025-12-24T11:33:57+00:00,13.77,999.35,79.00
2025-12-24T11:34:12+00:00,13.65,999.39,78.80
2025-12-24T11:34:27+00:00,13.48,999.38,78.61
2025-12-24T11:34:42+00:00,13.32,999.43,78.64
2025-12-24T11:34:57+00:00,13.16,999.45,78.82
2025-12-24T11:35:12+00:00,12.99,999.47,79.20
2025-12-24T11:35:27+00:00,12.80,999.45,79.66
2025-12-24T11:35:42+00:00,12.64,999.44,80.06
2025-12-24T11:35:57+00:00,12.45,999.46,80.65
2025-12-24T11:36:12+00:00,12.30,999.45,80.96
2025-12-24T11:36:27+00:00,12.14,999.49,81.20
2025-12-24T11:36:42+00:00,12.01,999.52,81.46
2025-12-24T11:36:57+00:00,11.87,999.43,81.88
2025-12-24T11:37:12+00:00,11.76,999.45,82.13
2025-12-24T11:37:27+00:00,11.64,999.38,82.61
2025-12-24T11:37:42+00:00,11.56,999.50,82.90
2025-12-24T11:37:57+00:00,11.47,999.42,83.22
2025-12-24T11:38:12+00:00,11.39,999.45,83.55
2025-12-24T11:38:27+00:00,11.33,999.46,84.00
2025-12-24T11:38:42+00:00,11.28,999.51,84.42
2025-12-24T11:38:57+00:00,11.24,999.49,84.61
2025-12-24T11:39:12+00:00,11.21,999.55,84.89
2025-12-24T11:39:27+00:00,11.16,999.49,85.26
2025-12-24T11:39:42+00:00,11.11,999.44,85.48
2025-12-24T11:39:57+00:00,11.07,999.53,85.62
2025-12-24T11:40:12+00:00,11.02,999.42,85.92
2025-12-24T11:40:27+00:00,10.96,999.44,86.32
2025-12-24T11:40:42+00:00,10.95,999.44,86.32
2025-12-24T11:40:57+00:00,10.89,999.48,86.71
2025-12-24T11:41:12+00:00,10.87,999.51,86.74
2025-12-24T11:41:27+00:00,10.87,999.39,86.87
2025-12-24T11:41:42+00:00,10.87,999.37,86.96
2025-12-24T11:41:57+00:00,10.88,999.44,87.13
2025-12-24T11:42:12+00:00,10.90,999.41,87.25
2025-12-24T11:42:27+00:00,10.93,999.42,87.38
2025-12-24T11:42:42+00:00,10.96,999.38,87.34
2025-12-24T11:42:57+00:00,10.99,999.38,87.43
2025-12-24T11:43:12+00:00,11.01,999.33,87.46
2025-12-24T11:43:27+00:00,11.03,999.39,87.50
2025-12-24T11:43:42+00:00,11.04,999.33,87.62
2025-12-24T11:43:57+00:00,11.04,999.44,87.67
2025-12-24T11:44:12+00:00,11.06,999.43,87.82
2025-12-24T11:44:27+00:00,11.07,999.42,87.86
2025-12-24T11:44:42+00:00,11.07,999.37,87.93
2025-12-24T11:44:57+00:00,11.06,999.38,87.99
2025-12-24T11:45:12+00:00,11.06,999.44,88.02
2025-12-24T11:45:27+00:00,11.06,999.44,88.10
2025-12-24T11:45:42+00:00,11.04,999.33,88.20
2025-12-24T11:45:57+00:00,11.02,999.35,88.26
2025-12-24T11:46:12+00:00,11.02,999.40,88.40
2025-12-24T11:46:27+00:00,10.99,999.35,88.49
2025-12-24T11:46:42+00:00,10.99,999.40,88.48
2025-12-24T11:46:57+00:00,10.98,999.36,88.57
2025-12-24T11:47:12+00:00,10.98,999.30,88.60
2025-12-24T11:47:27+00:00,10.98,999.33,88.66
2025-12-24T11:47:42+00:00,10.98,999.39,88.73
2025-12-24T11:47:57+00:00,10.97,999.32,88.85
2025-12-24T11:48:12+00:00,10.98,999.26,88.84
2025-12-24T11:48:27+00:00,10.98,999.36,88.90
2025-12-24T11:48:42+00:00,10.99,999.38,88.94
2025-12-24T11:48:57+00:00,10.99,999.35,88.93
2025-12-24T11:49:12+00:00,11.00,999.32,88.98
2025-12-24T11:49:27+00:00,11.01,999.31,88.97
2025-12-24T11:49:42+00:00,11.01,999.28,88.95
2025-12-24T11:49:57+00:00,11.03,999.28,88.83
2025-12-24T11:50:12+00:00,11.05,999.34,88.92
2025-12-24T11:50:27+00:00,11.06,999.28,88.85
2025-12-24T11:50:42+00:00,11.09,999.27,88.89
2025-12-24T11:50:57+00:00,11.14,999.28,88.87
2025-12-24T11:51:12+00:00,11.18,999.26,88.83
2025-12-24T11:51:27+00:00,11.23,999.26,88.77
2025-12-24T11:51:42+00:00,11.30,999.36,88.56
2025-12-24T11:51:57+00:00,11.35,999.20,88.50
2025-12-24T11:52:12+00:00,11.40,999.32,88.51
2025-12-24T11:52:27+00:00,11.46,999.20,88.44
2025-12-24T11:52:42+00:00,11.52,999.16,88.50
2025-12-24T11:52:57+00:00,11.60,999.26,88.55
2025-12-24T11:53:12+00:00,11.67,999.18,88.48
2025-12-24T11:53:27+00:00,11.73,999.29,88.50
2025-12-24T11:53:42+00:00,11.79,999.31,88.45
2025-12-24T11:53:57+00:00,11.84,999.22,88.39
2025-12-24T11:54:12+00:00,11.90,999.30,88.27
2025-12-24T11:54:27+00:00,11.94,999.30,88.18
2025-12-24T11:54:42+00:00,11.97,999.21,88.04
2025-12-24T11:54:57+00:00,12.00,999.15,87.93
2025-12-24T11:55:12+00:00,12.01,999.22,87.86
2025-12-24T11:55:27+00:00,12.04,999.18,87.86
2025-12-24T11:55:42+00:00,12.02,999.16,87.55
2025-12-24T11:55:57+00:00,12.02,999.16,87.53
2025-12-24T11:56:12+00:00,11.99,999.16,87.44
2025-12-24T11:56:27+00:00,11.96,999.22,87.37
2025-12-24T11:56:42+00:00,11.91,999.20,87.38
2025-12-24T11:56:57+00:00,11.88,999.15,87.52
2025-12-24T11:57:12+00:00,11.86,999.14,87.64
2025-12-24T11:57:27+00:00,11.84,999.19,87.79
2025-12-24T11:57:42+00:00,11.82,999.19,87.88
2025-12-24T11:57:57+00:00,11.81,999.22,88.03
2025-12-24T11:58:12+00:00,11.77,999.22,88.10
2025-12-24T11:58:27+00:00,11.74,999.22,88.13
2025-12-24T11:58:42+00:00,11.69,999.25,88.20
2025-12-24T11:58:57+00:00,11.65,999.17,88.24
2025-12-24T11:59:12+00:00,11.60,999.16,88.36
2025-12-24T11:59:27+00:00,11.59,999.13,88.51
2025-12-24T11:59:42+00:00,11.56,999.12,88.69
2025-12-24T11:59:57+00:00,11.50,999.10,88.76
2025-12-24T12:00:12+00:00,11.48,999.09,88.81
2025-12-24T12:00:27+00:00,11.45,999.12,88.93
2025-12-24T12:00:42+00:00,11.42,999.12,89.07
2025-12-24T12:00:57+00:00,11.37,999.16,89.30
2025-12-24T12:01:12+00:00,11.31,999.16,89.47
2025-12-24T12:01:27+00:00,11.26,999.09,89.52
2025-12-24T12:01:42+00:00,11.21,999.15,89.57
2025-12-24T12:01:57+00:00,11.18,999.20,89.70
2025-12-24T12:02:12+00:00,11.13,999.18,89.91
2025-12-24T12:02:27+00:00,11.08,999.18,90.17
2025-12-24T12:02:42+00:00,11.04,999.22,90.17
2025-12-24T12:02:57+00:00,11.00,999.20,90.31
2025-12-24T12:03:12+00:00,10.96,999.17,90.49
2025-12-24T12:03:27+00:00,10.91,999.17,90.61
2025-12-24T12:03:42+00:00,10.87,999.18,90.74
2025-12-24T12:03:57+00:00,10.81,999.18,90.86
2025-12-24T12:04:12+00:00,10.76,999.19,90.84
2025-12-24T12:04:27+00:00,10.71,999.27,91.02
2025-12-24T12:04:42+00:00,10.68,999.28,91.07
2025-12-24T12:04:57+00:00,10.64,999.32,91.32
2025-12-24T12:05:12+00:00,10.60,999.30,91.53
2025-12-24T12:05:27+00:00,10.57,999.41,91.79
2025-12-24T12:05:42+00:00,10.53,999.39,91.99
2025-12-24T12:05:57+00:00,10.52,999.39,92.07
2025-12-24T12:06:12+00:00,10.49,999.46,92.19
2025-12-24T12:06:27+00:00,10.47,999.45,92.12
2025-12-24T12:06:42+00:00,10.45,999.45,92.22
2025-12-24T12:06:57+00:00,10.44,999.40,92.25
2025-12-24T12:07:12+00:00,10.41,999.32,92.36
2025-12-24T12:07:27+00:00,10.38,999.27,92.40
2025-12-24T12:07:42+00:00,10.37,999.25,92.54
2025-12-24T12:07:57+00:00,10.36,999.32,92.55
2025-12-24T12:08:12+00:00,10.34,999.20,92.64
2025-12-24T12:08:27+00:00,10.35,999.25,92.75
2025-12-24T12:08:42+00:00,10.34,999.26,92.89
2025-12-24T12:08:57+00:00,10.35,999.30,92.99
2025-12-24T12:09:12+00:00,10.33,999.30,93.18
2025-12-24T12:09:27+00:00,10.33,999.25,93.26
2025-12-24T12:09:42+00:00,10.32,999.23,93.26
2025-12-24T12:09:57+00:00,10.31,999.16,93.37
2025-12-24T12:10:12+00:00,10.30,999.19,93.40
2025-12-24T12:10:27+00:00,10.28,999.11,93.49
2025-12-24T12:10:42+00:00,10.26,999.15,93.50
2025-12-24T12:10:57+00:00,10.25,999.22,93.52
2025-12-24T12:11:12+00:00,10.24,999.23,93.57
2025-12-24T12:11:27+00:00,10.22,999.23,93.59
2025-12-24T12:11:42+00:00,10.22,999.18,93.69
2025-12-24T12:11:57+00:00,10.22,999.23,93.71
2025-12-24T12:12:12+00:00,10.22,999.25,93.80
2025-12-24T12:12:27+00:00,10.23,999.19,93.81
2025-12-24T12:12:42+00:00,10.24,999.26,93.92
2025-12-24T12:12:57+00:00,10.24,999.26,94.12
2025-12-24T12:13:12+00:00,10.25,999.27,94.09
2025-12-24T12:13:27+00:00,10.26,999.24,94.04
2025-12-24T12:13:42+00:00,10.26,999.24,94.13
2025-12-24T12:13:57+00:00,10.28,999.16,94.05
2025-12-24T12:14:12+00:00,10.28,999.21,94.04
2025-12-24T12:14:27+00:00,10.29,999.26,94.12
2025-12-24T12:14:42+00:00,10.29,999.23,94.13
2025-12-24T12:14:57+00:00,10.28,999.24,94.21
2025-12-24T12:15:12+00:00,10.28,999.28,94.12
2025-12-24T12:15:27+00:00,10.28,999.36,94.13
2025-12-24T12:15:42+00:00,10.27,999.23,94.16
2025-12-24T12:15:57+00:00,10.28,999.32,94.17
2025-12-24T12:16:12+00:00,10.28,999.21,94.23
2025-12-24T12:16:27+00:00,10.28,999.30,94.23
2025-12-24T12:16:42+00:00,10.27,999.31,94.24
2025-12-24T12:16:57+00:00,10.26,999.29,94.24
2025-12-24T12:17:12+00:00,10.25,999.27,94.21
2025-12-24T12:17:27+00:00,10.24,999.21,94.29
2025-12-24T12:17:42+00:00,10.24,999.23,94.28
2025-12-24T12:17:57+00:00,10.22,999.34,94.29
2025-12-24T12:18:12+00:00,10.21,999.32,94.30
2025-12-24T12:18:27+00:00,10.19,999.32,94.34
2025-12-24T12:18:42+00:00,10.16,999.23,94.37
2025-12-24T12:18:57+00:00,10.16,999.32,94.33
2025-12-24T12:19:12+00:00,10.15,999.28,94.38
2025-12-24T12:19:27+00:00,10.15,999.30,94.37
2025-12-24T12:19:42+00:00,10.13,999.24,94.41
2025-12-24T12:19:57+00:00,10.12,999.25,94.44
2025-12-24T12:20:12+00:00,10.11,999.31,94.45
2025-12-24T12:20:27+00:00,10.09,999.29,94.46
2025-12-24T12:20:42+00:00,10.08,999.26,94.52
2025-12-24T12:20:57+00:00,10.07,999.30,94.54
2025-12-24T12:21:12+00:00,10.06,999.35,94.57
2025-12-24T12:21:27+00:00,10.05,999.30,94.58
2025-12-24T12:21:42+00:00,10.04,999.28,94.63
2025-12-24T12:21:57+00:00,10.05,999.27,94.61
2025-12-24T12:22:12+00:00,10.03,999.30,94.62
2025-12-24T12:22:27+00:00,10.04,999.28,94.61
2025-12-24T12:22:42+00:00,10.03,999.30,94.61
2025-12-24T12:22:57+00:00,10.03,999.29,94.65
2025-12-24T12:23:12+00:00,10.02,999.28,94.65
2025-12-24T12:23:27+00:00,10.01,999.26,94.65
2025-12-24T12:23:42+00:00,10.00,999.28,94.65
2025-12-24T12:23:57+00:00,10.00,999.24,94.63
2025-12-24T12:24:12+00:00,9.99,999.31,94.64
2025-12-24T12:24:27+00:00,10.00,999.35,94.61
2025-12-24T12:24:42+00:00,9.99,999.31,94.59
2025-12-24T12:24:57+00:00,9.97,999.31,94.57
2025-12-24T12:25:12+00:00,9.94,999.26,94.58
2025-12-24T12:25:27+00:00,9.95,999.29,94.60
2025-12-24T12:25:42+00:00,9.94,999.28,94.61
2025-12-24T12:25:57+00:00,9.94,999.26,94.65
2025-12-24T12:26:12+00:00,9.95,999.27,94.64
2025-12-24T12:26:27+00:00,9.93,999.21,94.62
2025-12-24T12:26:42+00:00,9.94,999.28,94.62
2025-12-24T12:26:57+00:00,9.95,999.21,94.62
2025-12-24T12:27:12+00:00,9.96,999.28,94.62
2025-12-24T12:27:27+00:00,9.97,999.28,94.59
2025-12-24T12:27:42+00:00,9.98,999.27,94.59
2025-12-24T12:27:57+00:00,10.00,999.24,94.57
2025-12-24T12:28:12+00:00,10.02,999.27,94.57
2025-12-24T12:28:27+00:00,10.03,999.24,94.56
2025-12-24T12:28:42+00:00,10.02,999.33,94.50
2025-12-24T12:28:57+00:00,10.02,999.28,94.48
2025-12-24T12:29:12+00:00,10.05,999.27,94.44
2025-12-24T12:29:27+00:00,10.08,999.26,94.44
2025-12-24T12:29:42+00:00,10.09,999.26,94.41
2025-12-24T12:29:57+00:00,10.12,999.28,94.38
2025-12-24T12:30:12+00:00,10.14,999.31,94.32
2025-12-24T12:30:27+00:00,10.17,999.30,94.30
2025-12-24T12:30:42+00:00,10.19,999.28,94.27
2025-12-24T12:30:57+00:00,10.22,999.28,94.23
2025-12-24T12:31:12+00:00,10.25,999.25,94.22
2025-12-24T12:31:27+00:00,10.26,999.29,94.20
2025-12-24T12:31:42+00:00,10.29,999.26,94.13
2025-12-24T12:31:57+00:00,10.31,999.29,94.12
2025-12-24T12:32:12+00:00,10.33,999.24,94.06
2025-12-24T12:32:27+00:00,10.33,999.28,93.99
2025-12-24T12:32:42+00:00,10.33,999.27,93.93
2025-12-24T12:32:57+00:00,10.31,999.27,93.88
2025-12-24T12:33:12+00:00,10.32,999.21,93.90
2025-12-24T12:33:27+00:00,10.33,999.25,93.91
2025-12-24T12:33:42+00:00,10.35,999.23,93.90
2025-12-24T12:33:57+00:00,10.37,999.23,93.90
2025-12-24T12:34:12+00:00,10.39,999.30,93.91
2025-12-24T12:34:27+00:00,10.39,999.21,93.91
2025-12-24T12:34:42+00:00,10.37,999.23,93.88
2025-12-24T12:34:57+00:00,10.36,999.25,93.88
2025-12-24T12:35:12+00:00,10.37,999.24,93.88
2025-12-24T12:35:27+00:00,10.37,999.17,93.92
2025-12-24T12:35:42+00:00,10.39,999.19,93.95
2025-12-24T12:35:57+00:00,10.42,999.28,93.97
2025-12-24T12:36:12+00:00,10.43,999.24,93.99
2025-12-24T12:36:27+00:00,10.44,999.26,94.00
2025-12-24T12:36:42+00:00,10.44,999.24,94.00
2025-12-24T12:36:57+00:00,10.44,999.21,94.00
2025-12-24T12:37:12+00:00,10.44,999.27,93.98
2025-12-24T12:37:27+00:00,10.43,999.20,93.98
2025-12-24T12:37:42+00:00,10.43,999.24,94.00
2025-12-24T12:37:57+00:00,10.43,999.31,94.01
2025-12-24T12:38:12+00:00,10.44,999.29,94.04
2025-12-24T12:38:27+00:00,10.45,999.28,94.04
2025-12-24T12:38:42+00:00,10.45,999.28,94.02
2025-12-24T12:38:57+00:00,10.46,999.29,94.03
2025-12-24T12:39:12+00:00,10.47,999.31,94.03
2025-12-24T12:39:27+00:00,10.45,999.25,94.03
2025-12-24T12:39:42+00:00,10.43,999.24,94.01
2025-12-24T12:39:57+00:00,10.43,999.30,94.02
2025-12-24T12:40:12+00:00,10.44,999.27,94.04
2025-12-24T12:40:27+00:00,10.46,999.30,94.06
2025-12-24T12:40:42+00:00,10.46,999.25,94.07
2025-12-24T12:40:57+00:00,10.47,999.26,94.08
2025-12-24T12:41:12+00:00,10.48,999.27,94.07
2025-12-24T12:41:27+00:00,10.50,999.28,94.08
2025-12-24T12:41:42+00:00,10.48,999.28,94.09
2025-12-24T12:41:57+00:00,10.49,999.34,94.09
2025-12-24T12:42:12+00:00,10.48,999.28,94.12
2025-12-24T12:42:27+00:00,10.46,999.29,94.09
2025-12-24T12:42:42+00:00,10.45,999.28,94.09
2025-12-24T12:42:57+00:00,10.45,999.28,94.13
2025-12-24T12:43:12+00:00,10.44,999.23,94.14
2025-12-24T12:43:27+00:00,10.46,999.27,94.17
2025-12-24T12:43:42+00:00,10.46,999.24,94.19
2025-12-24T12:43:57+00:00,10.46,999.29,94.21
2025-12-24T12:44:12+00:00,10.48,999.30,94.20
2025-12-24T12:44:27+00:00,10.48,999.34,94.21
2025-12-24T12:44:42+00:00,10.48,999.30,94.22
2025-12-24T12:44:57+00:00,10.46,999.19,94.22
2025-12-24T12:45:12+00:00,10.47,999.26,94.21
2025-12-24T12:45:27+00:00,10.49,999.29,94.23
2025-12-24T12:45:42+00:00,10.49,999.23,94.24
2025-12-24T12:45:57+00:00,10.51,999.27,94.23
2025-12-24T12:46:12+00:00,10.52,999.28,94.25
2025-12-24T12:46:27+00:00,10.51,999.27,94.27
2025-12-24T12:46:42+00:00,10.51,999.27,94.26
2025-12-24T12:46:57+00:00,10.51,999.25,94.25
2025-12-24T12:47:12+00:00,10.52,999.26,94.24
2025-12-24T12:47:27+00:00,10.52,999.23,94.25
2025-12-24T12:47:42+00:00,10.51,999.21,94.27
2025-12-24T12:47:57+00:00,10.51,999.21,94.29
2025-12-24T12:48:12+00:00,10.48,999.20,94.30
2025-12-24T12:48:27+00:00,10.47,999.28,94.27
2025-12-24T12:48:42+00:00,10.44,999.16,94.25
2025-12-24T12:48:57+00:00,10.44,999.21,94.26
2025-12-24T12:49:12+00:00,10.44,999.21,94.25
2025-12-24T12:49:27+00:00,10.43,999.14,94.31
2025-12-24T12:49:42+00:00,10.46,999.17,94.32
2025-12-24T12:49:57+00:00,10.46,999.19,94.31
2025-12-24T12:50:12+00:00,10.48,999.22,94.33
2025-12-24T12:50:27+00:00,10.47,999.20,94.34
2025-12-24T12:50:42+00:00,10.47,999.26,94.32
2025-12-24T12:50:57+00:00,10.47,999.20,94.31
2025-12-24T12:51:12+00:00,10.47,999.17,94.31
2025-12-24T12:51:27+00:00,10.49,999.21,94.33
2025-12-24T12:51:42+00:00,10.49,999.19,94.31
2025-12-24T12:51:57+00:00,10.51,999.22,94.35
2025-12-24T12:52:12+00:00,10.52,999.16,94.38
2025-12-24T12:52:27+00:00,10.53,999.25,94.33
2025-12-24T12:52:42+00:00,10.55,999.23,94.39
2025-12-24T12:52:57+00:00,10.56,999.18,94.35
2025-12-24T12:53:12+00:00,10.55,999.11,94.38
2025-12-24T12:53:27+00:00,10.56,999.19,94.33
2025-12-24T12:53:42+00:00,10.56,999.16,94.30
2025-12-24T12:53:57+00:00,10.55,999.12,94.21
2025-12-24T12:54:12+00:00,10.53,999.17,94.15
2025-12-24T12:54:27+00:00,10.53,999.14,94.15
2025-12-24T12:54:42+00:00,10.53,999.14,94.14
2025-12-24T12:54:57+00:00,10.52,999.12,94.11
2025-12-24T12:55:12+00:00,10.50,999.09,94.07
2025-12-24T12:55:27+00:00,10.50,999.15,94.09
2025-12-24T12:55:42+00:00,10.50,999.10,94.12
2025-12-24T12:55:57+00:00,10.51,999.16,94.14
2025-12-24T12:56:12+00:00,10.51,999.10,94.15
2025-12-24T12:56:27+00:00,10.50,999.09,94.14
2025-12-24T12:56:42+00:00,10.52,999.12,94.17
2025-12-24T12:56:57+00:00,10.51,999.11,94.20
2025-12-24T12:57:12+00:00,10.52,999.02,94.22
2025-12-24T12:57:27+00:00,10.53,999.09,94.28
2025-12-24T12:57:42+00:00,10.53,999.06,94.29
2025-12-24T12:57:57+00:00,10.55,999.03,94.30
2025-12-24T12:58:12+00:00,10.56,999.11,94.29
2025-12-24T12:58:27+00:00,10.55,999.06,94.29
2025-12-24T12:58:42+00:00,10.57,999.03,94.31
2025-12-24T12:58:57+00:00,10.57,999.04,94.37
2025-12-24T12:59:12+00:00,10.57,999.12,94.36
2025-12-24T12:59:27+00:00,10.58,999.10,94.37
2025-12-24T12:59:42+00:00,10.57,999.15,94.39
2025-12-24T12:59:57+00:00,10.57,999.10,94.41
2025-12-24T13:00:12+00:00,10.55,999.06,94.42
2025-12-24T13:00:27+00:00,10.53,999.09,94.41
2025-12-24T13:00:42+00:00,10.53,999.06,94.41
2025-12-24T13:00:57+00:00,10.53,999.04,94.44
2025-12-24T13:01:12+00:00,10.51,999.00,94.47
2025-12-24T13:01:27+00:00,10.49,999.10,94.45
2025-12-24T13:01:42+00:00,10.48,999.06,94.46
2025-12-24T13:01:57+00:00,10.46,999.11,94.49
2025-12-24T13:02:12+00:00,10.47,999.04,94.51
2025-12-24T13:02:27+00:00,10.44,999.02,94.55
2025-12-24T13:02:42+00:00,10.43,999.08,94.53
2025-12-24T13:02:57+00:00,10.40,999.07,94.54
2025-12-24T13:03:12+00:00,10.39,999.04,94.53
2025-12-24T13:03:27+00:00,10.38,999.03,94.58
2025-12-24T13:03:42+00:00,10.37,999.09,94.62
2025-12-24T13:03:57+00:00,10.36,999.11,94.66
2025-12-24T13:04:12+00:00,10.36,999.08,94.70
2025-12-24T13:04:27+00:00,10.36,999.13,94.71
2025-12-24T13:04:42+00:00,10.36,999.07,94.76
2025-12-24T13:04:57+00:00,10.35,999.15,94.79
2025-12-24T13:05:12+00:00,10.34,999.10,94.88
2025-12-24T13:05:27+00:00,10.32,999.12,94.90
2025-12-24T13:05:42+00:00,10.30,999.15,94.91
2025-12-24T13:05:57+00:00,10.29,999.18,94.92
2025-12-24T13:06:12+00:00,10.28,999.11,94.95
2025-12-24T13:06:27+00:00,10.27,999.10,95.00
2025-12-24T13:06:42+00:00,10.27,999.18,95.00
2025-12-24T13:06:57+00:00,10.26,999.13,95.02
2025-12-24T13:07:12+00:00,10.25,999.14,95.05
2025-12-24T13:07:27+00:00,10.24,999.15,95.08
2025-12-24T13:07:42+00:00,10.23,999.16,95.11
2025-12-24T13:07:57+00:00,10.22,999.09,95.13
2025-12-24T13:08:12+00:00,10.22,999.09,95.16
2025-12-24T13:08:27+00:00,10.22,999.17,95.21
2025-12-24T13:08:42+00:00,10.19,999.12,95.27
2025-12-24T13:08:57+00:00,10.19,999.17,95.27
2025-12-24T13:09:12+00:00,10.18,999.11,95.33
2025-12-24T13:09:27+00:00,10.18,999.10,95.39
2025-12-24T13:09:42+00:00,10.15,999.17,95.39
2025-12-24T13:09:57+00:00,10.14,999.10,95.40
2025-12-24T13:10:12+00:00,10.12,999.15,95.44
2025-12-24T13:10:27+00:00,10.12,999.14,95.43
2025-12-24T13:10:42+00:00,10.11,999.20,95.49
2025-12-24T13:10:57+00:00,10.11,999.20,95.53
2025-12-24T13:11:12+00:00,10.10,999.20,95.60
2025-12-24T13:11:27+00:00,10.08,999.16,95.60
2025-12-24T13:11:42+00:00,10.08,999.16,95.63
2025-12-24T13:11:57+00:00,10.08,999.11,95.65
2025-12-24T13:12:12+00:00,10.06,999.13,95.69
2025-12-24T13:12:27+00:00,10.06,999.15,95.71
2025-12-24T13:12:42+00:00,10.05,999.22,95.74
2025-12-24T13:12:57+00:00,10.04,999.22,95.78
2025-12-24T13:13:12+00:00,9.98,999.18,95.83
2025-12-24T13:13:27+00:00,10.00,999.30,95.81
2025-12-24T13:13:42+00:00,9.99,999.25,95.86
2025-12-24T13:13:57+00:00,9.99,999.25,95.84
2025-12-24T13:14:12+00:00,9.96,999.23,95.86
2025-12-24T13:14:27+00:00,9.94,999.30,95.95
2025-12-24T13:14:42+00:00,9.93,999.34,95.99
2025-12-24T13:14:57+00:00,9.90,999.30,96.05
2025-12-24T13:15:12+00:00,9.88,999.32,96.05
2025-12-24T13:15:27+00:00,9.86,999.33,96.09
2025-12-24T13:15:42+00:00,9.84,999.36,96.11
2025-12-24T13:15:57+00:00,9.82,999.38,96.13
2025-12-24T13:16:12+00:00,9.79,999.42,96.17
2025-12-24T13:16:27+00:00,9.77,999.44,96.24
2025-12-24T13:16:42+00:00,9.74,999.37,96.24
2025-12-24T13:16:57+00:00,9.72,999.41,96.23
2025-12-24T13:17:12+00:00,9.72,999.46,96.25
2025-12-24T13:17:27+00:00,9.69,999.48,96.27
2025-12-24T13:17:42+00:00,9.67,999.42,96.34
2025-12-24T13:17:57+00:00,9.65,999.44,96.37
2025-12-24T13:18:12+00:00,9.63,999.51,96.44
2025-12-24T13:18:27+00:00,9.60,999.49,96.48
2025-12-24T13:18:42+00:00,9.59,999.60,96.50
2025-12-24T13:18:57+00:00,9.57,999.58,96.49
2025-12-24T13:19:12+00:00,9.56,999.64,96.51
2025-12-24T13:19:27+00:00,9.55,999.71,96.58
2025-12-24T13:19:42+00:00,9.54,999.71,96.65
2025-12-24T13:19:57+00:00,9.51,999.64,96.85
2025-12-24T13:20:12+00:00,9.50,999.78,96.96
2025-12-24T13:20:27+00:00,9.49,999.85,97.05
2025-12-24T13:20:42+00:00,9.48,999.89,97.13
2025-12-24T13:20:57+00:00,9.46,999.97,97.21
2025-12-24T13:21:12+00:00,9.46,999.90,97.29
2025-12-24T13:21:27+00:00,9.44,1000.01,97.35
2025-12-24T13:21:42+00:00,9.41,999.90,97.37
2025-12-24T13:21:57+00:00,9.38,999.97,97.35
2025-12-24T13:22:12+00:00,9.34,999.90,97.33
2025-12-24T13:22:27+00:00,9.28,999.91,97.32
2025-12-24T13:22:42+00:00,9.25,999.92,97.35
2025-12-24T13:22:57+00:00,9.22,999.91,97.35
2025-12-24T13:23:12+00:00,9.19,999.93,97.36
2025-12-24T13:23:27+00:00,9.15,999.91,97.39
2025-12-24T13:23:42+00:00,9.11,999.85,97.38
2025-12-24T13:23:57+00:00,9.07,999.86,97.39
2025-12-24T13:24:12+00:00,9.03,999.83,97.37
2025-12-24T13:24:27+00:00,9.01,999.91,97.39
2025-12-24T13:24:42+00:00,8.98,999.96,97.40
2025-12-24T13:24:57+00:00,8.95,999.88,97.44
2025-12-24T13:25:12+00:00,8.93,999.88,97.46
2025-12-24T13:25:27+00:00,8.90,999.83,97.48
2025-12-24T13:25:42+00:00,8.89,999.81,97.54
2025-12-24T13:25:57+00:00,8.88,999.79,97.55
2025-12-24T13:26:12+00:00,8.87,999.81,97.59
2025-12-24T13:26:27+00:00,8.86,999.81,97.66
2025-12-24T13:26:42+00:00,8.85,999.74,97.70
2025-12-24T13:26:57+00:00,8.84,999.79,97.74
2025-12-24T13:27:12+00:00,8.84,999.78,97.76
2025-12-24T13:27:27+00:00,8.84,999.78,97.79
2025-12-24T13:27:42+00:00,8.84,999.78,97.83
2025-12-24T13:27:57+00:00,8.82,999.69,97.83
2025-12-24T13:28:12+00:00,8.83,999.76,97.87
2025-12-24T13:28:27+00:00,8.82,999.76,97.90
2025-12-24T13:28:42+00:00,8.83,999.80,97.95
2025-12-24T13:28:57+00:00,8.84,999.81,98.00
2025-12-24T13:29:12+00:00,8.83,999.83,98.01
2025-12-24T13:29:27+00:00,8.83,999.72,98.03
2025-12-24T13:29:42+00:00,8.83,999.76,98.04
2025-12-24T13:29:57+00:00,8.83,999.79,98.10
2025-12-24T13:30:12+00:00,8.84,999.75,98.08
2025-12-24T13:30:27+00:00,8.83,999.76,98.11
2025-12-24T13:30:42+00:00,8.83,999.76,98.12
2025-12-24T13:30:57+00:00,8.82,999.69,98.12
2025-12-24T13:31:12+00:00,8.83,999.76,98.15
2025-12-24T13:31:27+00:00,8.83,999.72,98.15
2025-12-24T13:31:42+00:00,8.82,999.81,98.15
2025-12-24T13:31:57+00:00,8.82,999.83,98.15
2025-12-24T13:32:12+00:00,8.81,999.76,98.18
2025-12-24T13:32:27+00:00,8.82,999.77,98.18
2025-12-24T13:32:42+00:00,8.81,999.79,98.20
2025-12-24T13:32:57+00:00,8.81,999.76,98.18
2025-12-24T13:33:12+00:00,8.81,999.84,98.19
2025-12-24T13:33:27+00:00,8.81,999.84,98.22
2025-12-24T13:33:42+00:00,8.80,999.75,98.23
2025-12-24T13:33:57+00:00,8.81,999.79,98.23
2025-12-24T13:34:12+00:00,8.81,999.81,98.23
2025-12-24T13:34:27+00:00,8.81,999.79,98.25
2025-12-24T13:34:42+00:00,8.81,999.76,98.25
2025-12-24T13:34:57+00:00,8.80,999.78,98.26
2025-12-24T13:35:12+00:00,8.81,999.87,98.27
2025-12-24T13:35:27+00:00,8.80,999.77,98.25
2025-12-24T13:35:42+00:00,8.81,999.79,98.28
2025-12-24T13:35:57+00:00,8.81,999.84,98.29
2025-12-24T13:36:12+00:00,8.82,999.81,98.29
2025-12-24T13:36:27+00:00,8.82,999.77,98.32
2025-12-24T13:36:42+00:00,8.82,999.77,98.33
2025-12-24T13:36:57+00:00,8.83,999.74,98.33
2025-12-24T13:37:12+00:00,8.84,999.75,98.36
2025-12-24T13:37:27+00:00,8.83,999.75,98.38
2025-12-24T13:37:42+00:00,8.83,999.82,98.36
2025-12-24T13:37:57+00:00,8.85,999.77,98.38
2025-12-24T13:38:12+00:00,8.84,999.82,98.38
2025-12-24T13:38:27+00:00,8.85,999.78,98.37
2025-12-24T13:38:42+00:00,8.85,999.74,98.36
2025-12-24T13:38:57+00:00,8.85,999.78,98.38
2025-12-24T13:39:12+00:00,8.86,999.76,98.38
2025-12-24T13:39:27+00:00,8.86,999.76,98.40
2025-12-24T13:39:42+00:00,8.87,999.80,98.38
2025-12-24T13:39:57+00:00,8.88,999.82,98.38
2025-12-24T13:40:12+00:00,8.88,999.77,98.37
2025-12-24T13:40:27+00:00,8.88,999.82,98.40
2025-12-24T13:40:42+00:00,8.88,999.79,98.40
2025-12-24T13:40:57+00:00,8.89,999.78,98.40
2025-12-24T13:41:12+00:00,8.89,999.75,98.40
2025-12-24T13:41:27+00:00,8.89,999.81,98.41
2025-12-24T13:41:42+00:00,8.88,999.74,98.41
2025-12-24T13:41:57+00:00,8.88,999.72,98.41
2025-12-24T13:42:12+00:00,8.89,999.78,98.41
2025-12-24T13:42:27+00:00,8.89,999.78,98.41
2025-12-24T13:42:42+00:00,8.88,999.77,98.41
2025-12-24T13:42:57+00:00,8.88,999.80,98.43
2025-12-24T13:43:12+00:00,8.88,999.77,98.40
2025-12-24T13:43:27+00:00,8.88,999.74,98.42
2025-12-24T13:43:42+00:00,8.87,999.78,98.40
2025-12-24T13:43:57+00:00,8.88,999.77,98.41
2025-12-24T13:44:12+00:00,8.87,999.69,98.37
2025-12-24T13:44:27+00:00,8.88,999.68,98.40
2025-12-24T13:44:42+00:00,8.88,999.74,98.38
2025-12-24T13:44:57+00:00,8.88,999.71,98.38
2025-12-24T13:45:12+00:00,8.88,999.71,98.36
2025-12-24T13:45:27+00:00,8.89,999.81,98.36
2025-12-24T13:45:42+00:00,8.89,999.75,98.35
2025-12-24T13:45:57+00:00,8.90,999.73,98.35
2025-12-24T13:46:12+00:00,8.90,999.73,98.33
2025-12-24T13:46:27+00:00,8.91,999.68,98.32
2025-12-24T13:46:42+00:00,8.90,999.64,98.29
2025-12-24T13:46:57+00:00,8.91,999.69,98.30
2025-12-24T13:47:12+00:00,8.91,999.63,98.27
2025-12-24T13:47:27+00:00,8.91,999.71,98.24
2025-12-24T13:47:42+00:00,8.91,999.71,98.22
2025-12-24T13:47:57+00:00,8.92,999.67,98.20
2025-12-24T13:48:12+00:00,8.93,999.69,98.19
2025-12-24T13:48:27+00:00,8.92,999.76,98.19
2025-12-24T13:48:42+00:00,8.93,999.63,98.15
2025-12-24T13:48:57+00:00,8.93,999.64,98.15
2025-12-24T13:49:12+00:00,8.93,999.58,98.14
2025-12-24T13:49:27+00:00,8.93,999.61,98.12
2025-12-24T13:49:42+00:00,8.93,999.61,98.11
2025-12-24T13:49:57+00:00,8.95,999.66,98.09
2025-12-24T13:50:12+00:00,8.94,999.65,98.07
2025-12-24T13:50:27+00:00,8.94,999.62,98.07
2025-12-24T13:50:42+00:00,8.94,999.65,98.04
2025-12-24T13:50:57+00:00,8.95,999.64,98.04
2025-12-24T13:51:12+00:00,8.95,999.59,98.03
2025-12-24T13:51:27+00:00,8.96,999.63,98.00
2025-12-24T13:51:42+00:00,8.96,999.55,98.00
2025-12-24T13:51:57+00:00,8.96,999.63,98.00
2025-12-24T13:52:12+00:00,8.96,999.63,97.97
2025-12-24T13:52:27+00:00,8.97,999.62,97.96
2025-12-24T13:52:42+00:00,8.96,999.61,97.94
2025-12-24T13:52:57+00:00,8.98,999.63,97.94
2025-12-24T13:53:12+00:00,8.98,999.59,97.94
2025-12-24T13:53:27+00:00,9.00,999.56,97.93
2025-12-24T13:53:42+00:00,8.99,999.57,97.91
2025-12-24T13:53:57+00:00,8.99,999.60,97.88
2025-12-24T13:54:12+00:00,8.99,999.55,97.87
2025-12-24T13:54:27+00:00,9.00,999.61,97.86
2025-12-24T13:54:42+00:00,8.99,999.58,97.87
2025-12-24T13:54:57+00:00,8.99,999.51,97.86
2025-12-24T13:55:12+00:00,9.00,999.58,97.85
2025-12-24T13:55:27+00:00,9.01,999.60,97.85
2025-12-24T13:55:42+00:00,9.02,999.62,97.84
2025-12-24T13:55:57+00:00,9.03,999.50,97.84
2025-12-24T13:56:12+00:00,9.04,999.55,97.82
2025-12-24T13:56:27+00:00,9.04,999.54,97.81
2025-12-24T13:56:42+00:00,9.07,999.56,97.81
2025-12-24T13:56:57+00:00,9.07,999.62,97.78
2025-12-24T13:57:12+00:00,9.08,999.57,97.77
2025-12-24T13:57:27+00:00,9.10,999.61,97.78
2025-12-24T13:57:42+00:00,9.10,999.56,97.77
2025-12-24T13:57:57+00:00,9.11,999.58,97.75
2025-12-24T13:58:12+00:00,9.12,999.54,97.73
2025-12-24T13:58:27+00:00,9.11,999.60,97.73
2025-12-24T13:58:42+00:00,9.11,999.51,97.72
2025-12-24T13:58:57+00:00,9.11,999.63,97.70
2025-12-24T13:59:12+00:00,9.11,999.63,97.70
2025-12-24T13:59:27+00:00,9.10,999.56,97.69
2025-12-24T13:59:42+00:00,9.11,999.57,97.69
2025-12-24T13:59:57+00:00,9.11,999.55,97.70
2025-12-24T14:00:12+00:00,9.09,999.54,97.68
2025-12-24T14:00:27+00:00,9.09,999.60,97.69
2025-12-24T14:00:42+00:00,9.09,999.60,97.71
2025-12-24T14:00:57+00:00,9.08,999.58,97.69
2025-12-24T14:01:12+00:00,9.08,999.60,97.69
2025-12-24T14:01:27+00:00,9.08,999.53,97.72
2025-12-24T14:01:42+00:00,9.07,999.62,97.69
2025-12-24T14:01:57+00:00,9.07,999.59,97.69
2025-12-24T14:02:12+00:00,9.07,999.59,97.68
2025-12-24T14:02:27+00:00,9.06,999.55,97.69
2025-12-24T14:02:42+00:00,9.07,999.64,97.73
2025-12-24T14:02:57+00:00,9.06,999.59,97.73
2025-12-24T14:03:12+00:00,9.06,999.57,97.73
2025-12-24T14:03:27+00:00,9.04,999.60,97.75
2025-12-24T14:03:42+00:00,9.05,999.59,97.75
2025-12-24T14:03:57+00:00,9.04,999.62,97.76
2025-12-24T14:04:12+00:00,9.03,999.58,97.77
2025-12-24T14:04:27+00:00,9.04,999.57,97.76
2025-12-24T14:04:42+00:00,9.03,999.67,97.76
2025-12-24T14:04:57+00:00,9.03,999.62,97.78
2025-12-24T14:05:12+00:00,9.03,999.53,97.79
2025-12-24T14:05:27+00:00,9.04,999.60,97.77
2025-12-24T14:05:42+00:00,9.04,999.62,97.81
2025-12-24T14:05:57+00:00,9.03,999.58,97.78
2025-12-24T14:06:12+00:00,9.05,999.61,97.80
2025-12-24T14:06:27+00:00,9.04,999.60,97.78
2025-12-24T14:06:42+00:00,9.07,999.59,97.82
2025-12-24T14:06:57+00:00,9.08,999.63,97.79
2025-12-24T14:07:12+00:00,9.08,999.57,97.82
2025-12-24T14:07:27+00:00,9.10,999.58,97.81
2025-12-24T14:07:42+00:00,9.10,999.61,97.80
2025-12-24T14:07:57+00:00,9.12,999.58,97.82
2025-12-24T14:08:12+00:00,9.14,999.63,97.80
2025-12-24T14:08:27+00:00,9.15,999.58,97.79
2025-12-24T14:08:42+00:00,9.17,999.67,97.77
2025-12-24T14:08:57+00:00,9.19,999.60,97.77
2025-12-24T14:09:12+00:00,9.21,999.54,97.76
2025-12-24T14:09:27+00:00,9.23,999.59,97.73
2025-12-24T14:09:42+00:00,9.26,999.61,97.73
2025-12-24T14:09:57+00:00,9.29,999.57,97.70
2025-12-24T14:10:12+00:00,9.32,999.54,97.67
2025-12-24T14:10:27+00:00,9.34,999.58,97.65
2025-12-24T14:10:42+00:00,9.38,999.58,97.63
2025-12-24T14:10:57+00:00,9.42,999.59,97.60
2025-12-24T14:11:12+00:00,9.44,999.58,97.55
2025-12-24T14:11:27+00:00,9.47,999.52,97.51
2025-12-24T14:11:42+00:00,9.50,999.57,97.47
2025-12-24T14:11:57+00:00,9.53,999.61,97.37
2025-12-24T14:12:12+00:00,9.56,999.67,97.36
2025-12-24T14:12:27+00:00,9.59,999.53,97.33
2025-12-24T14:12:42+00:00,9.62,999.54,97.24
2025-12-24T14:12:57+00:00,9.63,999.62,97.18
2025-12-24T14:13:12+00:00,9.65,999.55,97.09
2025-12-24T14:13:27+00:00,9.67,999.54,97.03
2025-12-24T14:13:42+00:00,9.70,999.58,97.01
2025-12-24T14:13:57+00:00,9.71,999.59,96.96
2025-12-24T14:14:12+00:00,9.73,999.62,96.82
2025-12-24T14:14:27+00:00,9.70,999.63,96.74
2025-12-24T14:14:42+00:00,9.70,999.58,96.67
2025-12-24T14:14:57+00:00,9.71,999.59,96.66
2025-12-24T14:15:12+00:00,9.73,999.56,96.67
2025-12-24T14:15:27+00:00,9.76,999.59,96.65
2025-12-24T14:15:42+00:00,9.77,999.56,96.65
2025-12-24T14:15:57+00:00,9.78,999.63,96.63
2025-12-24T14:16:12+00:00,9.81,999.59,96.60
2025-12-24T14:16:27+00:00,9.82,999.63,96.58
2025-12-24T14:16:42+00:00,9.83,999.61,96.50
2025-12-24T14:16:57+00:00,9.82,999.57,96.44
2025-12-24T14:17:12+00:00,9.83,999.53,96.39
2025-12-24T14:17:27+00:00,9.82,999.55,96.38
2025-12-24T14:17:42+00:00,9.84,999.63,96.37
2025-12-24T14:17:57+00:00,9.84,999.57,96.36
2025-12-24T14:18:12+00:00,9.85,999.56,96.37
2025-12-24T14:18:27+00:00,9.86,999.58,96.37
2025-12-24T14:18:42+00:00,9.86,999.51,96.35
2025-12-24T14:18:57+00:00,9.86,999.58,96.32
2025-12-24T14:19:12+00:00,9.85,999.51,96.28
2025-12-24T14:19:27+00:00,9.84,999.55,96.27
2025-12-24T14:19:42+00:00,9.84,999.57,96.25
2025-12-24T14:19:57+00:00,9.83,999.58,96.23
2025-12-24T14:20:12+00:00,9.82,999.57,96.23
2025-12-24T14:20:27+00:00,9.80,999.52,96.21
2025-12-24T14:20:42+00:00,9.79,999.59,96.19
2025-12-24T14:20:57+00:00,9.78,999.63,96.20
2025-12-24T14:21:12+00:00,9.77,999.58,96.22
2025-12-24T14:21:27+00:00,9.77,999.61,96.22
2025-12-24T14:21:42+00:00,9.77,999.61,96.24
2025-12-24T14:21:57+00:00,9.78,999.59,96.27
2025-12-24T14:22:12+00:00,9.77,999.52,96.29
2025-12-24T14:22:27+00:00,9.75,999.55,96.23
2025-12-24T14:22:42+00:00,9.75,999.51,96.24
2025-12-24T14:22:57+00:00,9.75,999.54,96.28
2025-12-24T14:23:12+00:00,9.74,999.53,96.27
2025-12-24T14:23:27+00:00,9.74,999.61,96.27
2025-12-24T14:23:42+00:00,9.73,999.60,96.25
2025-12-24T14:23:57+00:00,9.72,999.61,96.24
2025-12-24T14:24:12+00:00,9.70,999.58,96.24
2025-12-24T14:24:27+00:00,9.68,999.57,96.24
2025-12-24T14:24:42+00:00,9.68,999.59,96.26
2025-12-24T14:24:57+00:00,9.68,999.60,96.34
2025-12-24T14:25:12+00:00,9.67,999.61,96.35
2025-12-24T14:25:27+00:00,9.66,999.56,96.32
2025-12-24T14:25:42+00:00,9.64,999.58,96.30
2025-12-24T14:25:57+00:00,9.61,999.53,96.32
2025-12-24T14:26:12+00:00,9.60,999.59,96.33
2025-12-24T14:26:27+00:00,9.58,999.56,96.35
2025-12-24T14:26:42+00:00,9.56,999.66,96.36
2025-12-24T14:26:57+00:00,9.55,999.59,96.39
2025-12-24T14:27:12+00:00,9.54,999.53,96.42
2025-12-24T14:27:27+00:00,9.53,999.62,96.46
2025-12-24T14:27:42+00:00,9.52,999.65,96.47
2025-12-24T14:27:57+00:00,9.50,999.54,96.50
2025-12-24T14:28:12+00:00,9.49,999.55,96.53
2025-12-24T14:28:27+00:00,9.49,999.57,96.57
2025-12-24T14:28:42+00:00,9.47,999.63,96.58
2025-12-24T14:28:57+00:00,9.46,999.56,96.61
2025-12-24T14:29:12+00:00,9.45,999.60,96.66
2025-12-24T14:29:27+00:00,9.45,999.57,96.68
2025-12-24T14:29:42+00:00,9.44,999.53,96.71
2025-12-24T14:29:57+00:00,9.43,999.56,96.73
2025-12-24T14:30:12+00:00,9.43,999.56,96.75
2025-12-24T14:30:27+00:00,9.42,999.55,96.78
2025-12-24T14:30:42+00:00,9.41,999.60,96.78
2025-12-24T14:30:57+00:00,9.39,999.55,96.79
2025-12-24T14:31:12+00:00,9.38,999.56,96.85
2025-12-24T14:31:27+00:00,9.36,999.57,96.85
2025-12-24T14:31:42+00:00,9.36,999.55,96.88
2025-12-24T14:31:57+00:00,9.34,999.50,96.90
2025-12-24T14:32:12+00:00,9.33,999.51,96.93
2025-12-24T14:32:27+00:00,9.31,999.58,96.95
2025-12-24T14:32:42+00:00,9.31,999.55,96.97
2025-12-24T14:32:57+00:00,9.29,999.52,97.00
2025-12-24T14:33:12+00:00,9.28,999.45,97.03
2025-12-24T14:33:27+00:00,9.27,999.48,97.06
2025-12-24T14:33:42+00:00,9.25,999.48,97.06
2025-12-24T14:33:57+00:00,9.24,999.49,97.11
2025-12-24T14:34:12+00:00,9.24,999.55,97.13
2025-12-24T14:34:27+00:00,9.23,999.56,97.15
2025-12-24T14:34:42+00:00,9.22,999.57,97.20
2025-12-24T14:34:57+00:00,9.22,999.64,97.23
2025-12-24T14:35:12+00:00,9.20,999.62,97.26
2025-12-24T14:35:27+00:00,9.21,999.57,97.26
2025-12-24T14:35:42+00:00,9.20,999.55,97.29
2025-12-24T14:35:57+00:00,9.19,999.55,97.32
2025-12-24T14:36:12+00:00,9.18,999.56,97.34
2025-12-24T14:36:27+00:00,9.17,999.59,97.34
2025-12-24T14:36:42+00:00,9.15,999.59,97.36
2025-12-24T14:36:57+00:00,9.15,999.62,97.37
2025-12-24T14:37:12+00:00,9.15,999.62,97.39
2025-12-24T14:37:27+00:00,9.13,999.58,97.41
2025-12-24T14:37:42+00:00,9.12,999.62,97.44
2025-12-24T14:37:57+00:00,9.11,999.60,97.46
2025-12-24T14:38:12+00:00,9.10,999.59,97.46
2025-12-24T14:38:27+00:00,9.09,999.62,97.49
2025-12-24T14:38:42+00:00,9.09,999.64,97.51
2025-12-24T14:38:57+00:00,9.08,999.63,97.52
2025-12-24T14:39:12+00:00,9.08,999.74,97.52
2025-12-24T14:39:27+00:00,9.06,999.65,97.55
2025-12-24T14:39:42+00:00,9.05,999.69,97.58
2025-12-24T14:39:57+00:00,9.04,999.71,97.57
2025-12-24T14:40:12+00:00,9.03,999.72,97.58
2025-12-24T14:40:27+00:00,9.03,999.64,97.64
2025-12-24T14:40:42+00:00,9.02,999.70,97.64
2025-12-24T14:40:57+00:00,9.02,999.68,97.65
2025-12-24T14:41:12+00:00,9.01,999.69,97.69
2025-12-24T14:41:27+00:00,9.00,999.67,97.66
2025-12-24T14:41:42+00:00,9.00,999.75,97.69
2025-12-24T14:41:57+00:00,8.99,999.73,97.70
2025-12-24T14:42:12+00:00,8.99,999.73,97.73
2025-12-24T14:42:27+00:00,8.98,999.71,97.73
2025-12-24T14:42:42+00:00,8.98,999.74,97.76
2025-12-24T14:42:57+00:00,8.96,999.72,97.76
2025-12-24T14:43:12+00:00,8.96,999.68,97.78
2025-12-24T14:43:27+00:00,8.95,999.72,97.78
2025-12-24T14:43:42+00:00,8.95,999.77,97.78
2025-12-24T14:43:57+00:00,8.94,999.67,97.80
2025-12-24T14:44:12+00:00,8.93,999.74,97.82
2025-12-24T14:44:27+00:00,8.93,999.82,97.85
2025-12-24T14:44:42+00:00,8.91,999.73,97.86
2025-12-24T14:44:57+00:00,8.92,999.75,97.88
2025-12-24T14:45:12+00:00,8.90,999.74,97.87
2025-12-24T14:45:27+00:00,8.88,999.80,97.89
2025-12-24T14:45:42+00:00,8.89,999.82,97.91
2025-12-24T14:45:57+00:00,8.87,999.83,97.91
2025-12-24T14:46:12+00:00,8.87,999.86,97.92
2025-12-24T14:46:27+00:00,8.85,999.82,97.93
2025-12-24T14:46:42+00:00,8.85,999.85,97.96
2025-12-24T14:46:57+00:00,8.85,999.82,97.95
2025-12-24T14:47:12+00:00,8.84,999.83,97.98
2025-12-24T14:47:27+00:00,8.83,999.76,97.98
2025-12-24T14:47:42+00:00,8.84,999.92,97.97
2025-12-24T14:47:57+00:00,8.82,999.92,97.99
2025-12-24T14:48:12+00:00,8.82,999.91,98.00
2025-12-24T14:48:27+00:00,8.82,999.94,98.02
2025-12-24T14:48:42+00:00,8.81,1000.01,98.06
2025-12-24T14:48:57+00:00,8.80,999.96,98.04
2025-12-24T14:49:12+00:00,8.80,999.96,98.04
2025-12-24T14:49:27+00:00,8.79,1000.02,98.06
2025-12-24T14:49:42+00:00,8.78,1000.01,98.09
2025-12-24T14:49:57+00:00,8.78,999.95,98.11
2025-12-24T14:50:12+00:00,8.77,1000.02,98.11
2025-12-24T14:50:27+00:00,8.77,1000.10,98.12
2025-12-24T14:50:42+00:00,8.76,1000.03,98.14
2025-12-24T14:50:57+00:00,8.75,1000.02,98.16
2025-12-24T14:51:12+00:00,8.76,1000.14,98.14
2025-12-24T14:51:27+00:00,8.75,1000.12,98.20
2025-12-24T14:51:42+00:00,8.73,1000.09,98.17
2025-12-24T14:51:57+00:00,8.73,1000.14,98.20
2025-12-24T14:52:12+00:00,8.73,1000.14,98.20
2025-12-24T14:52:27+00:00,8.73,1000.17,98.22
2025-12-24T14:52:42+00:00,8.72,1000.18,98.23
2025-12-24T14:52:57+00:00,8.71,1000.19,98.22
2025-12-24T14:53:12+00:00,8.72,1000.23,98.23
2025-12-24T14:53:27+00:00,8.70,1000.28,98.23
2025-12-24T14:53:42+00:00,8.70,1000.23,98.22
2025-12-24T14:53:57+00:00,8.69,1000.22,98.23
2025-12-24T14:54:12+00:00,8.70,1000.25,98.26
2025-12-24T14:54:27+00:00,8.69,1000.25,98.26
2025-12-24T14:54:42+00:00,8.67,1000.23,98.26
2025-12-24T14:54:57+00:00,8.68,1000.34,98.25
2025-12-24T14:55:12+00:00,8.66,1000.21,98.27
2025-12-24T14:55:27+00:00,8.66,1000.30,98.26
2025-12-24T14:55:42+00:00,8.66,1000.27,98.29
2025-12-24T14:55:57+00:00,8.66,1000.32,98.29
2025-12-24T14:56:12+00:00,8.66,1000.36,98.31
2025-12-24T14:56:27+00:00,8.66,1000.38,98.32
2025-12-24T14:56:42+00:00,8.66,1000.40,98.36
2025-12-24T14:56:57+00:00,8.64,1000.46,98.36
2025-12-24T14:57:12+00:00,8.65,1000.50,98.38
2025-12-24T14:57:27+00:00,8.64,1000.40,98.38
2025-12-24T14:57:42+00:00,8.64,1000.43,98.39
2025-12-24T14:57:57+00:00,8.62,1000.39,98.39
2025-12-24T14:58:12+00:00,8.62,1000.45,98.43
2025-12-24T14:58:27+00:00,8.61,1000.49,98.43
2025-12-24T14:58:42+00:00,8.61,1000.43,98.45
2025-12-24T14:58:57+00:00,8.60,1000.48,98.44
2025-12-24T14:59:12+00:00,8.59,1000.43,98.47
2025-12-24T14:59:27+00:00,8.59,1000.61,98.47
2025-12-24T14:59:42+00:00,8.58,1000.60,98.48
2025-12-24T14:59:57+00:00,8.58,1000.57,98.49
2025-12-24T15:00:12+00:00,8.56,1000.56,98.50
2025-12-24T15:00:27+00:00,8.55,1000.58,98.52
2025-12-24T15:00:42+00:00,8.56,1000.62,98.51
2025-12-24T15:00:57+00:00,8.56,1000.62,98.53
2025-12-24T15:01:12+00:00,8.55,1000.66,98.53
2025-12-24T15:01:27+00:00,8.55,1000.60,98.55
2025-12-24T15:01:42+00:00,8.54,1000.65,98.56
2025-12-24T15:01:57+00:00,8.53,1000.65,98.56
2025-12-24T15:02:12+00:00,8.54,1000.75,98.58
2025-12-24T15:02:27+00:00,8.53,1000.74,98.58
2025-12-24T15:02:42+00:00,8.53,1000.77,98.60
2025-12-24T15:02:57+00:00,8.54,1000.77,98.60
2025-12-24T15:03:12+00:00,8.52,1000.78,98.59
2025-12-24T15:03:27+00:00,8.53,1000.76,98.60
2025-12-24T15:03:42+00:00,8.52,1000.75,98.61
2025-12-24T15:03:57+00:00,8.53,1000.79,98.62
2025-12-24T15:04:12+00:00,8.53,1000.79,98.62
2025-12-24T15:04:27+00:00,8.53,1000.84,98.67
2025-12-24T15:04:42+00:00,8.54,1000.88,98.66
2025-12-24T15:04:57+00:00,8.52,1000.83,98.66
2025-12-24T15:05:12+00:00,8.52,1000.85,98.67
2025-12-24T15:05:27+00:00,8.52,1000.85,98.67
2025-12-24T15:05:42+00:00,8.51,1000.89,98.68
2025-12-24T15:05:57+00:00,8.51,1000.91,98.67
2025-12-24T15:06:12+00:00,8.52,1000.89,98.68
2025-12-24T15:06:27+00:00,8.52,1000.88,98.67
2025-12-24T15:06:42+00:00,8.51,1000.83,98.68
2025-12-24T15:06:57+00:00,8.51,1000.86,98.70
2025-12-24T15:07:12+00:00,8.50,1000.80,98.71
2025-12-24T15:07:27+00:00,8.50,1000.85,98.72
2025-12-24T15:07:42+00:00,8.50,1000.85,98.73
2025-12-24T15:07:57+00:00,8.50,1000.91,98.73
2025-12-24T15:08:12+00:00,8.50,1000.83,98.74
2025-12-24T15:08:27+00:00,8.50,1000.82,98.74
2025-12-24T15:08:42+00:00,8.50,1000.90,98.76
2025-12-24T15:08:57+00:00,8.50,1000.84,98.76
2025-12-24T15:09:12+00:00,8.50,1000.82,98.75
2025-12-24T15:09:27+00:00,8.49,1000.83,98.74
2025-12-24T15:09:42+00:00,8.49,1000.83,98.75
2025-12-24T15:09:57+00:00,8.49,1000.88,98.73
2025-12-24T15:10:12+00:00,8.49,1000.85,98.76
2025-12-24T15:10:27+00:00,8.49,1000.85,98.75
2025-12-24T15:10:42+00:00,8.48,1000.82,98.75
2025-12-24T15:10:57+00:00,8.48,1000.85,98.76
2025-12-24T15:11:12+00:00,8.49,1000.80,98.75
2025-12-24T15:11:27+00:00,8.49,1000.86,98.76
2025-12-24T15:11:42+00:00,8.49,1000.80,98.75
2025-12-24T15:11:57+00:00,8.48,1000.89,98.76
2025-12-24T15:12:12+00:00,8.48,1000.74,98.78
2025-12-24T15:12:27+00:00,8.49,1000.83,98.78
2025-12-24T15:12:42+00:00,8.49,1000.83,98.80
2025-12-24T15:12:57+00:00,8.48,1000.78,98.79
2025-12-24T15:13:12+00:00,8.49,1000.78,98.83
2025-12-24T15:13:27+00:00,8.49,1000.83,98.82
2025-12-24T15:13:42+00:00,8.50,1000.76,98.85
2025-12-24T15:13:57+00:00,8.49,1000.73,98.86
2025-12-24T15:14:12+00:00,8.49,1000.73,98.85
2025-12-24T15:14:27+00:00,8.50,1000.80,98.89
2025-12-24T15:14:42+00:00,8.50,1000.76,98.87
2025-12-24T15:14:57+00:00,8.49,1000.78,98.88
2025-12-24T15:15:12+00:00,8.49,1000.75,98.90
2025-12-24T15:15:27+00:00,8.50,1000.82,98.91
2025-12-24T15:15:42+00:00,8.50,1000.82,98.91
2025-12-24T15:15:57+00:00,8.50,1000.85,98.91
2025-12-24T15:16:12+00:00,8.50,1000.84,98.90
2025-12-24T15:16:27+00:00,8.51,1000.86,98.90
2025-12-24T15:16:42+00:00,8.51,1000.83,98.89
2025-12-24T15:16:57+00:00,8.50,1000.93,98.90
2025-12-24T15:17:12+00:00,8.49,1000.86,98.87
2025-12-24T15:17:27+00:00,8.49,1000.84,98.90
2025-12-24T15:17:42+00:00,8.49,1000.80,98.88
2025-12-24T15:17:57+00:00,8.49,1000.83,98.89
2025-12-24T15:18:12+00:00,8.49,1000.80,98.90
2025-12-24T15:18:27+00:00,8.48,1000.76,98.88
2025-12-24T15:18:42+00:00,8.48,1000.82,98.89
2025-12-24T15:18:57+00:00,8.49,1000.78,98.89
2025-12-24T15:19:12+00:00,8.48,1000.85,98.89
2025-12-24T15:19:27+00:00,8.48,1000.79,98.90
2025-12-24T15:19:42+00:00,8.48,1000.86,98.89
2025-12-24T15:19:57+00:00,8.48,1000.84,98.90
2025-12-24T15:20:12+00:00,8.48,1000.84,98.91
2025-12-24T15:20:27+00:00,8.48,1000.86,98.91
2025-12-24T15:20:42+00:00,8.49,1000.88,98.93
2025-12-24T15:20:57+00:00,8.48,1000.86,98.91
2025-12-24T15:21:12+00:00,8.49,1000.94,98.93
2025-12-24T15:21:27+00:00,8.49,1000.94,98.92
2025-12-24T15:21:42+00:00,8.48,1000.92,98.90
2025-12-24T15:21:57+00:00,8.49,1000.94,98.92
2025-12-24T15:22:12+00:00,8.48,1000.92,98.91
2025-12-24T15:22:27+00:00,8.48,1000.89,98.93
2025-12-24T15:22:42+00:00,8.49,1000.94,98.94
2025-12-24T15:22:57+00:00,8.49,1000.94,98.93
2025-12-24T15:23:12+00:00,8.48,1000.89,98.94
2025-12-24T15:23:27+00:00,8.48,1000.90,98.94
2025-12-24T15:23:42+00:00,8.49,1000.99,98.93
2025-12-24T15:23:57+00:00,8.48,1000.95,98.94
2025-12-24T15:24:12+00:00,8.49,1001.04,98.94
2025-12-24T15:24:27+00:00,8.48,1001.04,98.93
2025-12-24T15:24:42+00:00,8.49,1001.04,98.95
2025-12-24T15:24:57+00:00,8.49,1001.03,98.97
2025-12-24T15:25:12+00:00,8.48,1001.04,98.97
2025-12-24T15:25:27+00:00,8.49,1001.02,98.97
2025-12-24T15:25:42+00:00,8.49,1001.04,98.98
2025-12-24T15:25:57+00:00,8.50,1001.01,98.99
2025-12-24T15:26:12+00:00,8.51,1001.08,99.00
2025-12-24T15:26:27+00:00,8.51,1001.08,99.02
2025-12-24T15:26:42+00:00,8.51,1001.09,99.02
2025-12-24T15:26:57+00:00,8.51,1001.13,99.02
2025-12-24T15:27:12+00:00,8.50,1001.04,99.03
2025-12-24T15:27:27+00:00,8.51,1001.10,99.04
2025-12-24T15:27:42+00:00,8.51,1001.08,99.04
2025-12-24T15:27:57+00:00,8.50,1001.09,99.02
2025-12-24T15:28:12+00:00,8.48,1001.11,99.01
2025-12-24T15:28:27+00:00,8.46,1001.06,99.00
2025-12-24T15:28:42+00:00,8.45,1001.09,98.99
2025-12-24T15:28:57+00:00,8.43,1001.11,98.99
2025-12-24T15:29:12+00:00,8.42,1001.14,98.99
2025-12-24T15:29:27+00:00,8.40,1001.12,98.99
2025-12-24T15:29:42+00:00,8.38,1001.11,98.99
2025-12-24T15:29:57+00:00,8.36,1001.13,98.99
2025-12-24T15:30:12+00:00,8.35,1001.15,98.97
2025-12-24T15:30:27+00:00,8.34,1001.18,98.97
2025-12-24T15:30:42+00:00,8.33,1001.13,98.98
2025-12-24T15:30:57+00:00,8.32,1001.20,98.97
2025-12-24T15:31:12+00:00,8.31,1001.11,98.96
2025-12-24T15:31:27+00:00,8.31,1001.10,98.97
2025-12-24T15:31:42+00:00,8.29,1001.11,98.97
2025-12-24T15:31:57+00:00,8.28,1001.17,98.98
2025-12-24T15:32:12+00:00,8.27,1001.13,98.95
2025-12-24T15:32:27+00:00,8.27,1001.21,98.98
2025-12-24T15:32:42+00:00,8.25,1001.09,98.99
2025-12-24T15:32:57+00:00,8.24,1001.13,98.99
2025-12-24T15:33:12+00:00,8.24,1001.08,98.99
2025-12-24T15:33:27+00:00,8.23,1001.06,99.00
2025-12-24T15:33:42+00:00,8.22,1001.10,98.98
2025-12-24T15:33:57+00:00,8.22,1001.05,98.99
2025-12-24T15:34:12+00:00,8.21,1001.08,98.98
2025-12-24T15:34:27+00:00,8.21,1001.14,98.99
2025-12-24T15:34:42+00:00,8.20,1001.04,98.98
2025-12-24T15:34:57+00:00,8.20,1001.12,98.98
2025-12-24T15:35:12+00:00,8.20,1001.07,98.98
2025-12-24T15:35:27+00:00,8.19,1001.05,99.01
2025-12-24T15:35:42+00:00,8.18,1001.09,99.01
2025-12-24T15:35:57+00:00,8.18,1001.12,99.02
2025-12-24T15:36:12+00:00,8.18,1001.06,99.02
2025-12-24T15:36:27+00:00,8.18,1001.14,99.01
2025-12-24T15:36:42+00:00,8.18,1001.11,99.01
2025-12-24T15:36:57+00:00,8.18,1001.14,99.02
2025-12-24T15:37:12+00:00,8.17,1001.13,99.02
2025-12-24T15:37:27+00:00,8.17,1001.17,99.02
2025-12-24T15:37:42+00:00,8.17,1001.06,99.03
2025-12-24T15:37:57+00:00,8.17,1001.14,99.02
2025-12-24T15:38:12+00:00,8.16,1001.11,99.04
2025-12-24T15:38:27+00:00,8.16,1001.13,99.01
2025-12-24T15:38:42+00:00,8.15,1001.15,99.04
2025-12-24T15:38:57+00:00,8.15,1001.08,99.03
2025-12-24T15:39:12+00:00,8.15,1001.20,99.02
2025-12-24T15:39:27+00:00,8.15,1001.11,99.03
2025-12-24T15:39:42+00:00,8.14,1001.13,99.03
2025-12-24T15:39:57+00:00,8.14,1001.12,99.05
2025-12-24T15:40:12+00:00,8.13,1001.14,99.04
2025-12-24T15:40:27+00:00,8.13,1001.16,99.03
2025-12-24T15:40:42+00:00,8.13,1001.11,99.05
2025-12-24T15:40:57+00:00,8.13,1001.13,99.05
2025-12-24T15:41:12+00:00,8.12,1001.09,99.04
2025-12-24T15:41:27+00:00,8.11,1001.11,99.03
2025-12-24T15:41:42+00:00,8.12,1001.17,99.05
2025-12-24T15:41:57+00:00,8.11,1001.08,99.05
2025-12-24T15:42:12+00:00,8.10,1001.06,99.06
2025-12-24T15:42:27+00:00,8.11,1001.11,99.06
2025-12-24T15:42:42+00:00,8.10,1001.01,99.06
2025-12-24T15:42:57+00:00,8.11,1001.10,99.06
2025-12-24T15:43:12+00:00,8.10,1001.12,99.07
2025-12-24T15:43:27+00:00,8.10,1001.06,99.07
2025-12-24T15:43:42+00:00,8.10,1001.12,99.07
2025-12-24T15:43:57+00:00,8.10,1001.08,99.07
2025-12-24T15:44:12+00:00,8.10,1001.08,99.07
2025-12-24T15:44:27+00:00,8.09,1001.07,99.07
2025-12-24T15:44:42+00:00,8.09,1001.09,99.09
2025-12-24T15:44:57+00:00,8.09,1001.10,99.07
2025-12-24T15:45:12+00:00,8.08,1001.14,99.07
2025-12-24T15:45:27+00:00,8.08,1001.11,99.07
2025-12-24T15:45:42+00:00,8.07,1001.10,99.09
2025-12-24T15:45:57+00:00,8.07,1001.04,99.08
2025-12-24T15:46:12+00:00,8.08,1001.08,99.09
2025-12-24T15:46:27+00:00,8.07,1001.07,99.10
2025-12-24T15:46:42+00:00,8.07,1001.09,99.11
2025-12-24T15:46:57+00:00,8.07,1001.12,99.11
2025-12-24T15:47:12+00:00,8.07,1001.14,99.09
2025-12-24T15:47:27+00:00,8.06,1001.08,99.10
2025-12-24T15:47:42+00:00,8.06,1001.19,99.09
2025-12-24T15:47:57+00:00,8.06,1001.11,99.11
2025-12-24T15:48:12+00:00,8.05,1001.06,99.11
2025-12-24T15:48:27+00:00,8.06,1001.11,99.11
2025-12-24T15:48:42+00:00,8.06,1001.16,99.13
2025-12-24T15:48:57+00:00,8.05,1001.12,99.11
2025-12-24T15:49:12+00:00,8.05,1001.09,99.13
2025-12-24T15:49:27+00:00,8.05,1001.09,99.13
2025-12-24T15:49:42+00:00,8.04,1001.12,99.13
2025-12-24T15:49:57+00:00,8.05,1001.11,99.14
2025-12-24T15:50:12+00:00,8.04,1001.15,99.15
2025-12-24T15:50:27+00:00,8.04,1001.20,99.14
2025-12-24T15:50:42+00:00,8.03,1001.16,99.13
2025-12-24T15:50:57+00:00,8.03,1001.11,99.16
2025-12-24T15:51:12+00:00,8.04,1001.15,99.15
2025-12-24T15:51:27+00:00,8.04,1001.18,99.15
2025-12-24T15:51:42+00:00,8.02,1001.15,99.13
2025-12-24T15:51:57+00:00,8.02,1001.20,99.14
2025-12-24T15:52:12+00:00,8.02,1001.18,99.14
2025-12-24T15:52:27+00:00,8.02,1001.20,99.15
2025-12-24T15:52:42+00:00,8.01,1001.21,99.16
2025-12-24T15:52:57+00:00,8.02,1001.17,99.14
2025-12-24T15:53:12+00:00,8.02,1001.15,99.15
2025-12-24T15:53:27+00:00,8.02,1001.19,99.13
2025-12-24T15:53:42+00:00,8.02,1001.19,99.15
2025-12-24T15:53:57+00:00,8.02,1001.19,99.16
2025-12-24T15:54:12+00:00,8.02,1001.22,99.17
2025-12-24T15:54:27+00:00,8.01,1001.26,99.15
2025-12-24T15:54:42+00:00,8.01,1001.29,99.16
2025-12-24T15:54:57+00:00,8.01,1001.26,99.15
2025-12-24T15:55:12+00:00,8.01,1001.26,99.18
2025-12-24T15:55:27+00:00,8.02,1001.22,99.17
2025-12-24T15:55:42+00:00,8.01,1001.27,99.18
2025-12-24T15:55:57+00:00,8.02,1001.26,99.17
2025-12-24T15:56:12+00:00,8.01,1001.29,99.17
2025-12-24T15:56:27+00:00,8.00,1001.28,99.16
2025-12-24T15:56:42+00:00,8.00,1001.33,99.16
2025-12-24T15:56:57+00:00,8.00,1001.28,99.16
2025-12-24T15:57:12+00:00,7.99,1001.32,99.17
2025-12-24T15:57:27+00:00,8.00,1001.33,99.17
2025-12-24T15:57:42+00:00,8.00,1001.30,99.18
2025-12-24T15:57:57+00:00,7.99,1001.21,99.16
2025-12-24T15:58:12+00:00,7.99,1001.26,99.17
2025-12-24T15:58:27+00:00,7.98,1001.19,99.17
2025-12-24T15:58:42+00:00,7.99,1001.29,99.18
2025-12-24T15:58:57+00:00,7.99,1001.26,99.17
2025-12-24T15:59:12+00:00,7.99,1001.25,99.16
2025-12-24T15:59:27+00:00,7.99,1001.25,99.17
2025-12-24T15:59:42+00:00,7.98,1001.22,99.17
2025-12-24T15:59:57+00:00,7.98,1001.24,99.19
2025-12-24T16:00:12+00:00,7.98,1001.24,99.18
2025-12-24T16:00:27+00:00,7.98,1001.19,99.18
2025-12-24T16:00:42+00:00,7.97,1001.23,99.19
2025-12-24T16:00:57+00:00,7.97,1001.22,99.20
2025-12-24T16:01:12+00:00,7.97,1001.17,99.19
2025-12-24T16:01:27+00:00,7.97,1001.19,99.18
2025-12-24T16:01:42+00:00,7.97,1001.17,99.19
2025-12-24T16:01:57+00:00,7.98,1001.21,99.19
2025-12-24T16:02:12+00:00,7.97,1001.20,99.20
2025-12-24T16:02:27+00:00,7.96,1001.21,99.18
2025-12-24T16:02:42+00:00,7.97,1001.17,99.20
2025-12-24T16:02:57+00:00,7.96,1001.27,99.20
2025-12-24T16:03:12+00:00,7.96,1001.29,99.21
2025-12-24T16:03:27+00:00,7.96,1001.31,99.20
2025-12-24T16:03:42+00:00,7.96,1001.29,99.21
2025-12-24T16:03:57+00:00,7.95,1001.33,99.22
2025-12-24T16:04:12+00:00,7.96,1001.31,99.21
2025-12-24T16:04:27+00:00,7.96,1001.39,99.21
2025-12-24T16:04:42+00:00,7.96,1001.37,99.22
2025-12-24T16:04:57+00:00,7.95,1001.36,99.22
2025-12-24T16:05:12+00:00,7.95,1001.41,99.23
2025-12-24T16:05:27+00:00,7.95,1001.41,99.23
2025-12-24T16:05:42+00:00,7.95,1001.36,99.24
2025-12-24T16:05:57+00:00,7.95,1001.35,99.24
2025-12-24T16:06:12+00:00,7.96,1001.37,99.26
2025-12-24T16:06:27+00:00,7.96,1001.37,99.24
2025-12-24T16:06:42+00:00,7.95,1001.40,99.25
2025-12-24T16:06:57+00:00,7.95,1001.36,99.26
2025-12-24T16:07:12+00:00,7.95,1001.36,99.25
2025-12-24T16:07:27+00:00,7.95,1001.44,99.24
2025-12-24T16:07:42+00:00,7.95,1001.41,99.24
2025-12-24T16:07:57+00:00,7.94,1001.45,99.24
2025-12-24T16:08:12+00:00,7.94,1001.42,99.26
2025-12-24T16:08:27+00:00,7.93,1001.40,99.25
2025-12-24T16:08:42+00:00,7.93,1001.49,99.25
2025-12-24T16:08:57+00:00,7.92,1001.47,99.24
2025-12-24T16:09:12+00:00,7.92,1001.39,99.27
2025-12-24T16:09:27+00:00,7.93,1001.43,99.26
2025-12-24T16:09:42+00:00,7.92,1001.44,99.26
2025-12-24T16:09:57+00:00,7.91,1001.34,99.27
2025-12-24T16:10:12+00:00,7.92,1001.42,99.25
2025-12-24T16:10:27+00:00,7.92,1001.44,99.26
2025-12-24T16:10:42+00:00,7.92,1001.42,99.24
2025-12-24T16:10:57+00:00,7.92,1001.35,99.27
2025-12-24T16:11:12+00:00,7.92,1001.43,99.26
2025-12-24T16:11:27+00:00,7.93,1001.42,99.27
2025-12-24T16:11:42+00:00,7.92,1001.38,99.27
2025-12-24T16:11:57+00:00,7.91,1001.40,99.26
2025-12-24T16:12:12+00:00,7.91,1001.39,99.27
2025-12-24T16:12:27+00:00,7.91,1001.34,99.27
2025-12-24T16:12:42+00:00,7.91,1001.34,99.25
2025-12-24T16:12:57+00:00,7.90,1001.38,99.26
2025-12-24T16:13:12+00:00,7.90,1001.36,99.28
2025-12-24T16:13:27+00:00,7.90,1001.38,99.28
2025-12-24T16:13:42+00:00,7.91,1001.40,99.28
2025-12-24T16:13:57+00:00,7.89,1001.45,99.27
2025-12-24T16:14:12+00:00,7.90,1001.32,99.27
2025-12-24T16:14:27+00:00,7.90,1001.43,99.27
2025-12-24T16:14:42+00:00,7.90,1001.40,99.27
2025-12-24T16:14:57+00:00,7.89,1001.42,99.27
2025-12-24T16:15:12+00:00,7.90,1001.43,99.27
2025-12-24T16:15:27+00:00,7.89,1001.37,99.27
2025-12-24T16:15:42+00:00,7.89,1001.42,99.27
2025-12-24T16:15:57+00:00,7.88,1001.40,99.28
2025-12-24T16:16:12+00:00,7.88,1001.35,99.29
2025-12-24T16:16:27+00:00,7.89,1001.38,99.28
2025-12-24T16:16:42+00:00,7.88,1001.40,99.29
2025-12-24T16:16:57+00:00,7.88,1001.48,99.29
2025-12-24T16:17:12+00:00,7.89,1001.36,99.29
2025-12-24T16:17:27+00:00,7.88,1001.39,99.28
2025-12-24T16:17:42+00:00,7.88,1001.35,99.29
2025-12-24T16:17:57+00:00,7.87,1001.39,99.28
2025-12-24T16:18:12+00:00,7.88,1001.42,99.28
2025-12-24T16:18:27+00:00,7.88,1001.48,99.29
2025-12-24T16:18:42+00:00,7.88,1001.39,99.29
2025-12-24T16:18:57+00:00,7.88,1001.53,99.29
2025-12-24T16:19:12+00:00,7.87,1001.47,99.31
2025-12-24T16:19:27+00:00,7.87,1001.47,99.30
2025-12-24T16:19:42+00:00,7.87,1001.39,99.30
2025-12-24T16:19:57+00:00,7.87,1001.41,99.29
2025-12-24T16:20:12+00:00,7.87,1001.43,99.29
2025-12-24T16:20:27+00:00,7.87,1001.39,99.29
2025-12-24T16:20:42+00:00,7.86,1001.42,99.31
2025-12-24T16:20:57+00:00,7.87,1001.50,99.30
2025-12-24T16:21:12+00:00,7.87,1001.43,99.31
2025-12-24T16:21:27+00:00,7.87,1001.54,99.31
2025-12-24T16:21:42+00:00,7.87,1001.41,99.30
2025-12-24T16:21:57+00:00,7.87,1001.47,99.31
2025-12-24T16:22:12+00:00,7.87,1001.46,99.31
2025-12-24T16:22:27+00:00,7.86,1001.45,99.30
2025-12-24T16:22:42+00:00,7.87,1001.50,99.30
2025-12-24T16:22:57+00:00,7.87,1001.43,99.31
2025-12-24T16:23:12+00:00,7.87,1001.47,99.32
2025-12-24T16:23:27+00:00,7.86,1001.48,99.31
2025-12-24T16:23:42+00:00,7.87,1001.52,99.31
2025-12-24T16:23:57+00:00,7.87,1001.46,99.31
2025-12-24T16:24:12+00:00,7.87,1001.49,99.32
2025-12-24T16:24:27+00:00,7.86,1001.47,99.32
2025-12-24T16:24:42+00:00,7.85,1001.49,99.31
2025-12-24T16:24:57+00:00,7.87,1001.49,99.31
2025-12-24T16:25:12+00:00,7.86,1001.51,99.33
2025-12-24T16:25:27+00:00,7.86,1001.51,99.32
2025-12-24T16:25:42+00:00,7.86,1001.59,99.32
2025-12-24T16:25:57+00:00,7.86,1001.53,99.33
2025-12-24T16:26:12+00:00,7.86,1001.53,99.34
2025-12-24T16:26:27+00:00,7.86,1001.50,99.35
2025-12-24T16:26:42+00:00,7.85,1001.51,99.34
2025-12-24T16:26:57+00:00,7.86,1001.55,99.34
2025-12-24T16:27:12+00:00,7.85,1001.57,99.33
2025-12-24T16:27:27+00:00,7.85,1001.57,99.33
2025-12-24T16:27:42+00:00,7.85,1001.62,99.35
2025-12-24T16:27:57+00:00,7.86,1001.58,99.33
2025-12-24T16:28:12+00:00,7.85,1001.57,99.33
2025-12-24T16:28:27+00:00,7.86,1001.58,99.34
2025-12-24T16:28:42+00:00,7.86,1001.55,99.36
2025-12-24T16:28:57+00:00,7.85,1001.57,99.35
2025-12-24T16:29:12+00:00,7.85,1001.56,99.34
2025-12-24T16:29:27+00:00,7.85,1001.60,99.35
2025-12-24T16:29:42+00:00,7.85,1001.54,99.36
2025-12-24T16:29:57+00:00,7.84,1001.55,99.33
2025-12-24T16:30:12+00:00,7.85,1001.57,99.35
2025-12-24T16:30:27+00:00,7.83,1001.59,99.35
2025-12-24T16:30:42+00:00,7.85,1001.56,99.37
2025-12-24T16:30:57+00:00,7.85,1001.51,99.37
2025-12-24T16:31:12+00:00,7.84,1001.61,99.37
2025-12-24T16:31:27+00:00,7.84,1001.50,99.35
2025-12-24T16:31:42+00:00,7.85,1001.54,99.38
2025-12-24T16:31:57+00:00,7.84,1001.53,99.38
2025-12-24T16:32:12+00:00,7.85,1001.45,99.37
2025-12-24T16:32:27+00:00,7.84,1001.55,99.38
2025-12-24T16:32:42+00:00,7.85,1001.48,99.38
2025-12-24T16:32:57+00:00,7.84,1001.53,99.39
2025-12-24T16:33:12+00:00,7.84,1001.53,99.38
2025-12-24T16:33:27+00:00,7.85,1001.52,99.40
2025-12-24T16:33:42+00:00,7.84,1001.49,99.38
2025-12-24T16:33:57+00:00,7.83,1001.48,99.39
2025-12-24T16:34:12+00:00,7.84,1001.55,99.39
2025-12-24T16:34:27+00:00,7.83,1001.48,99.39
2025-12-24T16:34:42+00:00,7.83,1001.51,99.40
2025-12-24T16:34:57+00:00,7.84,1001.44,99.39
2025-12-24T16:35:12+00:00,7.83,1001.48,99.39
2025-12-24T16:35:27+00:00,7.83,1001.53,99.40
2025-12-24T16:35:42+00:00,7.82,1001.46,99.40
2025-12-24T16:35:57+00:00,7.84,1001.44,99.40
2025-12-24T16:36:12+00:00,7.82,1001.47,99.40
2025-12-24T16:36:27+00:00,7.83,1001.43,99.41
2025-12-24T16:36:42+00:00,7.84,1001.44,99.43
2025-12-24T16:36:57+00:00,7.83,1001.43,99.41
2025-12-24T16:37:12+00:00,7.82,1001.47,99.42
2025-12-24T16:37:27+00:00,7.82,1001.47,99.44
2025-12-24T16:37:42+00:00,7.82,1001.49,99.43
2025-12-24T16:37:57+00:00,7.82,1001.46,99.42
2025-12-24T16:38:12+00:00,7.82,1001.46,99.43
2025-12-24T16:38:27+00:00,7.81,1001.50,99.44
2025-12-24T16:38:42+00:00,7.81,1001.45,99.43
2025-12-24T16:38:57+00:00,7.80,1001.46,99.42
2025-12-24T16:39:12+00:00,7.80,1001.42,99.44
2025-12-24T16:39:27+00:00,7.81,1001.44,99.44
2025-12-24T16:39:42+00:00,7.81,1001.50,99.44
2025-12-24T16:39:57+00:00,7.81,1001.45,99.44
2025-12-24T16:40:12+00:00,7.81,1001.47,99.45
2025-12-24T16:40:27+00:00,7.81,1001.47,99.45
2025-12-24T16:40:42+00:00,7.81,1001.47,99.45
2025-12-24T16:40:57+00:00,7.80,1001.48,99.44
2025-12-24T16:41:12+00:00,7.80,1001.48,99.46
2025-12-24T16:41:27+00:00,7.79,1001.47,99.45
2025-12-24T16:41:42+00:00,7.81,1001.44,99.46
2025-12-24T16:41:57+00:00,7.81,1001.44,99.47
2025-12-24T16:42:12+00:00,7.79,1001.42,99.46
2025-12-24T16:42:27+00:00,7.80,1001.45,99.47
2025-12-24T16:42:42+00:00,7.79,1001.42,99.45
2025-12-24T16:42:57+00:00,7.80,1001.46,99.46
2025-12-24T16:43:12+00:00,7.80,1001.42,99.45
2025-12-24T16:43:27+00:00,7.79,1001.42,99.48
2025-12-24T16:43:42+00:00,7.80,1001.48,99.47
2025-12-24T16:43:57+00:00,7.79,1001.41,99.47
2025-12-24T16:44:12+00:00,7.80,1001.46,99.48
2025-12-24T16:44:27+00:00,7.79,1001.42,99.48
2025-12-24T16:44:42+00:00,7.80,1001.49,99.48
2025-12-24T16:44:57+00:00,7.79,1001.44,99.48
2025-12-24T16:45:12+00:00,7.79,1001.42,99.50
2025-12-24T16:45:27+00:00,7.80,1001.46,99.46
2025-12-24T16:45:42+00:00,7.80,1001.41,99.49
2025-12-24T16:45:57+00:00,7.79,1001.36,99.49
2025-12-24T16:46:12+00:00,7.80,1001.49,99.49
2025-12-24T16:46:27+00:00,7.80,1001.38,99.49
2025-12-24T16:46:42+00:00,7.79,1001.42,99.50
2025-12-24T16:46:57+00:00,7.78,1001.43,99.50
2025-12-24T16:47:12+00:00,7.80,1001.45,99.49
2025-12-24T16:47:27+00:00,7.78,1001.45,99.50
2025-12-24T16:47:42+00:00,7.78,1001.40,99.49
2025-12-24T16:47:57+00:00,7.79,1001.44,99.49
2025-12-24T16:48:12+00:00,7.79,1001.47,99.50
2025-12-24T16:48:27+00:00,7.78,1001.43,99.49
2025-12-24T16:48:42+00:00,7.80,1001.45,99.52
2025-12-24T16:48:57+00:00,7.79,1001.47,99.50
2025-12-24T16:49:12+00:00,7.80,1001.40,99.51
2025-12-24T16:49:27+00:00,7.80,1001.46,99.51
2025-12-24T16:49:42+00:00,7.79,1001.35,99.53
2025-12-24T16:49:57+00:00,7.79,1001.39,99.51
2025-12-24T16:50:12+00:00,7.81,1001.44,99.54
2025-12-24T16:50:27+00:00,7.80,1001.42,99.54
2025-12-24T16:50:42+00:00,7.80,1001.43,99.51
2025-12-24T16:50:57+00:00,7.80,1001.43,99.54
2025-12-24T16:51:12+00:00,7.80,1001.37,99.52
2025-12-24T16:51:27+00:00,7.80,1001.38,99.53
2025-12-24T16:51:42+00:00,7.79,1001.36,99.53
2025-12-24T16:51:57+00:00,7.80,1001.41,99.55
2025-12-24T16:52:12+00:00,7.79,1001.42,99.55
2025-12-24T16:52:27+00:00,7.81,1001.45,99.55
2025-12-24T16:52:42+00:00,7.81,1001.42,99.55
2025-12-24T16:52:57+00:00,7.80,1001.37,99.56
2025-12-24T16:53:12+00:00,7.81,1001.48,99.54
2025-12-24T16:53:27+00:00,7.79,1001.42,99.53
2025-12-24T16:53:42+00:00,7.80,1001.37,99.55
2025-12-24T16:53:57+00:00,7.79,1001.44,99.54
2025-12-24T16:54:12+00:00,7.80,1001.37,99.54
2025-12-24T16:54:27+00:00,7.78,1001.40,99.54
2025-12-24T16:54:42+00:00,7.79,1001.36,99.54
2025-12-24T16:54:57+00:00,7.80,1001.34,99.55
2025-12-24T16:55:12+00:00,7.80,1001.41,99.55
2025-12-24T16:55:27+00:00,7.80,1001.46,99.56
2025-12-24T16:55:42+00:00,7.79,1001.36,99.56
2025-12-24T16:55:57+00:00,7.79,1001.36,99.56
2025-12-24T16:56:12+00:00,7.80,1001.41,99.55
2025-12-24T16:56:27+00:00,7.79,1001.35,99.55
2025-12-24T16:56:42+00:00,7.79,1001.36,99.56
2025-12-24T16:56:57+00:00,7.79,1001.36,99.54
2025-12-24T16:57:12+00:00,7.80,1001.37,99.57
2025-12-24T16:57:27+00:00,7.79,1001.34,99.58
2025-12-24T16:57:42+00:00,7.79,1001.36,99.57
2025-12-24T16:57:57+00:00,7.79,1001.23,99.56
2025-12-24T16:58:12+00:00,7.79,1001.28,99.58
2025-12-24T16:58:27+00:00,7.79,1001.25,99.56
2025-12-24T16:58:42+00:00,7.79,1001.25,99.58
2025-12-24T16:58:57+00:00,7.79,1001.20,99.58
2025-12-24T16:59:12+00:00,7.79,1001.20,99.59
2025-12-24T16:59:27+00:00,7.80,1001.18,99.59
2025-12-24T16:59:42+00:00,7.80,1001.21,99.60
2025-12-24T16:59:57+00:00,7.80,1001.24,99.56
2025-12-24T17:00:12+00:00,7.81,1001.28,99.59
2025-12-24T17:00:27+00:00,7.81,1001.28,99.60
2025-12-24T17:00:42+00:00,7.79,1001.25,99.57
2025-12-24T17:00:57+00:00,7.81,1001.23,99.60
2025-12-24T17:01:12+00:00,7.80,1001.26,99.60
2025-12-24T17:01:27+00:00,7.81,1001.25,99.59
2025-12-24T17:01:42+00:00,7.80,1001.26,99.59
2025-12-24T17:01:57+00:00,7.80,1001.24,99.60
2025-12-24T17:02:12+00:00,7.79,1001.28,99.60
2025-12-24T17:02:27+00:00,7.80,1001.21,99.60
2025-12-24T17:02:42+00:00,7.80,1001.26,99.60
2025-12-24T17:02:57+00:00,7.79,1001.34,99.59
2025-12-24T17:03:12+00:00,7.78,1001.26,99.60
2025-12-24T17:03:27+00:00,7.79,1001.20,99.61
2025-12-24T17:03:42+00:00,7.79,1001.25,99.61
2025-12-24T17:03:57+00:00,7.80,1001.26,99.62
2025-12-24T17:04:12+00:00,7.79,1001.20,99.61
2025-12-24T17:04:27+00:00,7.78,1001.18,99.61
2025-12-24T17:04:42+00:00,7.78,1001.24,99.61
2025-12-24T17:04:57+00:00,7.79,1001.20,99.63
2025-12-24T17:05:12+00:00,7.79,1001.25,99.62
2025-12-24T17:05:27+00:00,7.79,1001.22,99.64
2025-12-24T17:05:42+00:00,7.78,1001.26,99.62
2025-12-24T17:05:57+00:00,7.78,1001.34,99.63
2025-12-24T17:06:12+00:00,7.77,1001.30,99.61
2025-12-24T17:06:27+00:00,7.77,1001.32,99.62
2025-12-24T17:06:42+00:00,7.78,1001.26,99.63
2025-12-24T17:06:57+00:00,7.78,1001.39,99.61
2025-12-24T17:07:12+00:00,7.77,1001.36,99.61
2025-12-24T17:07:27+00:00,7.77,1001.33,99.61
2025-12-24T17:07:42+00:00,7.77,1001.33,99.63
2025-12-24T17:07:57+00:00,7.78,1001.45,99.65
2025-12-24T17:08:12+00:00,7.77,1001.36,99.64
2025-12-24T17:08:27+00:00,7.77,1001.38,99.63
2025-12-24T17:08:42+00:00,7.77,1001.33,99.64
2025-12-24T17:08:57+00:00,7.78,1001.31,99.64
2025-12-24T17:09:12+00:00,7.78,1001.36,99.63
2025-12-24T17:09:27+00:00,7.78,1001.40,99.65
2025-12-24T17:09:42+00:00,7.78,1001.47,99.64
2025-12-24T17:09:57+00:00,7.77,1001.36,99.64
2025-12-24T17:10:12+00:00,7.77,1001.44,99.64
2025-12-24T17:10:27+00:00,7.77,1001.38,99.66
2025-12-24T17:10:42+00:00,7.77,1001.38,99.64
2025-12-24T17:10:57+00:00,7.78,1001.45,99.67
2025-12-24T17:11:12+00:00,7.77,1001.44,99.64
2025-12-24T17:11:27+00:00,7.78,1001.42,99.64
2025-12-24T17:11:42+00:00,7.78,1001.39,99.65
2025-12-24T17:11:57+00:00,7.78,1001.40,99.65
2025-12-24T17:12:12+00:00,7.77,1001.44,99.64
2025-12-24T17:12:27+00:00,7.77,1001.43,99.64
2025-12-24T17:12:42+00:00,7.76,1001.44,99.65
2025-12-24T17:12:57+00:00,7.78,1001.43,99.65
2025-12-24T17:13:12+00:00,7.78,1001.45,99.65
2025-12-24T17:13:27+00:00,7.77,1001.41,99.66
2025-12-24T17:13:42+00:00,7.78,1001.45,99.66
2025-12-24T17:13:57+00:00,7.77,1001.38,99.66
2025-12-24T17:14:12+00:00,7.77,1001.41,99.65
2025-12-24T17:14:27+00:00,7.77,1001.38,99.66
2025-12-24T17:14:42+00:00,7.78,1001.39,99.68
2025-12-24T17:14:57+00:00,7.77,1001.38,99.66
2025-12-24T17:15:12+00:00,7.77,1001.38,99.67
2025-12-24T17:15:27+00:00,7.77,1001.33,99.66
2025-12-24T17:15:42+00:00,7.77,1001.33,99.66
2025-12-24T17:15:57+00:00,7.78,1001.34,99.66
2025-12-24T17:16:12+00:00,7.78,1001.45,99.68
2025-12-24T17:16:27+00:00,7.77,1001.33,99.68
2025-12-24T17:16:42+00:00,7.77,1001.30,99.68
2025-12-24T17:16:57+00:00,7.78,1001.32,99.67
2025-12-24T17:17:12+00:00,7.77,1001.30,99.69
2025-12-24T17:17:27+00:00,7.78,1001.28,99.68
2025-12-24T17:17:42+00:00,7.78,1001.34,99.68
2025-12-24T17:17:57+00:00,7.77,1001.33,99.67
2025-12-24T17:18:12+00:00,7.78,1001.31,99.69
2025-12-24T17:18:27+00:00,7.77,1001.35,99.67
2025-12-24T17:18:42+00:00,7.76,1001.31,99.68
2025-12-24T17:18:57+00:00,7.76,1001.28,99.68
2025-12-24T17:19:12+00:00,7.77,1001.37,99.69
2025-12-24T17:19:27+00:00,7.77,1001.29,99.67
2025-12-24T17:19:42+00:00,7.76,1001.33,99.67
2025-12-24T17:19:57+00:00,7.77,1001.36,99.69
2025-12-24T17:20:12+00:00,7.77,1001.38,99.69
2025-12-24T17:20:27+00:00,7.75,1001.32,99.68
2025-12-24T17:20:42+00:00,7.76,1001.41,99.68
2025-12-24T17:20:57+00:00,7.75,1001.38,99.68
2025-12-24T17:21:12+00:00,7.75,1001.35,99.67
2025-12-24T17:21:27+00:00,7.76,1001.33,99.68
2025-12-24T17:21:42+00:00,7.76,1001.39,99.69
2025-12-24T17:21:57+00:00,7.75,1001.40,99.69
2025-12-24T17:22:12+00:00,7.75,1001.32,99.68
2025-12-24T17:22:27+00:00,7.75,1001.37,99.68
2025-12-24T17:22:42+00:00,7.75,1001.37,99.68
2025-12-24T17:22:57+00:00,7.75,1001.40,99.67
2025-12-24T17:23:12+00:00,7.74,1001.33,99.67
2025-12-24T17:23:27+00:00,7.74,1001.38,99.68
2025-12-24T17:23:42+00:00,7.74,1001.36,99.70
2025-12-24T17:23:57+00:00,7.74,1001.38,99.69
2025-12-24T17:24:12+00:00,7.73,1001.32,99.68
2025-12-24T17:24:27+00:00,7.74,1001.35,99.68
2025-12-24T17:24:42+00:00,7.73,1001.43,99.70
2025-12-24T17:24:57+00:00,7.73,1001.37,99.69
2025-12-24T17:25:12+00:00,7.72,1001.41,99.70
2025-12-24T17:25:27+00:00,7.73,1001.31,99.69
2025-12-24T17:25:42+00:00,7.72,1001.32,99.68
2025-12-24T17:25:57+00:00,7.71,1001.36,99.69
2025-12-24T17:26:12+00:00,7.71,1001.28,99.69
2025-12-24T17:26:27+00:00,7.70,1001.29,99.69
2025-12-24T17:26:42+00:00,7.70,1001.32,99.69
2025-12-24T17:26:57+00:00,7.71,1001.33,99.69
2025-12-24T17:27:12+00:00,7.69,1001.28,99.69
2025-12-24T17:27:27+00:00,7.70,1001.35,99.69
2025-12-24T17:27:42+00:00,7.70,1001.26,99.68
2025-12-24T17:27:57+00:00,7.69,1001.30,99.70
2025-12-24T17:28:12+00:00,7.69,1001.30,99.69
2025-12-24T17:28:27+00:00,7.68,1001.33,99.69
2025-12-24T17:28:42+00:00,7.67,1001.24,99.70
2025-12-24T17:28:57+00:00,7.67,1001.33,99.68
2025-12-24T17:29:12+00:00,7.68,1001.28,99.71
2025-12-24T17:29:27+00:00,7.67,1001.29,99.68
2025-12-24T17:29:42+00:00,7.66,1001.25,99.69
2025-12-24T17:29:57+00:00,7.67,1001.24,99.69
2025-12-24T17:30:12+00:00,7.67,1001.27,99.70
2025-12-24T17:30:27+00:00,7.66,1001.25,99.70
2025-12-24T17:30:42+00:00,7.66,1001.31,99.68
2025-12-24T17:30:57+00:00,7.67,1001.30,99.68
2025-12-24T17:31:12+00:00,7.65,1001.24,99.70
2025-12-24T17:31:27+00:00,7.65,1001.29,99.69
2025-12-24T17:31:42+00:00,7.65,1001.29,99.69
2025-12-24T17:31:57+00:00,7.65,1001.35,99.70
2025-12-24T17:32:12+00:00,7.65,1001.31,99.70
2025-12-24T17:32:27+00:00,7.65,1001.31,99.71
2025-12-24T17:32:42+00:00,7.64,1001.22,99.69
2025-12-24T17:32:57+00:00,7.64,1001.30,99.70
2025-12-24T17:33:12+00:00,7.64,1001.27,99.71
2025-12-24T17:33:27+00:00,7.63,1001.29,99.69
2025-12-24T17:33:42+00:00,7.62,1001.37,99.70
2025-12-24T17:33:57+00:00,7.62,1001.29,99.69
2025-12-24T17:34:12+00:00,7.62,1001.30,99.71
2025-12-24T17:34:27+00:00,7.61,1001.25,99.69
2025-12-24T17:34:42+00:00,7.61,1001.33,99.70
2025-12-24T17:34:57+00:00,7.61,1001.33,99.71
2025-12-24T17:35:12+00:00,7.60,1001.28,99.68
2025-12-24T17:35:27+00:00,7.60,1001.32,99.68
2025-12-24T17:35:42+00:00,7.60,1001.34,99.69
2025-12-24T17:35:57+00:00,7.58,1001.31,99.70
2025-12-24T17:36:12+00:00,7.58,1001.28,99.68
2025-12-24T17:36:27+00:00,7.58,1001.34,99.68
2025-12-24T17:36:42+00:00,7.57,1001.32,99.68
2025-12-24T17:36:57+00:00,7.57,1001.31,99.69
2025-12-24T17:37:12+00:00,7.56,1001.30,99.67
2025-12-24T17:37:27+00:00,7.56,1001.24,99.68
2025-12-24T17:37:42+00:00,7.55,1001.37,99.69
2025-12-24T17:37:57+00:00,7.54,1001.39,99.69
2025-12-24T17:38:12+00:00,7.56,1001.38,99.68
2025-12-24T17:38:27+00:00,7.54,1001.35,99.67
2025-12-24T17:38:42+00:00,7.53,1001.34,99.69
2025-12-24T17:38:57+00:00,7.53,1001.36,99.68
2025-12-24T17:39:12+00:00,7.52,1001.32,99.68
2025-12-24T17:39:27+00:00,7.52,1001.32,99.68
2025-12-24T17:39:42+00:00,7.52,1001.35,99.69
2025-12-24T17:39:57+00:00,7.51,1001.36,99.67
2025-12-24T17:40:12+00:00,7.51,1001.31,99.69
2025-12-24T17:40:27+00:00,7.51,1001.33,99.67
2025-12-24T17:40:42+00:00,7.50,1001.30,99.67
2025-12-24T17:40:57+00:00,7.50,1001.34,99.68
2025-12-24T17:41:12+00:00,7.50,1001.31,99.68
2025-12-24T17:41:27+00:00,7.49,1001.32,99.68
2025-12-24T17:41:42+00:00,7.49,1001.32,99.66
2025-12-24T17:41:57+00:00,7.48,1001.34,99.69
2025-12-24T17:42:12+00:00,7.48,1001.34,99.66
2025-12-24T17:42:27+00:00,7.47,1001.32,99.68
2025-12-24T17:42:42+00:00,7.46,1001.36,99.66
2025-12-24T17:42:57+00:00,7.46,1001.28,99.66
2025-12-24T17:43:12+00:00,7.46,1001.39,99.66
2025-12-24T17:43:27+00:00,7.45,1001.35,99.67
2025-12-24T17:43:42+00:00,7.45,1001.34,99.66
2025-12-24T17:43:57+00:00,7.45,1001.34,99.67
2025-12-24T17:44:12+00:00,7.45,1001.34,99.66
2025-12-24T17:44:27+00:00,7.45,1001.39,99.66
2025-12-24T17:44:42+00:00,7.45,1001.37,99.66
2025-12-24T17:44:57+00:00,7.43,1001.31,99.66
2025-12-24T17:45:12+00:00,7.42,1001.32,99.66
2025-12-24T17:45:27+00:00,7.43,1001.31,99.67
2025-12-24T17:45:42+00:00,7.42,1001.38,99.65
2025-12-24T17:45:57+00:00,7.43,1001.33,99.67
2025-12-24T17:46:12+00:00,7.40,1001.32,99.65
2025-12-24T17:46:27+00:00,7.41,1001.34,99.66
2025-12-24T17:46:42+00:00,7.42,1001.45,99.65
2025-12-24T17:46:57+00:00,7.40,1001.37,99.67
2025-12-24T17:47:12+00:00,7.39,1001.36,99.67
2025-12-24T17:47:27+00:00,7.38,1001.39,99.65
2025-12-24T17:47:42+00:00,7.37,1001.35,99.65
2025-12-24T17:47:57+00:00,7.38,1001.41,99.65
2025-12-24T17:48:12+00:00,7.37,1001.42,99.65
2025-12-24T17:48:27+00:00,7.36,1001.46,99.65
2025-12-24T17:48:42+00:00,7.34,1001.44,99.65
2025-12-24T17:48:57+00:00,7.36,1001.41,99.65
2025-12-24T17:49:12+00:00,7.34,1001.41,99.63
2025-12-24T17:49:27+00:00,7.35,1001.39,99.65
2025-12-24T17:49:42+00:00,7.34,1001.37,99.66
2025-12-24T17:49:57+00:00,7.33,1001.42,99.63
2025-12-24T17:50:12+00:00,7.32,1001.45,99.63
2025-12-24T17:50:27+00:00,7.31,1001.39,99.65
2025-12-24T17:50:42+00:00,7.30,1001.42,99.64
2025-12-24T17:50:57+00:00,7.30,1001.40,99.64
2025-12-24T17:51:12+00:00,7.30,1001.42,99.62
2025-12-24T17:51:27+00:00,7.29,1001.43,99.63
2025-12-24T17:51:42+00:00,7.29,1001.45,99.64
2025-12-24T17:51:57+00:00,7.28,1001.39,99.64
2025-12-24T17:52:12+00:00,7.28,1001.44,99.64
2025-12-24T17:52:27+00:00,7.28,1001.46,99.64
2025-12-24T17:52:42+00:00,7.27,1001.42,99.64
2025-12-24T17:52:57+00:00,7.26,1001.46,99.62
2025-12-24T17:53:12+00:00,7.26,1001.48,99.64
2025-12-24T17:53:27+00:00,7.26,1001.54,99.62
2025-12-24T17:53:42+00:00,7.25,1001.44,99.62
2025-12-24T17:53:57+00:00,7.23,1001.46,99.63
2025-12-24T17:54:12+00:00,7.22,1001.51,99.61
2025-12-24T17:54:27+00:00,7.22,1001.51,99.61
2025-12-24T17:54:42+00:00,7.22,1001.51,99.62
2025-12-24T17:54:57+00:00,7.21,1001.46,99.62
2025-12-24T17:55:12+00:00,7.21,1001.54,99.60
2025-12-24T17:55:27+00:00,7.20,1001.49,99.60
2025-12-24T17:55:42+00:00,7.19,1001.48,99.61
2025-12-24T17:55:57+00:00,7.19,1001.48,99.61
2025-12-24T17:56:12+00:00,7.18,1001.52,99.60
2025-12-24T17:56:27+00:00,7.17,1001.53,99.59
2025-12-24T17:56:42+00:00,7.17,1001.47,99.59
2025-12-24T17:56:57+00:00,7.16,1001.57,99.59
2025-12-24T17:57:12+00:00,7.15,1001.53,99.59
2025-12-24T17:57:27+00:00,7.15,1001.47,99.61
2025-12-24T17:57:42+00:00,7.14,1001.55,99.60
2025-12-24T17:57:57+00:00,7.14,1001.55,99.60
2025-12-24T17:58:12+00:00,7.13,1001.47,99.58
2025-12-24T17:58:27+00:00,7.14,1001.53,99.59
2025-12-24T17:58:42+00:00,7.15,1001.49,99.59
2025-12-24T17:58:57+00:00,7.13,1001.47,99.58
2025-12-24T17:59:12+00:00,7.13,1001.49,99.58
2025-12-24T17:59:27+00:00,7.13,1001.52,99.58
2025-12-24T17:59:42+00:00,7.13,1001.54,99.58
2025-12-24T17:59:57+00:00,7.11,1001.54,99.58
2025-12-24T18:00:12+00:00,7.12,1001.58,99.58
2025-12-24T18:00:27+00:00,7.13,1001.51,99.60
2025-12-24T18:00:42+00:00,7.13,1001.62,99.59
2025-12-24T18:00:57+00:00,7.12,1001.55,99.60
2025-12-24T18:01:12+00:00,7.13,1001.51,99.59
2025-12-24T18:01:27+00:00,7.12,1001.47,99.58
2025-12-24T18:01:42+00:00,7.12,1001.49,99.61
2025-12-24T18:01:57+00:00,7.11,1001.45,99.60
2025-12-24T18:02:12+00:00,7.11,1001.53,99.59
2025-12-24T18:02:27+00:00,7.11,1001.45,99.57
2025-12-24T18:02:42+00:00,7.11,1001.40,99.60
2025-12-24T18:02:57+00:00,7.09,1001.47,99.58
2025-12-24T18:03:12+00:00,7.07,1001.37,99.58
2025-12-24T18:03:27+00:00,7.08,1001.43,99.58
2025-12-24T18:03:42+00:00,7.08,1001.46,99.58
2025-12-24T18:03:57+00:00,7.07,1001.39,99.58
2025-12-24T18:04:12+00:00,7.06,1001.38,99.56
2025-12-24T18:04:27+00:00,7.05,1001.39,99.57
2025-12-24T18:04:42+00:00,7.05,1001.32,99.57
2025-12-24T18:04:57+00:00,7.04,1001.34,99.56
2025-12-24T18:05:12+00:00,7.02,1001.41,99.56
2025-12-24T18:05:27+00:00,7.01,1001.46,99.56
2025-12-24T18:05:42+00:00,7.00,1001.33,99.54
2025-12-24T18:05:57+00:00,7.00,1001.40,99.55
2025-12-24T18:06:12+00:00,6.99,1001.36,99.55
2025-12-24T18:06:27+00:00,6.98,1001.37,99.55
2025-12-24T18:06:42+00:00,6.96,1001.28,99.54
2025-12-24T18:06:57+00:00,6.96,1001.40,99.54
2025-12-24T18:07:12+00:00,6.95,1001.37,99.53
2025-12-24T18:07:27+00:00,6.95,1001.37,99.54
2025-12-24T18:07:42+00:00,6.94,1001.42,99.52
2025-12-24T18:07:57+00:00,6.92,1001.49,99.52
2025-12-24T18:08:12+00:00,6.92,1001.43,99.51
2025-12-24T18:08:27+00:00,6.92,1001.41,99.54
2025-12-24T18:08:42+00:00,6.91,1001.42,99.51
2025-12-24T18:08:57+00:00,6.90,1001.38,99.52
2025-12-24T18:09:12+00:00,6.89,1001.41,99.51
2025-12-24T18:09:27+00:00,6.88,1001.37,99.51
2025-12-24T18:09:42+00:00,6.88,1001.42,99.50
2025-12-24T18:09:57+00:00,6.87,1001.38,99.51
2025-12-24T18:10:12+00:00,6.87,1001.40,99.51
2025-12-24T18:10:27+00:00,6.86,1001.37,99.50
2025-12-24T18:10:42+00:00,6.85,1001.32,99.49
2025-12-24T18:10:57+00:00,6.85,1001.37,99.49
2025-12-24T18:11:12+00:00,6.83,1001.40,99.50
2025-12-24T18:11:27+00:00,6.84,1001.41,99.51
2025-12-24T18:11:42+00:00,6.82,1001.38,99.50
2025-12-24T18:11:57+00:00,6.82,1001.37,99.48
2025-12-24T18:12:12+00:00,6.81,1001.37,99.49
2025-12-24T18:12:27+00:00,6.81,1001.30,99.49
2025-12-24T18:12:42+00:00,6.79,1001.29,99.49
2025-12-24T18:12:57+00:00,6.78,1001.38,99.50
2025-12-24T18:13:12+00:00,6.79,1001.34,99.46
2025-12-24T18:13:27+00:00,6.78,1001.24,99.47
2025-12-24T18:13:42+00:00,6.77,1001.25,99.47
2025-12-24T18:13:57+00:00,6.77,1001.33,99.48
2025-12-24T18:14:12+00:00,6.75,1001.27,99.48
2025-12-24T18:14:27+00:00,6.73,1001.30,99.44
2025-12-24T18:14:42+00:00,6.74,1001.30,99.46
2025-12-24T18:14:57+00:00,6.73,1001.30,99.47
2025-12-24T18:15:12+00:00,6.73,1001.34,99.47
2025-12-24T18:15:27+00:00,6.71,1001.25,99.47
2025-12-24T18:15:42+00:00,6.70,1001.22,99.46
2025-12-24T18:15:57+00:00,6.70,1001.21,99.45
2025-12-24T18:16:12+00:00,6.69,1001.23,99.44
2025-12-24T18:16:27+00:00,6.69,1001.23,99.46
2025-12-24T18:16:42+00:00,6.68,1001.26,99.44
2025-12-24T18:16:57+00:00,6.66,1001.23,99.43
2025-12-24T18:17:12+00:00,6.66,1001.23,99.43
2025-12-24T18:17:27+00:00,6.66,1001.34,99.43
2025-12-24T18:17:42+00:00,6.65,1001.26,99.43
2025-12-24T18:17:57+00:00,6.65,1001.24,99.44
2025-12-24T18:18:12+00:00,6.65,1001.24,99.43
2025-12-24T18:18:27+00:00,6.64,1001.25,99.43
2025-12-24T18:18:42+00:00,6.64,1001.22,99.42
2025-12-24T18:18:57+00:00,6.63,1001.35,99.42
2025-12-24T18:19:12+00:00,6.62,1001.33,99.44
2025-12-24T18:19:27+00:00,6.61,1001.37,99.42
2025-12-24T18:19:42+00:00,6.62,1001.33,99.42
2025-12-24T18:19:57+00:00,6.62,1001.38,99.41
2025-12-24T18:20:12+00:00,6.62,1001.29,99.42
2025-12-24T18:20:27+00:00,6.60,1001.38,99.41
2025-12-24T18:20:42+00:00,6.60,1001.38,99.42
2025-12-24T18:20:57+00:00,6.59,1001.30,99.42
2025-12-24T18:21:12+00:00,6.59,1001.36,99.41
2025-12-24T18:21:27+00:00,6.58,1001.37,99.41
2025-12-24T18:21:42+00:00,6.58,1001.42,99.41
2025-12-24T18:21:57+00:00,6.58,1001.44,99.41
2025-12-24T18:22:12+00:00,6.57,1001.35,99.39
2025-12-24T18:22:27+00:00,6.56,1001.34,99.40
2025-12-24T18:22:42+00:00,6.56,1001.38,99.41
2025-12-24T18:22:57+00:00,6.55,1001.47,99.40
2025-12-24T18:23:12+00:00,6.54,1001.41,99.40
2025-12-24T18:23:27+00:00,6.53,1001.42,99.39
2025-12-24T18:23:42+00:00,6.54,1001.47,99.40
2025-12-24T18:23:57+00:00,6.53,1001.40,99.40
2025-12-24T18:24:12+00:00,6.52,1001.41,99.41
2025-12-24T18:24:27+00:00,6.51,1001.46,99.41
2025-12-24T18:24:42+00:00,6.50,1001.45,99.40
2025-12-24T18:24:57+00:00,6.51,1001.47,99.40
2025-12-24T18:25:12+00:00,6.50,1001.39,99.41
2025-12-24T18:25:27+00:00,6.48,1001.50,99.38
2025-12-24T18:25:42+00:00,6.48,1001.45,99.38
2025-12-24T18:25:57+00:00,6.46,1001.50,99.38
2025-12-24T18:26:12+00:00,6.46,1001.46,99.39
2025-12-24T18:26:27+00:00,6.46,1001.54,99.41
2025-12-24T18:26:42+00:00,6.45,1001.48,99.37
2025-12-24T18:26:57+00:00,6.44,1001.38,99.39
2025-12-24T18:27:12+00:00,6.45,1001.43,99.39
2025-12-24T18:27:27+00:00,6.44,1001.46,99.39
2025-12-24T18:27:42+00:00,6.44,1001.52,99.37
2025-12-24T18:27:57+00:00,6.43,1001.47,99.39
2025-12-24T18:28:12+00:00,6.43,1001.50,99.37
2025-12-24T18:28:27+00:00,6.43,1001.50,99.37
2025-12-24T18:28:42+00:00,6.42,1001.54,99.36
2025-12-24T18:28:57+00:00,6.41,1001.47,99.36
2025-12-24T18:29:12+00:00,6.41,1001.47,99.37
2025-12-24T18:29:27+00:00,6.41,1001.40,99.36
2025-12-24T18:29:42+00:00,6.41,1001.44,99.37
2025-12-24T18:29:57+00:00,6.41,1001.51,99.34
2025-12-24T18:30:12+00:00,6.40,1001.47,99.36
2025-12-24T18:30:27+00:00,6.40,1001.53,99.36
2025-12-24T18:30:42+00:00,6.39,1001.49,99.37
2025-12-24T18:30:57+00:00,6.39,1001.48,99.37
2025-12-24T18:31:12+00:00,6.40,1001.50,99.36
2025-12-24T18:31:27+00:00,6.39,1001.40,99.38
2025-12-24T18:31:42+00:00,6.38,1001.47,99.37
2025-12-24T18:31:57+00:00,6.37,1001.45,99.34
2025-12-24T18:32:12+00:00,6.37,1001.45,99.34
2025-12-24T18:32:27+00:00,6.37,1001.51,99.35
2025-12-24T18:32:42+00:00,6.37,1001.54,99.35
2025-12-24T18:32:57+00:00,6.37,1001.50,99.34
2025-12-24T18:33:12+00:00,6.35,1001.45,99.36
2025-12-24T18:33:27+00:00,6.35,1001.50,99.34
2025-12-24T18:33:42+00:00,6.36,1001.46,99.36
2025-12-24T18:33:57+00:00,6.36,1001.46,99.35
2025-12-24T18:34:12+00:00,6.35,1001.47,99.35
2025-12-24T18:34:27+00:00,6.35,1001.37,99.34
2025-12-24T18:34:42+00:00,6.34,1001.43,99.34
2025-12-24T18:34:57+00:00,6.35,1001.41,99.35
2025-12-24T18:35:12+00:00,6.34,1001.40,99.34
2025-12-24T18:35:27+00:00,6.34,1001.43,99.35
2025-12-24T18:35:42+00:00,6.34,1001.42,99.33
2025-12-24T18:35:57+00:00,6.32,1001.45,99.34
2025-12-24T18:36:12+00:00,6.33,1001.51,99.34
2025-12-24T18:36:27+00:00,6.32,1001.45,99.32
2025-12-24T18:36:42+00:00,6.33,1001.54,99.32
2025-12-24T18:36:57+00:00,6.32,1001.51,99.30
2025-12-24T18:37:12+00:00,6.31,1001.52,99.32
2025-12-24T18:37:27+00:00,6.31,1001.56,99.30
2025-12-24T18:37:42+00:00,6.31,1001.52,99.30
2025-12-24T18:37:57+00:00,6.31,1001.52,99.30
2025-12-24T18:38:12+00:00,6.30,1001.45,99.32
2025-12-24T18:38:27+00:00,6.30,1001.53,99.30
2025-12-24T18:38:42+00:00,6.31,1001.54,99.30
2025-12-24T18:38:57+00:00,6.29,1001.54,99.30
2025-12-24T18:39:12+00:00,6.30,1001.52,99.30
2025-12-24T18:39:27+00:00,6.29,1001.54,99.30
2025-12-24T18:39:42+00:00,6.31,1001.57,99.29
2025-12-24T18:39:57+00:00,6.29,1001.54,99.30
2025-12-24T18:40:12+00:00,6.30,1001.55,99.29
2025-12-24T18:40:27+00:00,6.29,1001.54,99.28
2025-12-24T18:40:42+00:00,6.29,1001.54,99.31
2025-12-24T18:40:57+00:00,6.27,1001.56,99.29
2025-12-24T18:41:12+00:00,6.28,1001.59,99.29
2025-12-24T18:41:27+00:00,6.28,1001.59,99.29
2025-12-24T18:41:42+00:00,6.27,1001.67,99.29
2025-12-24T18:41:57+00:00,6.27,1001.59,99.29
2025-12-24T18:42:12+00:00,6.27,1001.58,99.30
2025-12-24T18:42:27+00:00,6.27,1001.59,99.28
2025-12-24T18:42:42+00:00,6.27,1001.66,99.28
2025-12-24T18:42:57+00:00,6.27,1001.64,99.28
2025-12-24T18:43:12+00:00,6.29,1001.59,99.28
2025-12-24T18:43:27+00:00,6.29,1001.59,99.29
2025-12-24T18:43:42+00:00,6.30,1001.63,99.30
2025-12-24T18:43:57+00:00,6.30,1001.63,99.30
2025-12-24T18:44:12+00:00,6.31,1001.59,99.30
2025-12-24T18:44:27+00:00,6.31,1001.65,99.29
2025-12-24T18:44:42+00:00,6.31,1001.65,99.30
2025-12-24T18:44:57+00:00,6.31,1001.68,99.31
2025-12-24T18:45:12+00:00,6.32,1001.61,99.29
2025-12-24T18:45:27+00:00,6.33,1001.70,99.30
2025-12-24T18:45:42+00:00,6.32,1001.75,99.30
2025-12-24T18:45:57+00:00,6.33,1001.71,99.30
2025-12-24T18:46:12+00:00,6.33,1001.65,99.29
2025-12-24T18:46:27+00:00,6.32,1001.70,99.30
2025-12-24T18:46:42+00:00,6.32,1001.75,99.31
2025-12-24T18:46:57+00:00,6.32,1001.63,99.31
2025-12-24T18:47:12+00:00,6.33,1001.76,99.30
2025-12-24T18:47:27+00:00,6.33,1001.71,99.30
2025-12-24T18:47:42+00:00,6.33,1001.71,99.29
2025-12-24T18:47:57+00:00,6.34,1001.73,99.30
2025-12-24T18:48:12+00:00,6.35,1001.64,99.30
2025-12-24T18:48:27+00:00,6.35,1001.66,99.29
2025-12-24T18:48:42+00:00,6.36,1001.70,99.30
2025-12-24T18:48:57+00:00,6.36,1001.65,99.30
2025-12-24T18:49:12+00:00,6.36,1001.71,99.30
2025-12-24T18:49:27+00:00,6.37,1001.70,99.30
2025-12-24T18:49:42+00:00,6.36,1001.68,99.31
2025-12-24T18:49:57+00:00,6.36,1001.68,99.31
2025-12-24T18:50:12+00:00,6.37,1001.67,99.31
2025-12-24T18:50:27+00:00,6.37,1001.72,99.32
2025-12-24T18:50:42+00:00,6.38,1001.73,99.32
2025-12-24T18:50:57+00:00,6.38,1001.69,99.31
2025-12-24T18:51:12+00:00,6.38,1001.81,99.31
2025-12-24T18:51:27+00:00,6.39,1001.75,99.32
2025-12-24T18:51:42+00:00,6.38,1001.74,99.31
2025-12-24T18:51:57+00:00,6.38,1001.73,99.32
2025-12-24T18:52:12+00:00,6.39,1001.78,99.31
2025-12-24T18:52:27+00:00,6.39,1001.81,99.31
2025-12-24T18:52:42+00:00,6.38,1001.81,99.31
2025-12-24T18:52:57+00:00,6.38,1001.82,99.32
2025-12-24T18:53:12+00:00,6.39,1001.86,99.32
2025-12-24T18:53:27+00:00,6.40,1001.82,99.31
2025-12-24T18:53:42+00:00,6.41,1001.78,99.30
2025-12-24T18:53:57+00:00,6.40,1001.80,99.30
2025-12-24T18:54:12+00:00,6.41,1001.87,99.31
2025-12-24T18:54:27+00:00,6.42,1001.86,99.30
2025-12-24T18:54:42+00:00,6.42,1001.86,99.30
2025-12-24T18:54:57+00:00,6.44,1001.89,99.30
2025-12-24T18:55:12+00:00,6.42,1001.83,99.30
2025-12-24T18:55:27+00:00,6.43,1001.87,99.30
2025-12-24T18:55:42+00:00,6.43,1001.88,99.31
2025-12-24T18:55:57+00:00,6.43,1001.91,99.32
2025-12-24T18:56:12+00:00,6.43,1001.91,99.32
2025-12-24T18:56:27+00:00,6.43,1001.92,99.30
2025-12-24T18:56:42+00:00,6.43,1001.93,99.31
2025-12-24T18:56:57+00:00,6.43,1001.92,99.30
2025-12-24T18:57:12+00:00,6.42,1001.91,99.31
2025-12-24T18:57:27+00:00,6.44,1001.99,99.30
2025-12-24T18:57:42+00:00,6.44,1002.00,99.30
2025-12-24T18:57:57+00:00,6.43,1001.96,99.31
2025-12-24T18:58:12+00:00,6.43,1001.99,99.32
2025-12-24T18:58:27+00:00,6.44,1001.95,99.29
2025-12-24T18:58:42+00:00,6.44,1001.98,99.30
2025-12-24T18:58:57+00:00,6.45,1001.96,99.31
2025-12-24T18:59:12+00:00,6.46,1001.93,99.31
2025-12-24T18:59:27+00:00,6.46,1002.00,99.31
2025-12-24T18:59:42+00:00,6.47,1001.99,99.32
2025-12-24T18:59:57+00:00,6.47,1001.96,99.32
2025-12-24T19:00:12+00:00,6.46,1002.04,99.31
2025-12-24T19:00:27+00:00,6.46,1002.06,99.32
2025-12-24T19:00:42+00:00,6.47,1002.00,99.31
2025-12-24T19:00:57+00:00,6.47,1002.03,99.32
2025-12-24T19:01:12+00:00,6.48,1002.07,99.30
2025-12-24T19:01:27+00:00,6.48,1002.06,99.34
2025-12-24T19:01:42+00:00,6.48,1002.07,99.32
2025-12-24T19:01:57+00:00,6.49,1002.03,99.33
2025-12-24T19:02:12+00:00,6.49,1002.11,99.34
2025-12-24T19:02:27+00:00,6.50,1001.99,99.35
2025-12-24T19:02:42+00:00,6.51,1002.07,99.35
2025-12-24T19:02:57+00:00,6.51,1002.07,99.36
2025-12-24T19:03:12+00:00,6.52,1002.08,99.34
2025-12-24T19:03:27+00:00,6.52,1002.05,99.35
2025-12-24T19:03:42+00:00,6.52,1002.08,99.35
2025-12-24T19:03:57+00:00,6.52,1002.03,99.34
2025-12-24T19:04:12+00:00,6.52,1002.05,99.35
2025-12-24T19:04:27+00:00,6.53,1002.10,99.37
2025-12-24T19:04:42+00:00,6.54,1002.12,99.37
2025-12-24T19:04:57+00:00,6.54,1002.14,99.38
2025-12-24T19:05:12+00:00,6.54,1002.11,99.38
2025-12-24T19:05:27+00:00,6.54,1002.06,99.40
2025-12-24T19:05:42+00:00,6.54,1002.06,99.38
2025-12-24T19:05:57+00:00,6.54,1002.09,99.37
2025-12-24T19:06:12+00:00,6.55,1002.08,99.39
2025-12-24T19:06:27+00:00,6.56,1002.09,99.38
2025-12-24T19:06:42+00:00,6.57,1002.14,99.39
2025-12-24T19:06:57+00:00,6.59,1002.19,99.39
2025-12-24T19:07:12+00:00,6.59,1002.20,99.40
2025-12-24T19:07:27+00:00,6.59,1002.25,99.41
2025-12-24T19:07:42+00:00,6.60,1002.21,99.41
2025-12-24T19:07:57+00:00,6.61,1002.20,99.42
2025-12-24T19:08:12+00:00,6.61,1002.17,99.42
2025-12-24T19:08:27+00:00,6.61,1002.26,99.40
2025-12-24T19:08:42+00:00,6.61,1002.23,99.42
2025-12-24T19:08:57+00:00,6.61,1002.26,99.41
2025-12-24T19:09:12+00:00,6.62,1002.29,99.42
2025-12-24T19:09:27+00:00,6.62,1002.21,99.42
2025-12-24T19:09:42+00:00,6.62,1002.28,99.42
2025-12-24T19:09:57+00:00,6.63,1002.26,99.42
2025-12-24T19:10:12+00:00,6.63,1002.28,99.41
2025-12-24T19:10:27+00:00,6.65,1002.32,99.43
2025-12-24T19:10:42+00:00,6.64,1002.25,99.44
2025-12-24T19:10:57+00:00,6.64,1002.31,99.45
2025-12-24T19:11:12+00:00,6.66,1002.39,99.43
2025-12-24T19:11:27+00:00,6.65,1002.37,99.44
2025-12-24T19:11:42+00:00,6.65,1002.41,99.45
2025-12-24T19:11:57+00:00,6.65,1002.42,99.44
2025-12-24T19:12:12+00:00,6.66,1002.41,99.45
2025-12-24T19:12:27+00:00,6.67,1002.49,99.46
2025-12-24T19:12:42+00:00,6.67,1002.41,99.47
2025-12-24T19:12:57+00:00,6.69,1002.55,99.47
2025-12-24T19:13:12+00:00,6.70,1002.44,99.45
2025-12-24T19:13:27+00:00,6.70,1002.49,99.45
2025-12-24T19:13:42+00:00,6.71,1002.47,99.45
2025-12-24T19:13:57+00:00,6.71,1002.47,99.44
2025-12-24T19:14:12+00:00,6.71,1002.45,99.46
2025-12-24T19:14:27+00:00,6.72,1002.47,99.46
2025-12-24T19:14:42+00:00,6.73,1002.46,99.44
2025-12-24T19:14:57+00:00,6.73,1002.40,99.46
2025-12-24T19:15:12+00:00,6.75,1002.48,99.45
2025-12-24T19:15:27+00:00,6.75,1002.52,99.46
2025-12-24T19:15:42+00:00,6.76,1002.43,99.48
2025-12-24T19:15:57+00:00,6.78,1002.45,99.48
2025-12-24T19:16:12+00:00,6.80,1002.57,99.48
2025-12-24T19:16:27+00:00,6.79,1002.40,99.50
2025-12-24T19:16:42+00:00,6.84,1002.44,99.51
2025-12-24T19:16:57+00:00,6.86,1002.40,99.53
2025-12-24T19:17:12+00:00,6.92,1002.55,99.55
2025-12-24T19:17:27+00:00,6.94,1002.47,99.56
2025-12-24T19:17:42+00:00,6.95,1002.52,99.56
2025-12-24T19:17:57+00:00,6.96,1002.51,99.54
2025-12-24T19:18:12+00:00,6.97,1002.49,99.55
2025-12-24T19:18:27+00:00,6.98,1002.48,99.56
2025-12-24T19:18:42+00:00,6.98,1002.53,99.55
2025-12-24T19:18:57+00:00,6.97,1002.50,99.54
2025-12-24T19:19:12+00:00,6.97,1002.52,99.54
2025-12-24T19:19:27+00:00,6.97,1002.57,99.51
2025-12-24T19:19:42+00:00,6.97,1002.57,99.53
2025-12-24T19:19:57+00:00,6.97,1002.54,99.54
2025-12-24T19:20:12+00:00,6.96,1002.51,99.54
2025-12-24T19:20:27+00:00,6.94,1002.50,99.53
2025-12-24T19:20:42+00:00,6.95,1002.52,99.53
2025-12-24T19:20:57+00:00,6.95,1002.48,99.55
2025-12-24T19:21:12+00:00,6.94,1002.41,99.52
2025-12-24T19:21:27+00:00,6.94,1002.47,99.53
2025-12-24T19:21:42+00:00,6.93,1002.45,99.55
2025-12-24T19:21:57+00:00,6.94,1002.47,99.53
2025-12-24T19:22:12+00:00,6.92,1002.44,99.53
2025-12-24T19:22:27+00:00,6.92,1002.52,99.50
2025-12-24T19:22:42+00:00,6.93,1002.56,99.52
2025-12-24T19:22:57+00:00,6.92,1002.49,99.53
2025-12-24T19:23:12+00:00,6.92,1002.55,99.54
2025-12-24T19:23:27+00:00,6.93,1002.53,99.53
2025-12-24T19:23:42+00:00,6.92,1002.55,99.53
2025-12-24T19:23:57+00:00,6.92,1002.49,99.55
2025-12-24T19:24:12+00:00,6.92,1002.50,99.54
2025-12-24T19:24:27+00:00,6.92,1002.55,99.54
2025-12-24T19:24:42+00:00,6.92,1002.58,99.54
2025-12-24T19:24:57+00:00,6.93,1002.56,99.54
2025-12-24T19:25:12+00:00,6.93,1002.48,99.54
2025-12-24T19:25:27+00:00,6.93,1002.48,99.54
2025-12-24T19:25:42+00:00,6.93,1002.57,99.55
2025-12-24T19:25:57+00:00,6.93,1002.54,99.54
2025-12-24T19:26:12+00:00,6.94,1002.52,99.55
2025-12-24T19:26:27+00:00,6.93,1002.48,99.56
2025-12-24T19:26:42+00:00,6.94,1002.49,99.56
2025-12-24T19:26:57+00:00,6.94,1002.50,99.55
2025-12-24T19:27:12+00:00,6.95,1002.49,99.56
2025-12-24T19:27:27+00:00,6.94,1002.49,99.55
2025-12-24T19:27:42+00:00,6.94,1002.52,99.56
2025-12-24T19:27:57+00:00,6.93,1002.46,99.55
2025-12-24T19:28:12+00:00,6.95,1002.51,99.55
2025-12-24T19:28:27+00:00,6.93,1002.53,99.55
2025-12-24T19:28:42+00:00,6.94,1002.55,99.55
2025-12-24T19:28:57+00:00,6.94,1002.55,99.56
2025-12-24T19:29:12+00:00,6.92,1002.50,99.57
2025-12-24T19:29:27+00:00,6.93,1002.53,99.55
2025-12-24T19:29:42+00:00,6.92,1002.52,99.56
2025-12-24T19:29:57+00:00,6.92,1002.58,99.55
2025-12-24T19:30:12+00:00,6.93,1002.48,99.57
2025-12-24T19:30:27+00:00,6.92,1002.51,99.57
2025-12-24T19:30:42+00:00,6.92,1002.51,99.55
2025-12-24T19:30:57+00:00,6.92,1002.54,99.58
2025-12-24T19:31:12+00:00,6.92,1002.51,99.57
2025-12-24T19:31:27+00:00,6.91,1002.56,99.56
2025-12-24T19:31:42+00:00,6.92,1002.57,99.57
2025-12-24T19:31:57+00:00,6.91,1002.55,99.57
2025-12-24T19:32:12+00:00,6.91,1002.56,99.57
2025-12-24T19:32:27+00:00,6.91,1002.53,99.56
2025-12-24T19:32:42+00:00,6.91,1002.51,99.59
2025-12-24T19:32:57+00:00,6.91,1002.63,99.57
2025-12-24T19:33:12+00:00,6.91,1002.55,99.59
2025-12-24T19:33:27+00:00,6.91,1002.59,99.57
2025-12-24T19:33:42+00:00,6.91,1002.61,99.60
2025-12-24T19:33:57+00:00,6.91,1002.56,99.59
2025-12-24T19:34:12+00:00,6.91,1002.66,99.58
2025-12-24T19:34:27+00:00,6.91,1002.67,99.59
2025-12-24T19:34:42+00:00,6.90,1002.57,99.59
2025-12-24T19:34:57+00:00,6.91,1002.61,99.59
2025-12-24T19:35:12+00:00,6.91,1002.58,99.58
2025-12-24T19:35:27+00:00,6.91,1002.61,99.60
2025-12-24T19:35:42+00:00,6.92,1002.60,99.60
2025-12-24T19:35:57+00:00,6.92,1002.60,99.59
2025-12-24T19:36:12+00:00,6.92,1002.63,99.60
2025-12-24T19:36:27+00:00,6.91,1002.64,99.61
2025-12-24T19:36:42+00:00,6.92,1002.58,99.59
2025-12-24T19:36:57+00:00,6.93,1002.64,99.61
2025-12-24T19:37:12+00:00,6.93,1002.65,99.61
2025-12-24T19:37:27+00:00,6.94,1002.66,99.62
2025-12-24T19:37:42+00:00,6.95,1002.73,99.62
2025-12-24T19:37:57+00:00,6.93,1002.62,99.61
2025-12-24T19:38:12+00:00,6.94,1002.68,99.63
2025-12-24T19:38:27+00:00,6.95,1002.67,99.63
2025-12-24T19:38:42+00:00,6.95,1002.70,99.63
2025-12-24T19:38:57+00:00,6.95,1002.67,99.63
2025-12-24T19:39:12+00:00,6.96,1002.72,99.64
2025-12-24T19:39:27+00:00,6.96,1002.74,99.62
2025-12-24T19:39:42+00:00,6.96,1002.67,99.64
2025-12-24T19:39:57+00:00,6.97,1002.71,99.66
2025-12-24T19:40:12+00:00,6.97,1002.68,99.64
2025-12-24T19:40:27+00:00,6.96,1002.66,99.65
2025-12-24T19:40:42+00:00,6.97,1002.73,99.65
2025-12-24T19:40:57+00:00,6.98,1002.72,99.66
2025-12-24T19:41:12+00:00,6.97,1002.71,99.66
2025-12-24T19:41:27+00:00,6.98,1002.73,99.66
2025-12-24T19:41:42+00:00,6.98,1002.72,99.65
2025-12-24T19:41:57+00:00,6.98,1002.64,99.64
2025-12-24T19:42:12+00:00,6.99,1002.66,99.66
2025-12-24T19:42:27+00:00,6.99,1002.77,99.65
2025-12-24T19:42:42+00:00,6.99,1002.71,99.66
2025-12-24T19:42:57+00:00,7.00,1002.76,99.66
2025-12-24T19:43:12+00:00,7.00,1002.70,99.66
2025-12-24T19:43:27+00:00,7.01,1002.72,99.66
2025-12-24T19:43:42+00:00,7.01,1002.74,99.68
2025-12-24T19:43:57+00:00,7.01,1002.73,99.68
2025-12-24T19:44:12+00:00,7.01,1002.75,99.68
2025-12-24T19:44:27+00:00,7.02,1002.79,99.69
2025-12-24T19:44:42+00:00,7.02,1002.79,99.68
2025-12-24T19:44:57+00:00,7.02,1002.73,99.69
2025-12-24T19:45:12+00:00,7.03,1002.83,99.70
2025-12-24T19:45:27+00:00,7.02,1002.80,99.67
2025-12-24T19:45:42+00:00,7.03,1002.86,99.69
2025-12-24T19:45:57+00:00,7.03,1002.81,99.68
2025-12-24T19:46:12+00:00,7.03,1002.83,99.69
2025-12-24T19:46:27+00:00,7.04,1002.79,99.70
2025-12-24T19:46:42+00:00,7.04,1002.78,99.69
2025-12-24T19:46:57+00:00,7.04,1002.83,99.70
2025-12-24T19:47:12+00:00,7.04,1002.80,99.69
2025-12-24T19:47:27+00:00,7.04,1002.80,99.71
2025-12-24T19:47:42+00:00,7.05,1002.84,99.70
2025-12-24T19:47:57+00:00,7.05,1002.84,99.71
2025-12-24T19:48:12+00:00,7.05,1002.81,99.70
2025-12-24T19:48:27+00:00,7.05,1002.87,99.71
2025-12-24T19:48:42+00:00,7.04,1002.88,99.70
2025-12-24T19:48:57+00:00,7.05,1002.89,99.72
2025-12-24T19:49:12+00:00,7.05,1002.87,99.71
2025-12-24T19:49:27+00:00,7.05,1002.90,99.71
2025-12-24T19:49:42+00:00,7.05,1002.84,99.70
2025-12-24T19:49:57+00:00,7.05,1002.78,99.67
2025-12-24T19:50:12+00:00,7.05,1002.78,99.70
2025-12-24T19:50:27+00:00,7.04,1002.83,99.70
2025-12-24T19:50:42+00:00,7.05,1002.89,99.69
2025-12-24T19:50:57+00:00,7.03,1002.84,99.70
2025-12-24T19:51:12+00:00,7.03,1002.84,99.71
2025-12-24T19:51:27+00:00,7.03,1002.81,99.68
2025-12-24T19:51:42+00:00,7.02,1002.80,99.70
2025-12-24T19:51:57+00:00,7.03,1002.87,99.69
2025-12-24T19:52:12+00:00,7.02,1002.79,99.69
2025-12-24T19:52:27+00:00,7.01,1002.77,99.69
2025-12-24T19:52:42+00:00,7.01,1002.86,99.69
2025-12-24T19:52:57+00:00,7.02,1002.82,99.68
2025-12-24T19:53:12+00:00,7.02,1002.82,99.68
2025-12-24T19:53:27+00:00,7.01,1002.83,99.66
2025-12-24T19:53:42+00:00,7.01,1002.85,99.69
2025-12-24T19:53:57+00:00,7.01,1002.83,99.69
2025-12-24T19:54:12+00:00,7.00,1002.84,99.69
2025-12-24T19:54:27+00:00,7.01,1002.91,99.69
2025-12-24T19:54:42+00:00,6.99,1002.77,99.68
2025-12-24T19:54:57+00:00,6.99,1002.87,99.68
2025-12-24T19:55:12+00:00,6.98,1002.87,99.67
2025-12-24T19:55:27+00:00,6.98,1002.83,99.69
2025-12-24T19:55:42+00:00,6.99,1002.91,99.69
2025-12-24T19:55:57+00:00,6.98,1002.88,99.67
2025-12-24T19:56:12+00:00,6.98,1002.87,99.68
2025-12-24T19:56:27+00:00,6.98,1002.89,99.68
2025-12-24T19:56:42+00:00,6.98,1002.88,99.69
2025-12-24T19:56:57+00:00,6.98,1002.91,99.68
2025-12-24T19:57:12+00:00,6.98,1002.91,99.69
2025-12-24T19:57:27+00:00,6.97,1002.88,99.68
2025-12-24T19:57:42+00:00,6.97,1002.87,99.68
2025-12-24T19:57:57+00:00,6.96,1002.91,99.68
2025-12-24T19:58:12+00:00,6.96,1002.89,99.69
2025-12-24T19:58:27+00:00,6.97,1002.98,99.68
2025-12-24T19:58:42+00:00,6.96,1002.91,99.67
2025-12-24T19:58:57+00:00,6.97,1002.98,99.69
2025-12-24T19:59:12+00:00,6.96,1002.93,99.68
2025-12-24T19:59:27+00:00,6.96,1002.93,99.68
2025-12-24T19:59:42+00:00,6.95,1002.84,99.69
2025-12-24T19:59:57+00:00,6.96,1002.94,99.68
2025-12-24T20:00:12+00:00,6.96,1002.96,99.67
2025-12-24T20:00:27+00:00,6.96,1002.93,99.68
2025-12-24T20:00:42+00:00,6.96,1002.94,99.68
2025-12-24T20:00:57+00:00,6.97,1002.92,99.70
2025-12-24T20:01:12+00:00,6.96,1002.96,99.70
2025-12-24T20:01:27+00:00,6.96,1002.97,99.70
2025-12-24T20:01:42+00:00,6.96,1002.99,99.69
2025-12-24T20:01:57+00:00,6.97,1003.06,99.69
2025-12-24T20:02:12+00:00,6.98,1002.99,99.71
2025-12-24T20:02:27+00:00,6.97,1003.04,99.69
2025-12-24T20:02:42+00:00,6.98,1003.08,99.69
2025-12-24T20:02:57+00:00,6.98,1003.02,99.69
2025-12-24T20:03:12+00:00,6.98,1002.99,99.69
2025-12-24T20:03:27+00:00,6.98,1003.02,99.69
2025-12-24T20:03:42+00:00,6.99,1003.01,99.71
2025-12-24T20:03:57+00:00,6.99,1003.01,99.70
2025-12-24T20:04:12+00:00,6.99,1003.01,99.70
2025-12-24T20:04:27+00:00,6.98,1003.00,99.71
2025-12-24T20:04:42+00:00,6.99,1002.99,99.71
2025-12-24T20:04:57+00:00,6.99,1003.02,99.70
2025-12-24T20:05:12+00:00,7.00,1002.92,99.70
2025-12-24T20:05:27+00:00,6.99,1003.04,99.71
2025-12-24T20:05:42+00:00,7.01,1003.02,99.73
2025-12-24T20:05:57+00:00,7.01,1003.04,99.72
2025-12-24T20:06:12+00:00,7.00,1003.01,99.72
2025-12-24T20:06:27+00:00,7.01,1002.96,99.71
2025-12-24T20:06:42+00:00,7.01,1002.94,99.72
2025-12-24T20:06:57+00:00,7.01,1002.94,99.72
2025-12-24T20:07:12+00:00,7.01,1003.02,99.72
2025-12-24T20:07:27+00:00,7.02,1003.09,99.71
2025-12-24T20:07:42+00:00,7.01,1003.00,99.72
2025-12-24T20:07:57+00:00,7.02,1003.01,99.73
2025-12-24T20:08:12+00:00,7.02,1003.06,99.72
2025-12-24T20:08:27+00:00,7.02,1003.00,99.73
2025-12-24T20:08:42+00:00,7.03,1003.05,99.73
2025-12-24T20:08:57+00:00,7.03,1003.02,99.73
2025-12-24T20:09:12+00:00,7.04,1002.99,99.73
2025-12-24T20:09:27+00:00,7.04,1003.05,99.74
2025-12-24T20:09:42+00:00,7.05,1003.01,99.74
2025-12-24T20:09:57+00:00,7.06,1003.04,99.73
2025-12-24T20:10:12+00:00,7.06,1003.02,99.75
2025-12-24T20:10:27+00:00,7.06,1002.97,99.74
2025-12-24T20:10:42+00:00,7.07,1002.96,99.77
2025-12-24T20:10:57+00:00,7.07,1002.99,99.74
2025-12-24T20:11:12+00:00,7.08,1003.00,99.74
2025-12-24T20:11:27+00:00,7.08,1003.03,99.76
2025-12-24T20:11:42+00:00,7.09,1002.99,99.76
2025-12-24T20:11:57+00:00,7.09,1003.02,99.77
2025-12-24T20:12:12+00:00,7.08,1003.00,99.76
2025-12-24T20:12:27+00:00,7.09,1003.04,99.76
2025-12-24T20:12:42+00:00,7.08,1002.95,99.76
2025-12-24T20:12:57+00:00,7.09,1002.96,99.76
2025-12-24T20:13:12+00:00,7.10,1003.00,99.77
2025-12-24T20:13:27+00:00,7.11,1003.05,99.76
2025-12-24T20:13:42+00:00,7.11,1002.95,99.78
2025-12-24T20:13:57+00:00,7.11,1002.97,99.76
2025-12-24T20:14:12+00:00,7.11,1002.97,99.77
2025-12-24T20:14:27+00:00,7.12,1003.02,99.79
2025-12-24T20:14:42+00:00,7.14,1002.99,99.77
2025-12-24T20:14:57+00:00,7.15,1002.98,99.78
2025-12-24T20:15:12+00:00,7.15,1002.95,99.80
2025-12-24T20:15:27+00:00,7.15,1003.06,99.80
2025-12-24T20:15:42+00:00,7.15,1002.92,99.78
2025-12-24T20:15:57+00:00,7.15,1002.96,99.81
2025-12-24T20:16:12+00:00,7.15,1002.96,99.79
2025-12-24T20:16:27+00:00,7.15,1002.96,99.78
2025-12-24T20:16:42+00:00,7.17,1002.96,99.78
2025-12-24T20:16:57+00:00,7.17,1002.98,99.79
2025-12-24T20:17:12+00:00,7.15,1003.01,99.78
2025-12-24T20:17:27+00:00,7.15,1003.03,99.78
2025-12-24T20:17:42+00:00,7.16,1002.94,99.79
2025-12-24T20:17:57+00:00,7.16,1002.99,99.79
2025-12-24T20:18:12+00:00,7.16,1002.97,99.80
2025-12-24T20:18:27+00:00,7.15,1003.00,99.78
2025-12-24T20:18:42+00:00,7.15,1003.04,99.79
2025-12-24T20:18:57+00:00,7.15,1003.09,99.79
2025-12-24T20:19:12+00:00,7.14,1003.02,99.78
2025-12-24T20:19:27+00:00,7.14,1003.00,99.78
2025-12-24T20:19:42+00:00,7.14,1003.02,99.78
2025-12-24T20:19:57+00:00,7.15,1003.00,99.78
2025-12-24T20:20:12+00:00,7.15,1002.98,99.77
2025-12-24T20:20:27+00:00,7.15,1003.06,99.79
2025-12-24T20:20:42+00:00,7.15,1003.03,99.78
2025-12-24T20:20:57+00:00,7.15,1003.00,99.78
2025-12-24T20:21:12+00:00,7.15,1003.00,99.79
2025-12-24T20:21:27+00:00,7.16,1002.98,99.80
2025-12-24T20:21:42+00:00,7.16,1003.05,99.79
2025-12-24T20:21:57+00:00,7.16,1002.97,99.79
2025-12-24T20:22:12+00:00,7.16,1003.03,99.79
2025-12-24T20:22:27+00:00,7.17,1003.04,99.78
2025-12-24T20:22:42+00:00,7.17,1003.04,99.79
2025-12-24T20:22:57+00:00,7.17,1003.05,99.79
2025-12-24T20:23:12+00:00,7.17,1003.05,99.80
2025-12-24T20:23:27+00:00,7.17,1002.98,99.79
2025-12-24T20:23:42+00:00,7.17,1002.96,99.80
2025-12-24T20:23:57+00:00,7.17,1003.05,99.80
2025-12-24T20:24:12+00:00,7.17,1002.99,99.79
2025-12-24T20:24:27+00:00,7.17,1003.05,99.78
2025-12-24T20:24:42+00:00,7.17,1002.98,99.79
2025-12-24T20:24:57+00:00,7.17,1003.04,99.79
2025-12-24T20:25:12+00:00,7.17,1003.04,99.77
2025-12-24T20:25:27+00:00,7.16,1003.02,99.79
2025-12-24T20:25:42+00:00,7.15,1002.99,99.78
2025-12-24T20:25:57+00:00,7.16,1003.02,99.78
2025-12-24T20:26:12+00:00,7.16,1003.08,99.79
2025-12-24T20:26:27+00:00,7.16,1003.08,99.77
2025-12-24T20:26:42+00:00,7.17,1003.09,99.79
2025-12-24T20:26:57+00:00,7.16,1003.08,99.79
2025-12-24T20:27:12+00:00,7.16,1003.05,99.77
2025-12-24T20:27:27+00:00,7.17,1003.17,99.79
2025-12-24T20:27:42+00:00,7.16,1003.08,99.77
2025-12-24T20:27:57+00:00,7.16,1003.16,99.79
2025-12-24T20:28:12+00:00,7.16,1003.13,99.79
2025-12-24T20:28:27+00:00,7.16,1003.11,99.79
2025-12-24T20:28:42+00:00,7.17,1003.12,99.78
2025-12-24T20:28:57+00:00,7.18,1003.23,99.78
2025-12-24T20:29:12+00:00,7.19,1003.13,99.77
2025-12-24T20:29:27+00:00,7.18,1003.14,99.78
2025-12-24T20:29:42+00:00,7.19,1003.18,99.80
2025-12-24T20:29:57+00:00,7.19,1003.13,99.81
2025-12-24T20:30:12+00:00,7.20,1003.12,99.79
2025-12-24T20:30:27+00:00,7.21,1003.13,99.80
2025-12-24T20:30:42+00:00,7.21,1003.11,99.81
2025-12-24T20:30:57+00:00,7.21,1003.17,99.81
2025-12-24T20:31:12+00:00,7.22,1003.20,99.79
2025-12-24T20:31:27+00:00,7.22,1003.18,99.79
2025-12-24T20:31:42+00:00,7.22,1003.18,99.80
2025-12-24T20:31:57+00:00,7.22,1003.23,99.79
2025-12-24T20:32:12+00:00,7.22,1003.21,99.80
2025-12-24T20:32:27+00:00,7.23,1003.19,99.80
2025-12-24T20:32:42+00:00,7.23,1003.19,99.79
2025-12-24T20:32:57+00:00,7.23,1003.14,99.80
2025-12-24T20:33:12+00:00,7.23,1003.22,99.82
2025-12-24T20:33:27+00:00,7.22,1003.13,99.80
2025-12-24T20:33:42+00:00,7.23,1003.14,99.78
2025-12-24T20:33:57+00:00,7.24,1003.24,99.80
2025-12-24T20:34:12+00:00,7.23,1003.15,99.80
2025-12-24T20:34:27+00:00,7.24,1003.26,99.80
2025-12-24T20:34:42+00:00,7.25,1003.20,99.81
2025-12-24T20:34:57+00:00,7.24,1003.19,99.80
2025-12-24T20:35:12+00:00,7.26,1003.21,99.81
2025-12-24T20:35:27+00:00,7.27,1003.24,99.82
2025-12-24T20:35:42+00:00,7.27,1003.23,99.80
2025-12-24T20:35:57+00:00,7.27,1003.23,99.82
2025-12-24T20:36:12+00:00,7.27,1003.23,99.82
2025-12-24T20:36:27+00:00,7.28,1003.28,99.82
2025-12-24T20:36:42+00:00,7.28,1003.28,99.82
2025-12-24T20:36:57+00:00,7.28,1003.25,99.81
2025-12-24T20:37:12+00:00,7.28,1003.28,99.81
2025-12-24T20:37:27+00:00,7.29,1003.25,99.82
2025-12-24T20:37:42+00:00,7.30,1003.23,99.84
2025-12-24T20:37:57+00:00,7.31,1003.30,99.83
2025-12-24T20:38:12+00:00,7.33,1003.20,99.85
2025-12-24T20:38:27+00:00,7.34,1003.22,99.85
2025-12-24T20:38:42+00:00,7.35,1003.18,99.85
2025-12-24T20:38:57+00:00,7.35,1003.21,99.85
2025-12-24T20:39:12+00:00,7.38,1003.25,99.84
2025-12-24T20:39:27+00:00,7.38,1003.20,99.85
2025-12-24T20:39:42+00:00,7.38,1003.31,99.86
2025-12-24T20:39:57+00:00,7.38,1003.23,99.85
2025-12-24T20:40:12+00:00,7.40,1003.29,99.88
2025-12-24T20:40:27+00:00,7.41,1003.22,99.86
2025-12-24T20:40:42+00:00,7.41,1003.22,99.85
2025-12-24T20:40:57+00:00,7.42,1003.24,99.87
2025-12-24T20:41:12+00:00,7.44,1003.27,99.87
2025-12-24T20:41:27+00:00,7.44,1003.31,99.88
2025-12-24T20:41:42+00:00,7.46,1003.30,99.89
2025-12-24T20:41:57+00:00,7.46,1003.36,99.89
2025-12-24T20:42:12+00:00,7.49,1003.27,99.91
2025-12-24T20:42:27+00:00,7.50,1003.29,99.91
2025-12-24T20:42:42+00:00,7.51,1003.31,99.90
2025-12-24T20:42:57+00:00,7.52,1003.28,99.91
2025-12-24T20:43:12+00:00,7.53,1003.27,99.91
2025-12-24T20:43:27+00:00,7.54,1003.34,99.92
2025-12-24T20:43:42+00:00,7.54,1003.39,99.92
2025-12-24T20:43:57+00:00,7.55,1003.35,99.92
2025-12-24T20:44:12+00:00,7.57,1003.30,99.92
2025-12-24T20:44:27+00:00,7.58,1003.29,99.92
2025-12-24T20:44:42+00:00,7.60,1003.21,99.94
2025-12-24T20:44:57+00:00,7.61,1003.38,99.93
2025-12-24T20:45:12+00:00,7.60,1003.19,99.94
2025-12-24T20:45:27+00:00,7.61,1003.36,99.92
2025-12-24T20:45:42+00:00,7.60,1003.27,99.94
2025-12-24T20:45:57+00:00,7.62,1003.26,99.95
2025-12-24T20:46:12+00:00,7.63,1003.32,99.94
2025-12-24T20:46:27+00:00,7.63,1003.29,99.94
2025-12-24T20:46:42+00:00,7.64,1003.25,99.95
2025-12-24T20:46:57+00:00,7.65,1003.29,99.94
2025-12-24T20:47:12+00:00,7.65,1003.23,99.95
2025-12-24T20:47:27+00:00,7.65,1003.35,99.93
2025-12-24T20:47:42+00:00,7.66,1003.30,99.96
2025-12-24T20:47:57+00:00,7.65,1003.30,99.94
2025-12-24T20:48:12+00:00,7.66,1003.31,99.94
2025-12-24T20:48:27+00:00,7.66,1003.20,99.93
2025-12-24T20:48:42+00:00,7.67,1003.27,99.94
2025-12-24T20:48:57+00:00,7.67,1003.30,99.94
2025-12-24T20:49:12+00:00,7.67,1003.27,99.94
2025-12-24T20:49:27+00:00,7.69,1003.35,99.94
2025-12-24T20:49:42+00:00,7.70,1003.30,99.93
2025-12-24T20:49:57+00:00,7.71,1003.28,99.93
2025-12-24T20:50:12+00:00,7.73,1003.31,99.96
2025-12-24T20:50:27+00:00,7.72,1003.30,99.95
2025-12-24T20:50:42+00:00,7.73,1003.32,99.94
2025-12-24T20:50:57+00:00,7.73,1003.37,99.94
2025-12-24T20:51:12+00:00,7.74,1003.33,99.93
2025-12-24T20:51:27+00:00,7.73,1003.29,99.94
2025-12-24T20:51:42+00:00,7.74,1003.34,99.95
2025-12-24T20:51:57+00:00,7.75,1003.41,99.94
2025-12-24T20:52:12+00:00,7.76,1003.42,99.94
2025-12-24T20:52:27+00:00,7.76,1003.40,99.94
2025-12-24T20:52:42+00:00,7.77,1003.38,99.95
2025-12-24T20:52:57+00:00,7.77,1003.35,99.96
2025-12-24T20:53:12+00:00,7.77,1003.39,99.94
2025-12-24T20:53:27+00:00,7.78,1003.35,99.96
2025-12-24T20:53:42+00:00,7.80,1003.46,99.95
2025-12-24T20:53:57+00:00,7.80,1003.49,99.95
2025-12-24T20:54:12+00:00,7.81,1003.44,99.96
2025-12-24T20:54:27+00:00,7.81,1003.51,99.96
2025-12-24T20:54:42+00:00,7.82,1003.46,99.97
2025-12-24T20:54:57+00:00,7.82,1003.46,99.96
2025-12-24T20:55:12+00:00,7.82,1003.55,99.96
2025-12-24T20:55:27+00:00,7.83,1003.54,99.95
2025-12-24T20:55:42+00:00,7.83,1003.59,99.95
2025-12-24T20:55:57+00:00,7.84,1003.53,99.94
2025-12-24T20:56:12+00:00,7.84,1003.56,99.95
2025-12-24T20:56:27+00:00,7.84,1003.55,99.96
2025-12-24T20:56:42+00:00,7.84,1003.52,99.96
2025-12-24T20:56:57+00:00,7.84,1003.52,99.95
2025-12-24T20:57:12+00:00,7.84,1003.52,99.94
2025-12-24T20:57:27+00:00,7.84,1003.50,99.94
2025-12-24T20:57:42+00:00,7.84,1003.53,99.95
2025-12-24T20:57:57+00:00,7.83,1003.49,99.93
2025-12-24T20:58:12+00:00,7.85,1003.54,99.94
2025-12-24T20:58:27+00:00,7.84,1003.49,99.95
2025-12-24T20:58:42+00:00,7.84,1003.52,99.94
2025-12-24T20:58:57+00:00,7.83,1003.51,99.94
2025-12-24T20:59:12+00:00,7.83,1003.48,99.94
2025-12-24T20:59:27+00:00,7.83,1003.51,99.94
2025-12-24T20:59:42+00:00,7.82,1003.47,99.95
2025-12-24T20:59:57+00:00,7.82,1003.47,99.93
2025-12-24T21:00:12+00:00,7.81,1003.56,99.93
2025-12-24T21:00:27+00:00,7.81,1003.51,99.95
2025-12-24T21:00:42+00:00,7.80,1003.46,99.93
2025-12-24T21:00:57+00:00,7.78,1003.48,99.92
2025-12-24T21:01:12+00:00,7.78,1003.48,99.92
2025-12-24T21:01:27+00:00,7.78,1003.51,99.92
2025-12-24T21:01:42+00:00,7.77,1003.49,99.93
2025-12-24T21:01:57+00:00,7.77,1003.50,99.93
2025-12-24T21:02:12+00:00,7.76,1003.51,99.92
2025-12-24T21:02:27+00:00,7.76,1003.50,99.92
2025-12-24T21:02:42+00:00,7.75,1003.49,99.91
2025-12-24T21:02:57+00:00,7.74,1003.55,99.91
2025-12-24T21:03:12+00:00,7.74,1003.49,99.91
2025-12-24T21:03:27+00:00,7.73,1003.51,99.92
2025-12-24T21:03:42+00:00,7.72,1003.48,99.91
2025-12-24T21:03:57+00:00,7.71,1003.56,99.91
2025-12-24T21:04:12+00:00,7.71,1003.55,99.90
2025-12-24T21:04:27+00:00,7.70,1003.49,99.91
2025-12-24T21:04:42+00:00,7.69,1003.58,99.90
2025-12-24T21:04:57+00:00,7.69,1003.57,99.89
2025-12-24T21:05:12+00:00,7.67,1003.57,99.90
2025-12-24T21:05:27+00:00,7.67,1003.56,99.90
2025-12-24T21:05:42+00:00,7.66,1003.53,99.90
2025-12-24T21:05:57+00:00,7.65,1003.51,99.89
2025-12-24T21:06:12+00:00,7.66,1003.52,99.88
2025-12-24T21:06:27+00:00,7.64,1003.58,99.87
2025-12-24T21:06:42+00:00,7.64,1003.60,99.88
2025-12-24T21:06:57+00:00,7.63,1003.56,99.89
2025-12-24T21:07:12+00:00,7.62,1003.51,99.87
2025-12-24T21:07:27+00:00,7.62,1003.62,99.89
2025-12-24T21:07:42+00:00,7.61,1003.55,99.86
2025-12-24T21:07:57+00:00,7.61,1003.60,99.88
2025-12-24T21:08:12+00:00,7.60,1003.61,99.88
2025-12-24T21:08:27+00:00,7.59,1003.63,99.87
2025-12-24T21:08:42+00:00,7.59,1003.59,99.87
2025-12-24T21:08:57+00:00,7.59,1003.57,99.88
2025-12-24T21:09:12+00:00,7.59,1003.63,99.86
2025-12-24T21:09:27+00:00,7.58,1003.60,99.87
2025-12-24T21:09:42+00:00,7.58,1003.59,99.87
2025-12-24T21:09:57+00:00,7.58,1003.61,99.87
2025-12-24T21:10:12+00:00,7.58,1003.67,99.86
2025-12-24T21:10:27+00:00,7.58,1003.60,99.88
2025-12-24T21:10:42+00:00,7.58,1003.60,99.87
2025-12-24T21:10:57+00:00,7.59,1003.57,99.88
2025-12-24T21:11:12+00:00,7.59,1003.59,99.87
2025-12-24T21:11:27+00:00,7.59,1003.57,99.89
2025-12-24T21:11:42+00:00,7.59,1003.65,99.87
2025-12-24T21:11:57+00:00,7.59,1003.59,99.87
2025-12-24T21:12:12+00:00,7.59,1003.55,99.88
2025-12-24T21:12:27+00:00,7.60,1003.47,99.89
2025-12-24T21:12:42+00:00,7.60,1003.59,99.88
2025-12-24T21:12:57+00:00,7.60,1003.56,99.89
2025-12-24T21:13:12+00:00,7.60,1003.59,99.89
2025-12-24T21:13:27+00:00,7.60,1003.50,99.89
2025-12-24T21:13:42+00:00,7.60,1003.65,99.89
2025-12-24T21:13:57+00:00,7.61,1003.61,99.88
2025-12-24T21:14:12+00:00,7.61,1003.66,99.90
2025-12-24T21:14:27+00:00,7.60,1003.59,99.89
2025-12-24T21:14:42+00:00,7.61,1003.66,99.89
2025-12-24T21:14:57+00:00,7.61,1003.61,99.90
2025-12-24T21:15:12+00:00,7.62,1003.67,99.88
2025-12-24T21:15:27+00:00,7.63,1003.63,99.89
2025-12-24T21:15:42+00:00,7.60,1003.64,99.89
2025-12-24T21:15:57+00:00,7.61,1003.63,99.89
2025-12-24T21:16:12+00:00,7.61,1003.61,99.90
2025-12-24T21:16:27+00:00,7.62,1003.64,99.90
2025-12-24T21:16:42+00:00,7.62,1003.59,99.91
2025-12-24T21:16:57+00:00,7.61,1003.66,99.90
2025-12-24T21:17:12+00:00,7.62,1003.62,99.91
2025-12-24T21:17:27+00:00,7.62,1003.62,99.90
2025-12-24T21:17:42+00:00,7.63,1003.64,99.91
2025-12-24T21:17:57+00:00,7.64,1003.60,99.91
2025-12-24T21:18:12+00:00,7.66,1003.68,99.92
2025-12-24T21:18:27+00:00,7.66,1003.66,99.91
2025-12-24T21:18:42+00:00,7.66,1003.63,99.91
2025-12-24T21:18:57+00:00,7.66,1003.74,99.92
2025-12-24T21:19:12+00:00,7.65,1003.70,99.90
2025-12-24T21:19:27+00:00,7.65,1003.67,99.90
2025-12-24T21:19:42+00:00,7.66,1003.68,99.91
2025-12-24T21:19:57+00:00,7.67,1003.65,99.91
2025-12-24T21:20:12+00:00,7.67,1003.71,99.93
2025-12-24T21:20:27+00:00,7.66,1003.75,99.91
2025-12-24T21:20:42+00:00,7.67,1003.73,99.90
2025-12-24T21:20:57+00:00,7.67,1003.73,99.92
2025-12-24T21:21:12+00:00,7.67,1003.68,99.91
2025-12-24T21:21:27+00:00,7.67,1003.73,99.92
2025-12-24T21:21:42+00:00,7.67,1003.71,99.93
2025-12-24T21:21:57+00:00,7.69,1003.71,99.92
2025-12-24T21:22:12+00:00,7.69,1003.74,99.91
2025-12-24T21:22:27+00:00,7.70,1003.70,99.94
2025-12-24T21:22:42+00:00,7.71,1003.75,99.95
2025-12-24T21:22:57+00:00,7.71,1003.72,99.94
2025-12-24T21:23:12+00:00,7.74,1003.77,99.94
2025-12-24T21:23:27+00:00,7.74,1003.77,99.94
2025-12-24T21:23:42+00:00,7.75,1003.68,99.95
2025-12-24T21:23:57+00:00,7.77,1003.82,99.97
2025-12-24T21:24:12+00:00,7.77,1003.79,99.95
2025-12-24T21:24:27+00:00,7.78,1003.78,99.94
2025-12-24T21:24:42+00:00,7.80,1003.81,99.95
2025-12-24T21:24:57+00:00,7.82,1003.81,99.98
2025-12-24T21:25:12+00:00,7.84,1003.85,99.97
2025-12-24T21:25:27+00:00,7.84,1003.80,99.96
2025-12-24T21:25:42+00:00,7.87,1003.82,99.99
2025-12-24T21:25:57+00:00,7.87,1003.88,99.98
2025-12-24T21:26:12+00:00,7.88,1003.73,99.99
2025-12-24T21:26:27+00:00,7.90,1003.87,100.00
2025-12-24T21:26:42+00:00,7.91,1003.78,99.99
2025-12-24T21:26:57+00:00,7.94,1003.86,99.98
2025-12-24T21:27:12+00:00,7.96,1003.87,99.98
2025-12-24T21:27:27+00:00,7.98,1003.86,99.98
2025-12-24T21:27:42+00:00,7.99,1003.75,99.99
2025-12-24T21:27:57+00:00,8.02,1003.80,100.00
2025-12-24T21:28:12+00:00,8.03,1003.87,100.00
2025-12-24T21:28:27+00:00,8.05,1003.90,99.99
2025-12-24T21:28:42+00:00,8.06,1003.89,100.00
2025-12-24T21:28:57+00:00,8.06,1003.83,99.99
2025-12-24T21:29:12+00:00,8.06,1003.86,99.99
2025-12-24T21:29:27+00:00,8.07,1003.89,100.00
2025-12-24T21:29:42+00:00,8.07,1003.86,99.99
2025-12-24T21:29:57+00:00,8.07,1003.86,100.00
2025-12-24T21:30:12+00:00,8.06,1003.87,99.98
2025-12-24T21:30:27+00:00,8.07,1003.88,99.98
2025-12-24T21:30:42+00:00,8.06,1003.90,100.00
2025-12-24T21:30:57+00:00,8.08,1003.89,99.97
2025-12-24T21:31:12+00:00,8.07,1003.83,99.99
2025-12-24T21:31:27+00:00,8.07,1003.85,99.98
2025-12-24T21:31:42+00:00,8.07,1003.94,99.98
2025-12-24T21:31:57+00:00,8.07,1003.82,99.98
2025-12-24T21:32:12+00:00,8.08,1003.89,99.99
2025-12-24T21:32:27+00:00,8.08,1003.90,99.98
2025-12-24T21:32:42+00:00,8.08,1003.85,99.98
2025-12-24T21:32:57+00:00,8.09,1003.80,99.98
2025-12-24T21:33:12+00:00,8.08,1003.85,100.00
2025-12-24T21:33:27+00:00,8.10,1003.93,99.99
2025-12-24T21:33:42+00:00,8.09,1003.92,99.98
2025-12-24T21:33:57+00:00,8.09,1003.83,100.00
2025-12-24T21:34:12+00:00,8.09,1003.83,99.98
2025-12-24T21:34:27+00:00,8.10,1003.87,99.99
2025-12-24T21:34:42+00:00,8.10,1003.83,100.00
2025-12-24T21:34:57+00:00,8.10,1003.83,99.98
2025-12-24T21:35:12+00:00,8.11,1003.84,99.98
2025-12-24T21:35:27+00:00,8.10,1003.93,100.00
2025-12-24T21:35:42+00:00,8.11,1003.89,100.00
2025-12-24T21:35:57+00:00,8.12,1003.89,100.00
2025-12-24T21:36:12+00:00,8.11,1003.90,99.99
2025-12-24T21:36:27+00:00,8.12,1003.85,99.98
2025-12-24T21:36:42+00:00,8.13,1003.90,100.00
2025-12-24T21:36:57+00:00,8.12,1003.91,99.98
2025-12-24T21:37:12+00:00,8.13,1003.88,99.99
2025-12-24T21:37:27+00:00,8.11,1003.79,100.00
2025-12-24T21:37:42+00:00,8.12,1003.89,99.98
2025-12-24T21:37:57+00:00,8.12,1003.81,99.98
2025-12-24T21:38:12+00:00,8.11,1003.84,99.99
2025-12-24T21:38:27+00:00,8.11,1003.84,99.99
2025-12-24T21:38:42+00:00,8.12,1003.83,99.98
2025-12-24T21:38:57+00:00,8.12,1003.91,100.00
2025-12-24T21:39:12+00:00,8.13,1003.90,100.00
2025-12-24T21:39:27+00:00,8.13,1003.90,99.97
2025-12-24T21:39:42+00:00,8.13,1003.88,99.99
2025-12-24T21:39:57+00:00,8.13,1003.80,100.00
2025-12-24T21:40:12+00:00,8.13,1003.80,99.99
2025-12-24T21:40:27+00:00,8.13,1003.90,99.98
2025-12-24T21:40:42+00:00,8.14,1003.86,99.98
2025-12-24T21:40:57+00:00,8.14,1003.95,99.98
2025-12-24T21:41:12+00:00,8.15,1003.86,100.00
2025-12-24T21:41:27+00:00,8.15,1003.85,100.00
2025-12-24T21:41:42+00:00,8.16,1003.92,100.00
2025-12-24T21:41:57+00:00,8.14,1003.89,100.00
2025-12-24T21:42:12+00:00,8.15,1003.91,99.99
2025-12-24T21:42:27+00:00,8.16,1003.95,100.00
2025-12-24T21:42:42+00:00,8.16,1003.90,100.00
2025-12-24T21:42:57+00:00,8.16,1003.95,100.00
2025-12-24T21:43:12+00:00,8.16,1003.93,100.00
2025-12-24T21:43:27+00:00,8.16,1003.93,99.98
2025-12-24T21:43:42+00:00,8.16,1003.90,99.99
2025-12-24T21:43:57+00:00,8.16,1003.82,100.00
2025-12-24T21:44:12+00:00,8.17,1003.94,100.00
2025-12-24T21:44:27+00:00,8.18,1003.93,100.00
2025-12-24T21:44:42+00:00,8.18,1003.91,99.99
2025-12-24T21:44:57+00:00,8.18,1003.88,100.00
2025-12-24T21:45:12+00:00,8.18,1003.96,100.00
2025-12-24T21:45:27+00:00,8.19,1003.98,100.00
2025-12-24T21:45:42+00:00,8.19,1003.87,100.00
2025-12-24T21:45:57+00:00,8.20,1003.91,99.99
2025-12-24T21:46:12+00:00,8.19,1003.92,99.99
2025-12-24T21:46:27+00:00,8.19,1003.97,100.00
2025-12-24T21:46:42+00:00,8.21,1003.95,100.00
2025-12-24T21:46:57+00:00,8.20,1003.99,99.99
2025-12-24T21:47:12+00:00,8.20,1003.94,99.99
2025-12-24T21:47:27+00:00,8.21,1003.96,99.99
2025-12-24T21:47:42+00:00,8.20,1003.97,99.98
2025-12-24T21:47:57+00:00,8.21,1003.93,99.99
2025-12-24T21:48:12+00:00,8.21,1004.03,100.00
2025-12-24T21:48:27+00:00,8.20,1003.93,99.99
2025-12-24T21:48:42+00:00,8.19,1003.98,99.97
2025-12-24T21:48:57+00:00,8.20,1004.01,99.97
2025-12-24T21:49:12+00:00,8.20,1004.02,99.98
2025-12-24T21:49:27+00:00,8.18,1004.01,99.98
2025-12-24T21:49:42+00:00,8.19,1004.02,99.97
2025-12-24T21:49:57+00:00,8.20,1004.01,99.98
2025-12-24T21:50:12+00:00,8.19,1003.92,99.98
2025-12-24T21:50:27+00:00,8.19,1003.98,99.97
2025-12-24T21:50:42+00:00,8.19,1004.03,99.96
2025-12-24T21:50:57+00:00,8.20,1003.96,99.97
2025-12-24T21:51:12+00:00,8.20,1003.96,99.96
2025-12-24T21:51:27+00:00,8.20,1003.99,99.96
2025-12-24T21:51:42+00:00,8.20,1004.08,99.97
2025-12-24T21:51:57+00:00,8.20,1004.01,99.97
2025-12-24T21:52:12+00:00,8.21,1004.12,99.97
2025-12-24T21:52:27+00:00,8.21,1004.11,99.96
2025-12-24T21:52:42+00:00,8.21,1004.01,99.97
2025-12-24T21:52:57+00:00,8.22,1004.05,99.96
2025-12-24T21:53:12+00:00,8.22,1004.10,99.95
2025-12-24T21:53:27+00:00,8.22,1004.05,99.97
2025-12-24T21:53:42+00:00,8.22,1004.13,99.95
2025-12-24T21:53:57+00:00,8.21,1004.04,99.97
2025-12-24T21:54:12+00:00,8.21,1004.12,99.96
2025-12-24T21:54:27+00:00,8.23,1004.07,99.96
2025-12-24T21:54:42+00:00,8.23,1004.10,99.95
2025-12-24T21:54:57+00:00,8.23,1004.04,99.97
2025-12-24T21:55:12+00:00,8.23,1004.07,99.96
2025-12-24T21:55:27+00:00,8.24,1004.14,99.95
2025-12-24T21:55:42+00:00,8.23,1004.10,99.95
2025-12-24T21:55:57+00:00,8.23,1004.09,99.95
2025-12-24T21:56:12+00:00,8.23,1004.07,99.95
2025-12-24T21:56:27+00:00,8.22,1004.03,99.94
2025-12-24T21:56:42+00:00,8.21,1004.06,99.96
2025-12-24T21:56:57+00:00,8.22,1004.05,99.95
2025-12-24T21:57:12+00:00,8.22,1004.05,99.95
2025-12-24T21:57:27+00:00,8.23,1004.14,99.94
2025-12-24T21:57:42+00:00,8.23,1004.02,99.94
2025-12-24T21:57:57+00:00,8.24,1004.11,99.93
2025-12-24T21:58:12+00:00,8.24,1004.11,99.92
2025-12-24T21:58:27+00:00,8.24,1004.11,99.92
2025-12-24T21:58:42+00:00,8.23,1004.09,99.93
2025-12-24T21:58:57+00:00,8.23,1004.04,99.93
2025-12-24T21:59:12+00:00,8.24,1004.16,99.93
2025-12-24T21:59:27+00:00,8.24,1004.11,99.92
2025-12-24T21:59:42+00:00,8.24,1004.11,99.92
2025-12-24T21:59:57+00:00,8.23,1004.18,99.91
2025-12-24T22:00:12+00:00,8.23,1004.10,99.91
2025-12-24T22:00:27+00:00,8.23,1004.15,99.92
2025-12-24T22:00:42+00:00,8.23,1004.14,99.90
2025-12-24T22:00:57+00:00,8.24,1004.08,99.92
2025-12-24T22:01:12+00:00,8.23,1004.26,99.92
2025-12-24T22:01:27+00:00,8.24,1004.09,99.91
2025-12-24T22:01:42+00:00,8.24,1004.14,99.90
2025-12-24T22:01:57+00:00,8.23,1004.10,99.90
2025-12-24T22:02:12+00:00,8.23,1004.14,99.90
2025-12-24T22:02:27+00:00,8.22,1004.11,99.88
2025-12-24T22:02:42+00:00,8.22,1004.11,99.88
2025-12-24T22:02:57+00:00,8.22,1004.13,99.89
2025-12-24T22:03:12+00:00,8.23,1004.14,99.88
2025-12-24T22:03:27+00:00,8.23,1004.18,99.88
2025-12-24T22:03:42+00:00,8.23,1004.14,99.88
2025-12-24T22:03:57+00:00,8.22,1004.13,99.87
2025-12-24T22:04:12+00:00,8.22,1004.10,99.88
2025-12-24T22:04:27+00:00,8.22,1004.13,99.88
2025-12-24T22:04:42+00:00,8.21,1004.11,99.87
2025-12-24T22:04:57+00:00,8.20,1004.16,99.86
2025-12-24T22:05:12+00:00,8.20,1004.13,99.87
2025-12-24T22:05:27+00:00,8.19,1004.09,99.86
2025-12-24T22:05:42+00:00,8.20,1004.12,99.85
2025-12-24T22:05:57+00:00,8.20,1004.15,99.85
2025-12-24T22:06:12+00:00,8.19,1004.21,99.86
2025-12-24T22:06:27+00:00,8.18,1004.12,99.85
2025-12-24T22:06:42+00:00,8.17,1004.08,99.84
2025-12-24T22:06:57+00:00,8.17,1004.10,99.85
2025-12-24T22:07:12+00:00,8.16,1004.17,99.82
2025-12-24T22:07:27+00:00,8.17,1004.18,99.83
2025-12-24T22:07:42+00:00,8.15,1004.15,99.83
2025-12-24T22:07:57+00:00,8.16,1004.14,99.82
2025-12-24T22:08:12+00:00,8.17,1004.18,99.83
2025-12-24T22:08:27+00:00,8.16,1004.14,99.83
2025-12-24T22:08:42+00:00,8.17,1004.16,99.82
2025-12-24T22:08:57+00:00,8.17,1004.13,99.84
2025-12-24T22:09:12+00:00,8.17,1004.13,99.83
2025-12-24T22:09:27+00:00,8.17,1004.11,99.82
2025-12-24T22:09:42+00:00,8.17,1004.16,99.83
2025-12-24T22:09:57+00:00,8.17,1004.19,99.82
2025-12-24T22:10:12+00:00,8.17,1004.18,99.81
2025-12-24T22:10:27+00:00,8.17,1004.13,99.82
2025-12-24T22:10:42+00:00,8.18,1004.22,99.82
2025-12-24T22:10:57+00:00,8.18,1004.18,99.81
2025-12-24T22:11:12+00:00,8.19,1004.16,99.82
2025-12-24T22:11:27+00:00,8.20,1004.18,99.83
2025-12-24T22:11:42+00:00,8.20,1004.26,99.83
2025-12-24T22:11:57+00:00,8.21,1004.25,99.83
2025-12-24T22:12:12+00:00,8.20,1004.16,99.81
2025-12-24T22:12:27+00:00,8.21,1004.17,99.81
2025-12-24T22:12:42+00:00,8.20,1004.24,99.79
2025-12-24T22:12:57+00:00,8.21,1004.27,99.81
2025-12-24T22:13:12+00:00,8.19,1004.17,99.82
2025-12-24T22:13:27+00:00,8.19,1004.27,99.82
2025-12-24T22:13:42+00:00,8.19,1004.25,99.81
2025-12-24T22:13:57+00:00,8.19,1004.25,99.80
2025-12-24T22:14:12+00:00,8.19,1004.33,99.79
2025-12-24T22:14:27+00:00,8.20,1004.26,99.81
2025-12-24T22:14:42+00:00,8.19,1004.24,99.80
2025-12-24T22:14:57+00:00,8.19,1004.35,99.81
2025-12-24T22:15:12+00:00,8.18,1004.23,99.81
2025-12-24T22:15:27+00:00,8.19,1004.32,99.82
2025-12-24T22:15:42+00:00,8.19,1004.28,99.81
2025-12-24T22:15:57+00:00,8.18,1004.37,99.82
2025-12-24T22:16:12+00:00,8.18,1004.34,99.81
2025-12-24T22:16:27+00:00,8.19,1004.30,99.82
2025-12-24T22:16:42+00:00,8.19,1004.29,99.82
2025-12-24T22:16:57+00:00,8.19,1004.35,99.82
2025-12-24T22:17:12+00:00,8.19,1004.28,99.82
2025-12-24T22:17:27+00:00,8.19,1004.38,99.82
2025-12-24T22:17:42+00:00,8.20,1004.31,99.82
2025-12-24T22:17:57+00:00,8.19,1004.35,99.83
2025-12-24T22:18:12+00:00,8.20,1004.37,99.83
2025-12-24T22:18:27+00:00,8.20,1004.31,99.84
2025-12-24T22:18:42+00:00,8.20,1004.36,99.85
2025-12-24T22:18:57+00:00,8.19,1004.35,99.84
2025-12-24T22:19:12+00:00,8.19,1004.41,99.83
2025-12-24T22:19:27+00:00,8.19,1004.38,99.84
2025-12-24T22:19:42+00:00,8.19,1004.38,99.84
2025-12-24T22:19:57+00:00,8.19,1004.40,99.84
2025-12-24T22:20:12+00:00,8.20,1004.42,99.84
2025-12-24T22:20:27+00:00,8.21,1004.39,99.85
2025-12-24T22:20:42+00:00,8.21,1004.27,99.84
2025-12-24T22:20:57+00:00,8.22,1004.32,99.83
2025-12-24T22:21:12+00:00,8.22,1004.32,99.85
2025-12-24T22:21:27+00:00,8.21,1004.31,99.85
2025-12-24T22:21:42+00:00,8.21,1004.42,99.84
2025-12-24T22:21:57+00:00,8.22,1004.43,99.84
2025-12-24T22:22:12+00:00,8.22,1004.29,99.85
2025-12-24T22:22:27+00:00,8.22,1004.29,99.85
2025-12-24T22:22:42+00:00,8.21,1004.31,99.86
2025-12-24T22:22:57+00:00,8.21,1004.39,99.85
2025-12-24T22:23:12+00:00,8.22,1004.45,99.86
2025-12-24T22:23:27+00:00,8.22,1004.33,99.85
2025-12-24T22:23:42+00:00,8.21,1004.31,99.87
2025-12-24T22:23:57+00:00,8.21,1004.39,99.87
2025-12-24T22:24:12+00:00,8.21,1004.33,99.86
2025-12-24T22:24:27+00:00,8.21,1004.39,99.84
2025-12-24T22:24:42+00:00,8.21,1004.44,99.86
2025-12-24T22:24:57+00:00,8.21,1004.41,99.86
2025-12-24T22:25:12+00:00,8.22,1004.32,99.87
2025-12-24T22:25:27+00:00,8.20,1004.37,99.86
2025-12-24T22:25:42+00:00,8.22,1004.32,99.88
2025-12-24T22:25:57+00:00,8.22,1004.41,99.86
2025-12-24T22:26:12+00:00,8.22,1004.41,99.87
2025-12-24T22:26:27+00:00,8.20,1004.51,99.88
2025-12-24T22:26:42+00:00,8.20,1004.37,99.88
2025-12-24T22:26:57+00:00,8.20,1004.48,99.86
2025-12-24T22:27:12+00:00,8.21,1004.46,99.87
2025-12-24T22:27:27+00:00,8.20,1004.45,99.87
2025-12-24T22:27:42+00:00,8.20,1004.53,99.87
2025-12-24T22:27:57+00:00,8.19,1004.46,99.87
2025-12-24T22:28:12+00:00,8.20,1004.45,99.87
2025-12-24T22:28:27+00:00,8.20,1004.45,99.89
2025-12-24T22:28:42+00:00,8.19,1004.49,99.88
2025-12-24T22:28:57+00:00,8.20,1004.53,99.87
2025-12-24T22:29:12+00:00,8.19,1004.49,99.89
2025-12-24T22:29:27+00:00,8.20,1004.47,99.88
2025-12-24T22:29:42+00:00,8.18,1004.50,99.88
2025-12-24T22:29:57+00:00,8.18,1004.50,99.87
2025-12-24T22:30:12+00:00,8.18,1004.50,99.89
2025-12-24T22:30:27+00:00,8.18,1004.63,99.87
2025-12-24T22:30:42+00:00,8.19,1004.46,99.89
2025-12-24T22:30:57+00:00,8.19,1004.48,99.88
2025-12-24T22:31:12+00:00,8.19,1004.54,99.88
2025-12-24T22:31:27+00:00,8.19,1004.48,99.90
2025-12-24T22:31:42+00:00,8.20,1004.48,99.90
2025-12-24T22:31:57+00:00,8.21,1004.60,99.89
2025-12-24T22:32:12+00:00,8.21,1004.53,99.91
2025-12-24T22:32:27+00:00,8.22,1004.56,99.90
2025-12-24T22:32:42+00:00,8.21,1004.50,99.90
2025-12-24T22:32:57+00:00,8.22,1004.59,99.91
2025-12-24T22:33:12+00:00,8.22,1004.53,99.90
2025-12-24T22:33:27+00:00,8.22,1004.54,99.92
2025-12-24T22:33:42+00:00,8.21,1004.53,99.89
2025-12-24T22:33:57+00:00,8.21,1004.63,99.90
2025-12-24T22:34:12+00:00,8.22,1004.56,99.90
2025-12-24T22:34:27+00:00,8.21,1004.58,99.89
2025-12-24T22:34:42+00:00,8.21,1004.58,99.93
2025-12-24T22:34:57+00:00,8.20,1004.64,99.90
2025-12-24T22:35:12+00:00,8.20,1004.54,99.91
2025-12-24T22:35:27+00:00,8.21,1004.53,99.90
2025-12-24T22:35:42+00:00,8.22,1004.59,99.90
2025-12-24T22:35:57+00:00,8.21,1004.55,99.88
2025-12-24T22:36:12+00:00,8.22,1004.61,99.90
2025-12-24T22:36:27+00:00,8.21,1004.55,99.91
2025-12-24T22:36:42+00:00,8.21,1004.58,99.90
2025-12-24T22:36:57+00:00,8.21,1004.63,99.89
2025-12-24T22:37:12+00:00,8.21,1004.58,99.90
2025-12-24T22:37:27+00:00,8.20,1004.59,99.89
2025-12-24T22:37:42+00:00,8.20,1004.53,99.90
2025-12-24T22:37:57+00:00,8.20,1004.55,99.89
2025-12-24T22:38:12+00:00,8.19,1004.60,99.91
2025-12-24T22:38:27+00:00,8.20,1004.55,99.89
2025-12-24T22:38:42+00:00,8.20,1004.59,99.89
2025-12-24T22:38:57+00:00,8.20,1004.58,99.90
2025-12-24T22:39:12+00:00,8.18,1004.61,99.89
2025-12-24T22:39:27+00:00,8.20,1004.58,99.90
2025-12-24T22:39:42+00:00,8.20,1004.58,99.88
2025-12-24T22:39:57+00:00,8.20,1004.53,99.91
2025-12-24T22:40:12+00:00,8.19,1004.60,99.89
2025-12-24T22:40:27+00:00,8.20,1004.50,99.90
2025-12-24T22:40:42+00:00,8.19,1004.68,99.89
2025-12-24T22:40:57+00:00,8.20,1004.64,99.89
2025-12-24T22:41:12+00:00,8.19,1004.63,99.85
2025-12-24T22:41:27+00:00,8.19,1004.51,99.87
2025-12-24T22:41:42+00:00,8.19,1004.57,99.86
2025-12-24T22:41:57+00:00,8.20,1004.58,99.86
2025-12-24T22:42:12+00:00,8.20,1004.54,99.85
2025-12-24T22:42:27+00:00,8.20,1004.62,99.86
2025-12-24T22:42:42+00:00,8.20,1004.64,99.86
2025-12-24T22:42:57+00:00,8.20,1004.64,99.86
2025-12-24T22:43:12+00:00,8.19,1004.65,99.86
2025-12-24T22:43:27+00:00,8.19,1004.60,99.85
2025-12-24T22:43:42+00:00,8.19,1004.63,99.84
2025-12-24T22:43:57+00:00,8.18,1004.67,99.83
2025-12-24T22:44:12+00:00,8.19,1004.63,99.84
2025-12-24T22:44:27+00:00,8.19,1004.68,99.83
2025-12-24T22:44:42+00:00,8.18,1004.69,99.84
2025-12-24T22:44:57+00:00,8.18,1004.64,99.84
2025-12-24T22:45:12+00:00,8.17,1004.70,99.84
2025-12-24T22:45:27+00:00,8.16,1004.65,99.82
2025-12-24T22:45:42+00:00,8.16,1004.60,99.83
2025-12-24T22:45:57+00:00,8.15,1004.67,99.84
2025-12-24T22:46:12+00:00,8.14,1004.68,99.83
2025-12-24T22:46:27+00:00,8.13,1004.66,99.84
2025-12-24T22:46:42+00:00,8.13,1004.64,99.82
2025-12-24T22:46:57+00:00,8.13,1004.69,99.82
2025-12-24T22:47:12+00:00,8.11,1004.68,99.82
2025-12-24T22:47:27+00:00,8.12,1004.75,99.81
2025-12-24T22:47:42+00:00,8.12,1004.62,99.80
2025-12-24T22:47:57+00:00,8.12,1004.67,99.82
2025-12-24T22:48:12+00:00,8.10,1004.61,99.83
2025-12-24T22:48:27+00:00,8.11,1004.70,99.82
2025-12-24T22:48:42+00:00,8.11,1004.68,99.81
2025-12-24T22:48:57+00:00,8.09,1004.68,99.81
2025-12-24T22:49:12+00:00,8.09,1004.68,99.81
2025-12-24T22:49:27+00:00,8.08,1004.69,99.82
2025-12-24T22:49:42+00:00,8.08,1004.74,99.80
2025-12-24T22:49:57+00:00,8.08,1004.74,99.80
2025-12-24T22:50:12+00:00,8.09,1004.67,99.81
2025-12-24T22:50:27+00:00,8.10,1004.71,99.82
2025-12-24T22:50:42+00:00,8.13,1004.69,99.86
2025-12-24T22:50:57+00:00,8.20,1004.62,99.87
2025-12-24T22:51:12+00:00,8.22,1004.68,99.89
2025-12-24T22:51:27+00:00,8.25,1004.66,99.90
2025-12-24T22:51:42+00:00,8.25,1004.67,99.90
